{"type": "FeatureCollection", "features": [{"type": "Feature", "id": "pilot_r027_c032", "geometry": {"type": "Polygon", "coordinates": [[[-67.048007, 10.5754876], [-67.0457612, 10.5754876], [-67.0457612, 10.5776952], [-67.048007, 10.5776952], [-67.048007, 10.5754876]]]}, "properties": {"cellId": "pilot_r027_c032", "coveredByAois": ["external-msft-catia-la-mar-predicted-damage"], "stackStatus": "before_after", "firstVisibleAcquisitionUtc": "2026-06-25T15:17:49.499492Z", "hoursAfterEvent": 17.22, "timeWindow": "0_24h", "evidenceTier": "cross_model_positive", "consensus": "both_positive", "priorityScore": 180, "assetCategories": ["collection_or_staging", "debris_clearance", "temporary_shelter"], "cropPairIds": [], "publicationStatus": "ai-triage-native-review-required", "arrivalInterpretation": "This acquisition provides an earliest visible bound within the available imagery, not the actual arrival time of assistance."}}, {"type": "Feature", "id": "pilot_r003_c060", "geometry": {"type": "Polygon", "coordinates": [[[-66.985125, 10.5224996], [-66.9828792, 10.5224996], [-66.9828792, 10.5247076], [-66.985125, 10.5247076], [-66.985125, 10.5224996]]]}, "properties": {"cellId": "pilot_r003_c060", "coveredByAois": ["external-msft-catia-la-mar-east-predicted-damage"], "stackStatus": "before_after", "firstVisibleAcquisitionUtc": "2026-06-25T15:17:49.499492Z", "hoursAfterEvent": 17.22, "timeWindow": "0_24h", "evidenceTier": "contested_positive", "consensus": "positive_negative_disagreement", "priorityScore": 165, "assetCategories": ["collection_or_staging", "debris_clearance", "heavy_machinery"], "cropPairIds": [], "publicationStatus": "ai-triage-native-review-required", "arrivalInterpretation": "This acquisition provides an earliest visible bound within the available imagery, not the actual arrival time of assistance."}}, {"type": "Feature", "id": "pilot_r004_c066", "geometry": {"type": "Polygon", "coordinates": [[[-66.9716502, 10.5247076], [-66.9694044, 10.5247076], [-66.9694044, 10.5269156], [-66.9716502, 10.5269156], [-66.9716502, 10.5247076]]]}, "properties": {"cellId": "pilot_r004_c066", "coveredByAois": ["external-msft-catia-la-mar-east-predicted-damage"], "stackStatus": "before_after", "firstVisibleAcquisitionUtc": "2026-06-25T15:17:49.499492Z", "hoursAfterEvent": 17.22, "timeWindow": "0_24h", "evidenceTier": "contested_positive", "consensus": "positive_negative_disagreement", "priorityScore": 155, "assetCategories": ["temporary_shelter"], "cropPairIds": [], "publicationStatus": "ai-triage-native-review-required", "arrivalInterpretation": "This acquisition provides an earliest visible bound within the available imagery, not the actual arrival time of assistance."}}, {"type": "Feature", "id": "pilot_r002_c058", "geometry": {"type": "Polygon", "coordinates": [[[-66.9896165, 10.5202916], [-66.9873707, 10.5202916], [-66.9873707, 10.5224996], [-66.9896165, 10.5224996], [-66.9896165, 10.5202916]]]}, "properties": {"cellId": "pilot_r002_c058", "coveredByAois": ["external-msft-catia-la-mar-east-predicted-damage"], "stackStatus": "before_after", "firstVisibleAcquisitionUtc": "2026-06-25T15:17:49.499492Z", "hoursAfterEvent": 17.22, "timeWindow": "0_24h", "evidenceTier": "contested_positive", "consensus": "positive_uncertain_disagreement", "priorityScore": 140, "assetCategories": ["emergency_or_service_vehicle", "temporary_shelter", "trucks_or_large_vehicles"], "cropPairIds": [], "publicationStatus": "ai-triage-native-review-required", "arrivalInterpretation": "This acquisition provides an earliest visible bound within the available imagery, not the actual arrival time of assistance."}}, {"type": "Feature", "id": "pilot_r003_c057", "geometry": {"type": "Polygon", "coordinates": [[[-66.9918623, 10.5224996], [-66.9896165, 10.5224996], [-66.9896165, 10.5247076], [-66.9918623, 10.5247076], [-66.9918623, 10.5224996]]]}, "properties": {"cellId": "pilot_r003_c057", "coveredByAois": ["external-msft-catia-la-mar-east-predicted-damage"], "stackStatus": "before_after", "firstVisibleAcquisitionUtc": "2026-06-25T15:17:49.499492Z", "hoursAfterEvent": 17.22, "timeWindow": "0_24h", "evidenceTier": "contested_positive", "consensus": "positive_negative_disagreement", "priorityScore": 120, "assetCategories": ["collection_or_staging", "debris_clearance", "temporary_shelter"], "cropPairIds": [], "publicationStatus": "ai-triage-native-review-required", "arrivalInterpretation": "This acquisition provides an earliest visible bound within the available imagery, not the actual arrival time of assistance."}}, {"type": "Feature", "id": "pilot_r009_c051", "geometry": {"type": "Polygon", "coordinates": [[[-67.0053371, 10.5357474], [-67.0030913, 10.5357474], [-67.0030913, 10.5379554], [-67.0053371, 10.5379554], [-67.0053371, 10.5357474]]]}, "properties": {"cellId": "pilot_r009_c051", "coveredByAois": ["external-msft-catia-la-mar-east-predicted-damage"], "stackStatus": "before_after", "firstVisibleAcquisitionUtc": "2026-06-25T15:17:49.499492Z", "hoursAfterEvent": 17.22, "timeWindow": "0_24h", "evidenceTier": "contested_positive", "consensus": "positive_uncertain_disagreement", "priorityScore": 120, "assetCategories": ["debris_clearance", "temporary_shelter"], "cropPairIds": [], "publicationStatus": "ai-triage-native-review-required", "arrivalInterpretation": "This acquisition provides an earliest visible bound within the available imagery, not the actual arrival time of assistance."}}, {"type": "Feature", "id": "pilot_r022_c033", "geometry": {"type": "Polygon", "coordinates": [[[-67.0457612, 10.5644492], [-67.0435155, 10.5644492], [-67.0435155, 10.5666569], [-67.0457612, 10.5666569], [-67.0457612, 10.5644492]]]}, "properties": {"cellId": "pilot_r022_c033", "coveredByAois": ["external-msft-catia-la-mar-predicted-damage"], "stackStatus": "before_after", "firstVisibleAcquisitionUtc": "2026-06-25T15:17:49.499492Z", "hoursAfterEvent": 17.22, "timeWindow": "0_24h", "evidenceTier": "contested_positive", "consensus": "positive_uncertain_disagreement", "priorityScore": 120, "assetCategories": ["collection_or_staging"], "cropPairIds": [], "publicationStatus": "ai-triage-native-review-required", "arrivalInterpretation": "This acquisition provides an earliest visible bound within the available imagery, not the actual arrival time of assistance."}}, {"type": "Feature", "id": "pilot_r027_c041", "geometry": {"type": "Polygon", "coordinates": [[[-67.0277949, 10.5754876], [-67.0255491, 10.5754876], [-67.0255491, 10.5776952], [-67.0277949, 10.5776952], [-67.0277949, 10.5754876]]]}, "properties": {"cellId": "pilot_r027_c041", "coveredByAois": ["external-msft-catia-la-mar-predicted-damage", "external-msft-catia-la-mar-east-predicted-damage"], "stackStatus": "before_after", "firstVisibleAcquisitionUtc": "2026-06-25T15:17:49.499492Z", "hoursAfterEvent": 17.22, "timeWindow": "0_24h", "evidenceTier": "contested_positive", "consensus": "positive_negative_disagreement", "priorityScore": 100, "assetCategories": [], "cropPairIds": [], "publicationStatus": "ai-triage-native-review-required", "arrivalInterpretation": "This acquisition provides an earliest visible bound within the available imagery, not the actual arrival time of assistance."}}, {"type": "Feature", "id": "pilot_r015_c013", "geometry": {"type": "Polygon", "coordinates": [[[-67.090677, 10.5489947], [-67.0884312, 10.5489947], [-67.0884312, 10.5512025], [-67.090677, 10.5512025], [-67.090677, 10.5489947]]]}, "properties": {"cellId": "pilot_r015_c013", "coveredByAois": ["external-msft-catia-la-mar-predicted-damage"], "stackStatus": "before_after", "firstVisibleAcquisitionUtc": "2026-06-25T21:29:28.499714Z", "hoursAfterEvent": 23.42, "timeWindow": "0_24h", "evidenceTier": "contested_positive", "consensus": "positive_negative_disagreement", "priorityScore": 155, "assetCategories": ["temporary_shelter"], "cropPairIds": [], "publicationStatus": "ai-triage-native-review-required", "arrivalInterpretation": "This acquisition provides an earliest visible bound within the available imagery, not the actual arrival time of assistance."}}, {"type": "Feature", "id": "pilot_r020_c014", "geometry": {"type": "Polygon", "coordinates": [[[-67.0884312, 10.5600337], [-67.0861854, 10.5600337], [-67.0861854, 10.5622414], [-67.0884312, 10.5622414], [-67.0884312, 10.5600337]]]}, "properties": {"cellId": "pilot_r020_c014", "coveredByAois": ["external-msft-catia-la-mar-predicted-damage"], "stackStatus": "before_after", "firstVisibleAcquisitionUtc": "2026-06-25T21:29:28.499714Z", "hoursAfterEvent": 23.42, "timeWindow": "0_24h", "evidenceTier": "contested_positive_with_detector_delta", "consensus": "positive_uncertain_disagreement", "priorityScore": 155, "assetCategories": ["collection_or_staging", "temporary_shelter"], "cropPairIds": [], "publicationStatus": "ai-triage-native-review-required", "arrivalInterpretation": "This acquisition provides an earliest visible bound within the available imagery, not the actual arrival time of assistance."}}, {"type": "Feature", "id": "pilot_r006_c060", "geometry": {"type": "Polygon", "coordinates": [[[-66.985125, 10.5291236], [-66.9828792, 10.5291236], [-66.9828792, 10.5313316], [-66.985125, 10.5313316], [-66.985125, 10.5291236]]]}, "properties": {"cellId": "pilot_r006_c060", "coveredByAois": ["external-msft-catia-la-mar-east-predicted-damage"], "stackStatus": "before_after", "firstVisibleAcquisitionUtc": "2026-06-26T15:09:37.473432Z", "hoursAfterEvent": 41.08, "timeWindow": "24_48h", "evidenceTier": "cross_model_positive_with_detector_delta", "consensus": "both_positive", "priorityScore": 225, "assetCategories": ["collection_or_staging", "debris_clearance", "heavy_machinery", "temporary_shelter", "trucks_or_large_vehicles"], "cropPairIds": ["pair_0023_pilot_r006_c060_container", "pair_0164_pilot_r006_c060_lightvehicle", "pair_0165_pilot_r006_c060_lightvehicle"], "publicationStatus": "ai-triage-native-review-required", "arrivalInterpretation": "This acquisition provides an earliest visible bound within the available imagery, not the actual arrival time of assistance."}}, {"type": "Feature", "id": "pilot_r033_c064", "geometry": {"type": "Polygon", "coordinates": [[[-66.9761418, 10.5887331], [-66.973896, 10.5887331], [-66.973896, 10.5909407], [-66.9761418, 10.5909407], [-66.9761418, 10.5887331]]]}, "properties": {"cellId": "pilot_r033_c064", "coveredByAois": ["external-msft-catia-la-mar-east-predicted-damage"], "stackStatus": "before_after", "firstVisibleAcquisitionUtc": "2026-06-26T15:09:37.473432Z", "hoursAfterEvent": 41.08, "timeWindow": "24_48h", "evidenceTier": "cross_model_positive_with_detector_delta", "consensus": "both_positive", "priorityScore": 225, "assetCategories": ["collection_or_staging", "heavy_machinery", "temporary_shelter", "trucks_or_large_vehicles"], "cropPairIds": ["pair_0009_pilot_r033_c064_truck", "pair_0017_pilot_r033_c064_container", "pair_0018_pilot_r033_c064_container"], "publicationStatus": "ai-triage-native-review-required", "arrivalInterpretation": "This acquisition provides an earliest visible bound within the available imagery, not the actual arrival time of assistance."}}, {"type": "Feature", "id": "pilot_r036_c037", "geometry": {"type": "Polygon", "coordinates": [[[-67.0367781, 10.5953557], [-67.0345323, 10.5953557], [-67.0345323, 10.5975632], [-67.0367781, 10.5975632], [-67.0367781, 10.5953557]]]}, "properties": {"cellId": "pilot_r036_c037", "coveredByAois": ["emsr884-aoi12-caraballeda", "external-msft-catia-la-mar-predicted-damage", "external-msft-catia-la-mar-east-predicted-damage"], "stackStatus": "before_after", "firstVisibleAcquisitionUtc": "2026-06-26T15:09:37.473432Z", "hoursAfterEvent": 41.08, "timeWindow": "24_48h", "evidenceTier": "cross_model_positive_with_detector_delta", "consensus": "both_positive", "priorityScore": 225, "assetCategories": ["debris_clearance", "emergency_or_service_vehicle", "heavy_machinery", "temporary_shelter", "trucks_or_large_vehicles"], "cropPairIds": ["pair_0028_pilot_r036_c037_container", "pair_0036_pilot_r036_c037_container", "pair_0181_pilot_r036_c037_lightvehicle"], "publicationStatus": "ai-triage-native-review-required", "arrivalInterpretation": "This acquisition provides an earliest visible bound within the available imagery, not the actual arrival time of assistance."}}, {"type": "Feature", "id": "pilot_r040_c044", "geometry": {"type": "Polygon", "coordinates": [[[-67.0210576, 10.6041855], [-67.0188118, 10.6041855], [-67.0188118, 10.606393], [-67.0210576, 10.606393], [-67.0210576, 10.6041855]]]}, "properties": {"cellId": "pilot_r040_c044", "coveredByAois": ["emsr884-aoi12-caraballeda", "external-msft-catia-la-mar-predicted-damage", "external-msft-catia-la-mar-east-predicted-damage"], "stackStatus": "before_after", "firstVisibleAcquisitionUtc": "2026-06-26T15:09:37.473432Z", "hoursAfterEvent": 41.08, "timeWindow": "24_48h", "evidenceTier": "cross_model_positive_with_detector_delta", "consensus": "both_positive", "priorityScore": 225, "assetCategories": ["collection_or_staging", "emergency_or_service_vehicle", "heavy_machinery", "temporary_shelter", "trucks_or_large_vehicles"], "cropPairIds": ["pair_0003_pilot_r040_c044_digger", "pair_0005_pilot_r040_c044_digger", "pair_0010_pilot_r040_c044_truck"], "publicationStatus": "ai-triage-native-review-required", "arrivalInterpretation": "This acquisition provides an earliest visible bound within the available imagery, not the actual arrival time of assistance."}}, {"type": "Feature", "id": "pilot_r040_c046", "geometry": {"type": "Polygon", "coordinates": [[[-67.016566, 10.6041855], [-67.0143202, 10.6041855], [-67.0143202, 10.606393], [-67.016566, 10.606393], [-67.016566, 10.6041855]]]}, "properties": {"cellId": "pilot_r040_c046", "coveredByAois": ["emsr884-aoi12-caraballeda", "external-msft-catia-la-mar-predicted-damage", "external-msft-catia-la-mar-east-predicted-damage"], "stackStatus": "before_after", "firstVisibleAcquisitionUtc": "2026-06-26T15:09:37.473432Z", "hoursAfterEvent": 41.08, "timeWindow": "24_48h", "evidenceTier": "cross_model_positive_with_detector_delta", "consensus": "both_positive", "priorityScore": 225, "assetCategories": ["collection_or_staging", "debris_clearance", "heavy_machinery", "temporary_shelter", "trucks_or_large_vehicles"], "cropPairIds": ["pair_0001_pilot_r040_c046_digger", "pair_0002_pilot_r040_c046_digger", "pair_0004_pilot_r040_c046_digger"], "publicationStatus": "ai-triage-native-review-required", "arrivalInterpretation": "This acquisition provides an earliest visible bound within the available imagery, not the actual arrival time of assistance."}}, {"type": "Feature", "id": "pilot_r041_c041", "geometry": {"type": "Polygon", "coordinates": [[[-67.0277949, 10.606393], [-67.0255491, 10.606393], [-67.0255491, 10.6086004], [-67.0277949, 10.6086004], [-67.0277949, 10.606393]]]}, "properties": {"cellId": "pilot_r041_c041", "coveredByAois": ["emsr884-aoi12-caraballeda", "external-msft-catia-la-mar-predicted-damage", "external-msft-catia-la-mar-east-predicted-damage"], "stackStatus": "before_after", "firstVisibleAcquisitionUtc": "2026-06-26T15:09:37.473432Z", "hoursAfterEvent": 41.08, "timeWindow": "24_48h", "evidenceTier": "cross_model_positive_with_detector_delta", "consensus": "both_positive", "priorityScore": 225, "assetCategories": ["collection_or_staging", "emergency_or_service_vehicle", "heavy_machinery", "temporary_shelter", "trucks_or_large_vehicles"], "cropPairIds": ["pair_0007_pilot_r041_c041_truck", "pair_0012_pilot_r041_c041_truck", "pair_0013_pilot_r041_c041_truck"], "publicationStatus": "ai-triage-native-review-required", "arrivalInterpretation": "This acquisition provides an earliest visible bound within the available imagery, not the actual arrival time of assistance."}}, {"type": "Feature", "id": "pilot_r041_c044", "geometry": {"type": "Polygon", "coordinates": [[[-67.0210576, 10.606393], [-67.0188118, 10.606393], [-67.0188118, 10.6086004], [-67.0210576, 10.6086004], [-67.0210576, 10.606393]]]}, "properties": {"cellId": "pilot_r041_c044", "coveredByAois": ["emsr884-aoi12-caraballeda", "external-msft-catia-la-mar-predicted-damage", "external-msft-catia-la-mar-east-predicted-damage"], "stackStatus": "before_after", "firstVisibleAcquisitionUtc": "2026-06-26T15:09:37.473432Z", "hoursAfterEvent": 41.08, "timeWindow": "24_48h", "evidenceTier": "cross_model_positive_with_detector_delta", "consensus": "both_positive", "priorityScore": 225, "assetCategories": ["collection_or_staging", "emergency_or_service_vehicle", "heavy_machinery", "temporary_shelter", "trucks_or_large_vehicles"], "cropPairIds": ["pair_0014_pilot_r041_c044_truck", "pair_0015_pilot_r041_c044_truck", "pair_0027_pilot_r041_c044_container"], "publicationStatus": "ai-triage-native-review-required", "arrivalInterpretation": "This acquisition provides an earliest visible bound within the available imagery, not the actual arrival time of assistance."}}, {"type": "Feature", "id": "pilot_r041_c061", "geometry": {"type": "Polygon", "coordinates": [[[-66.9828792, 10.606393], [-66.9806334, 10.606393], [-66.9806334, 10.6086004], [-66.9828792, 10.6086004], [-66.9828792, 10.606393]]]}, "properties": {"cellId": "pilot_r041_c061", "coveredByAois": ["emsr884-aoi12-caraballeda", "external-msft-catia-la-mar-east-predicted-damage"], "stackStatus": "before_after", "firstVisibleAcquisitionUtc": "2026-06-26T15:09:37.473432Z", "hoursAfterEvent": 41.08, "timeWindow": "24_48h", "evidenceTier": "cross_model_positive_with_detector_delta", "consensus": "both_positive", "priorityScore": 225, "assetCategories": ["collection_or_staging", "emergency_or_service_vehicle", "heavy_machinery", "temporary_shelter", "trucks_or_large_vehicles"], "cropPairIds": ["pair_0158_pilot_r041_c061_lightvehicle", "pair_0159_pilot_r041_c061_lightvehicle", "pair_0171_pilot_r041_c061_lightvehicle"], "publicationStatus": "ai-triage-native-review-required", "arrivalInterpretation": "This acquisition provides an earliest visible bound within the available imagery, not the actual arrival time of assistance."}}, {"type": "Feature", "id": "pilot_r042_c041", "geometry": {"type": "Polygon", "coordinates": [[[-67.0277949, 10.6086004], [-67.0255491, 10.6086004], [-67.0255491, 10.6108078], [-67.0277949, 10.6108078], [-67.0277949, 10.6086004]]]}, "properties": {"cellId": "pilot_r042_c041", "coveredByAois": ["emsr884-aoi12-caraballeda", "external-msft-catia-la-mar-predicted-damage", "external-msft-catia-la-mar-east-predicted-damage"], "stackStatus": "before_after", "firstVisibleAcquisitionUtc": "2026-06-26T15:09:37.473432Z", "hoursAfterEvent": 41.08, "timeWindow": "24_48h", "evidenceTier": "cross_model_positive_with_detector_delta", "consensus": "both_positive", "priorityScore": 225, "assetCategories": ["collection_or_staging", "debris_clearance", "heavy_machinery", "temporary_shelter", "trucks_or_large_vehicles"], "cropPairIds": ["pair_0175_pilot_r042_c041_lightvehicle", "pair_0176_pilot_r042_c041_lightvehicle", "pair_0177_pilot_r042_c041_lightvehicle"], "publicationStatus": "ai-triage-native-review-required", "arrivalInterpretation": "This acquisition provides an earliest visible bound within the available imagery, not the actual arrival time of assistance."}}, {"type": "Feature", "id": "pilot_r007_c060", "geometry": {"type": "Polygon", "coordinates": [[[-66.985125, 10.5313316], [-66.9828792, 10.5313316], [-66.9828792, 10.5335395], [-66.985125, 10.5335395], [-66.985125, 10.5313316]]]}, "properties": {"cellId": "pilot_r007_c060", "coveredByAois": ["external-msft-catia-la-mar-east-predicted-damage"], "stackStatus": "before_after", "firstVisibleAcquisitionUtc": "2026-06-26T15:09:37.473432Z", "hoursAfterEvent": 41.08, "timeWindow": "24_48h", "evidenceTier": "cross_model_positive", "consensus": "both_positive", "priorityScore": 205, "assetCategories": ["collection_or_staging", "debris_clearance", "heavy_machinery", "temporary_shelter"], "cropPairIds": ["pair_0299_pilot_r007_c060_lightvehicle", "pair_0312_pilot_r007_c060_lightvehicle", "pair_0334_pilot_r007_c060_lightvehicle"], "publicationStatus": "ai-triage-native-review-required", "arrivalInterpretation": "This acquisition provides an earliest visible bound within the available imagery, not the actual arrival time of assistance."}}, {"type": "Feature", "id": "pilot_r005_c058", "geometry": {"type": "Polygon", "coordinates": [[[-66.9896165, 10.5269156], [-66.9873707, 10.5269156], [-66.9873707, 10.5291236], [-66.9896165, 10.5291236], [-66.9896165, 10.5269156]]]}, "properties": {"cellId": "pilot_r005_c058", "coveredByAois": ["external-msft-catia-la-mar-east-predicted-damage"], "stackStatus": "before_after", "firstVisibleAcquisitionUtc": "2026-06-26T15:09:37.473432Z", "hoursAfterEvent": 41.08, "timeWindow": "24_48h", "evidenceTier": "cross_model_positive", "consensus": "both_positive", "priorityScore": 200, "assetCategories": ["collection_or_staging", "debris_clearance", "temporary_shelter", "trucks_or_large_vehicles"], "cropPairIds": ["pair_0359_pilot_r005_c058_lightvehicle", "pair_0377_pilot_r005_c058_lightvehicle", "pair_0405_pilot_r005_c058_lightvehicle"], "publicationStatus": "ai-triage-native-review-required", "arrivalInterpretation": "This acquisition provides an earliest visible bound within the available imagery, not the actual arrival time of assistance."}}, {"type": "Feature", "id": "pilot_r005_c060", "geometry": {"type": "Polygon", "coordinates": [[[-66.985125, 10.5269156], [-66.9828792, 10.5269156], [-66.9828792, 10.5291236], [-66.985125, 10.5291236], [-66.985125, 10.5269156]]]}, "properties": {"cellId": "pilot_r005_c060", "coveredByAois": ["external-msft-catia-la-mar-east-predicted-damage"], "stackStatus": "before_after", "firstVisibleAcquisitionUtc": "2026-06-26T15:09:37.473432Z", "hoursAfterEvent": 41.08, "timeWindow": "24_48h", "evidenceTier": "contested_positive_with_detector_delta", "consensus": "positive_uncertain_disagreement", "priorityScore": 200, "assetCategories": ["heavy_machinery", "temporary_shelter", "trucks_or_large_vehicles"], "cropPairIds": ["pair_0264_pilot_r005_c060_container", "pair_0270_pilot_r005_c060_container"], "publicationStatus": "ai-triage-native-review-required", "arrivalInterpretation": "This acquisition provides an earliest visible bound within the available imagery, not the actual arrival time of assistance."}}, {"type": "Feature", "id": "pilot_r007_c058", "geometry": {"type": "Polygon", "coordinates": [[[-66.9896165, 10.5313316], [-66.9873707, 10.5313316], [-66.9873707, 10.5335395], [-66.9896165, 10.5335395], [-66.9896165, 10.5313316]]]}, "properties": {"cellId": "pilot_r007_c058", "coveredByAois": ["external-msft-catia-la-mar-east-predicted-damage"], "stackStatus": "before_after", "firstVisibleAcquisitionUtc": "2026-06-26T15:09:37.473432Z", "hoursAfterEvent": 41.08, "timeWindow": "24_48h", "evidenceTier": "contested_positive_with_detector_delta", "consensus": "positive_uncertain_disagreement", "priorityScore": 200, "assetCategories": ["collection_or_staging", "debris_clearance", "heavy_machinery", "temporary_shelter", "trucks_or_large_vehicles"], "cropPairIds": ["pair_0146_pilot_r007_c058_digger", "pair_0178_pilot_r007_c058_truck", "pair_0192_pilot_r007_c058_truck"], "publicationStatus": "ai-triage-native-review-required", "arrivalInterpretation": "This acquisition provides an earliest visible bound within the available imagery, not the actual arrival time of assistance."}}, {"type": "Feature", "id": "pilot_r007_c061", "geometry": {"type": "Polygon", "coordinates": [[[-66.9828792, 10.5313316], [-66.9806334, 10.5313316], [-66.9806334, 10.5335395], [-66.9828792, 10.5335395], [-66.9828792, 10.5313316]]]}, "properties": {"cellId": "pilot_r007_c061", "coveredByAois": ["external-msft-catia-la-mar-east-predicted-damage"], "stackStatus": "before_after", "firstVisibleAcquisitionUtc": "2026-06-26T15:09:37.473432Z", "hoursAfterEvent": 41.08, "timeWindow": "24_48h", "evidenceTier": "cross_model_positive_with_detector_delta", "consensus": "both_positive", "priorityScore": 200, "assetCategories": ["collection_or_staging", "temporary_shelter", "trucks_or_large_vehicles"], "cropPairIds": ["pair_0064_pilot_r007_c061_truck", "pair_0106_pilot_r007_c061_container", "pair_0112_pilot_r007_c061_container"], "publicationStatus": "ai-triage-native-review-required", "arrivalInterpretation": "This acquisition provides an earliest visible bound within the available imagery, not the actual arrival time of assistance."}}, {"type": "Feature", "id": "pilot_r009_c058", "geometry": {"type": "Polygon", "coordinates": [[[-66.9896165, 10.5357474], [-66.9873707, 10.5357474], [-66.9873707, 10.5379554], [-66.9896165, 10.5379554], [-66.9896165, 10.5357474]]]}, "properties": {"cellId": "pilot_r009_c058", "coveredByAois": ["external-msft-catia-la-mar-east-predicted-damage"], "stackStatus": "before_after", "firstVisibleAcquisitionUtc": "2026-06-26T15:09:37.473432Z", "hoursAfterEvent": 41.08, "timeWindow": "24_48h", "evidenceTier": "cross_model_positive_with_detector_delta", "consensus": "both_positive", "priorityScore": 200, "assetCategories": ["collection_or_staging", "temporary_shelter", "trucks_or_large_vehicles"], "cropPairIds": ["pair_0024_pilot_r009_c058_truck", "pair_0025_pilot_r009_c058_truck", "pair_0035_pilot_r009_c058_truck"], "publicationStatus": "ai-triage-native-review-required", "arrivalInterpretation": "This acquisition provides an earliest visible bound within the available imagery, not the actual arrival time of assistance."}}, {"type": "Feature", "id": "pilot_r010_c057", "geometry": {"type": "Polygon", "coordinates": [[[-66.9918623, 10.5379554], [-66.9896165, 10.5379554], [-66.9896165, 10.5401633], [-66.9918623, 10.5401633], [-66.9918623, 10.5379554]]]}, "properties": {"cellId": "pilot_r010_c057", "coveredByAois": ["external-msft-catia-la-mar-east-predicted-damage"], "stackStatus": "before_after", "firstVisibleAcquisitionUtc": "2026-06-26T15:09:37.473432Z", "hoursAfterEvent": 41.08, "timeWindow": "24_48h", "evidenceTier": "cross_model_positive_with_detector_delta", "consensus": "both_positive", "priorityScore": 200, "assetCategories": ["collection_or_staging", "emergency_or_service_vehicle", "temporary_shelter", "trucks_or_large_vehicles"], "cropPairIds": ["pair_0052_pilot_r010_c057_truck", "pair_0322_pilot_r010_c057_lightvehicle", "pair_0335_pilot_r010_c057_lightvehicle"], "publicationStatus": "ai-triage-native-review-required", "arrivalInterpretation": "This acquisition provides an earliest visible bound within the available imagery, not the actual arrival time of assistance."}}, {"type": "Feature", "id": "pilot_r033_c056", "geometry": {"type": "Polygon", "coordinates": [[[-66.9941081, 10.5887331], [-66.9918623, 10.5887331], [-66.9918623, 10.5909407], [-66.9941081, 10.5909407], [-66.9941081, 10.5887331]]]}, "properties": {"cellId": "pilot_r033_c056", "coveredByAois": ["external-msft-catia-la-mar-predicted-damage", "external-msft-catia-la-mar-east-predicted-damage"], "stackStatus": "before_after", "firstVisibleAcquisitionUtc": "2026-06-26T15:09:37.473432Z", "hoursAfterEvent": 41.08, "timeWindow": "24_48h", "evidenceTier": "cross_model_positive_with_detector_delta", "consensus": "both_positive", "priorityScore": 200, "assetCategories": ["temporary_shelter", "trucks_or_large_vehicles"], "cropPairIds": ["pair_0336_pilot_r033_c056_lightvehicle", "pair_0337_pilot_r033_c056_lightvehicle", "pair_0338_pilot_r033_c056_lightvehicle"], "publicationStatus": "ai-triage-native-review-required", "arrivalInterpretation": "This acquisition provides an earliest visible bound within the available imagery, not the actual arrival time of assistance."}}, {"type": "Feature", "id": "pilot_r036_c054", "geometry": {"type": "Polygon", "coordinates": [[[-66.9985997, 10.5953557], [-66.9963539, 10.5953557], [-66.9963539, 10.5975632], [-66.9985997, 10.5975632], [-66.9985997, 10.5953557]]]}, "properties": {"cellId": "pilot_r036_c054", "coveredByAois": ["external-msft-catia-la-mar-predicted-damage", "external-msft-catia-la-mar-east-predicted-damage"], "stackStatus": "before_after", "firstVisibleAcquisitionUtc": "2026-06-26T15:09:37.473432Z", "hoursAfterEvent": 41.08, "timeWindow": "24_48h", "evidenceTier": "cross_model_positive_with_detector_delta", "consensus": "both_positive", "priorityScore": 200, "assetCategories": ["temporary_shelter", "trucks_or_large_vehicles"], "cropPairIds": ["pair_0037_pilot_r036_c054_truck", "pair_0040_pilot_r036_c054_truck", "pair_0073_pilot_r036_c054_bus"], "publicationStatus": "ai-triage-native-review-required", "arrivalInterpretation": "This acquisition provides an earliest visible bound within the available imagery, not the actual arrival time of assistance."}}, {"type": "Feature", "id": "pilot_r036_c056", "geometry": {"type": "Polygon", "coordinates": [[[-66.9941081, 10.5953557], [-66.9918623, 10.5953557], [-66.9918623, 10.5975632], [-66.9941081, 10.5975632], [-66.9941081, 10.5953557]]]}, "properties": {"cellId": "pilot_r036_c056", "coveredByAois": ["external-msft-catia-la-mar-predicted-damage", "external-msft-catia-la-mar-east-predicted-damage"], "stackStatus": "before_after", "firstVisibleAcquisitionUtc": "2026-06-26T15:09:37.473432Z", "hoursAfterEvent": 41.08, "timeWindow": "24_48h", "evidenceTier": "cross_model_positive_with_detector_delta", "consensus": "both_positive", "priorityScore": 200, "assetCategories": ["collection_or_staging", "temporary_shelter", "trucks_or_large_vehicles"], "cropPairIds": ["pair_0041_pilot_r036_c056_truck", "pair_0062_pilot_r036_c056_truck", "pair_0343_pilot_r036_c056_lightvehicle"], "publicationStatus": "ai-triage-native-review-required", "arrivalInterpretation": "This acquisition provides an earliest visible bound within the available imagery, not the actual arrival time of assistance."}}, {"type": "Feature", "id": "pilot_r036_c060", "geometry": {"type": "Polygon", "coordinates": [[[-66.985125, 10.5953557], [-66.9828792, 10.5953557], [-66.9828792, 10.5975632], [-66.985125, 10.5975632], [-66.985125, 10.5953557]]]}, "properties": {"cellId": "pilot_r036_c060", "coveredByAois": ["external-msft-catia-la-mar-east-predicted-damage"], "stackStatus": "before_after", "firstVisibleAcquisitionUtc": "2026-06-26T15:09:37.473432Z", "hoursAfterEvent": 41.08, "timeWindow": "24_48h", "evidenceTier": "contested_positive_with_detector_delta", "consensus": "positive_negative_disagreement", "priorityScore": 200, "assetCategories": ["collection_or_staging", "emergency_or_service_vehicle", "heavy_machinery", "temporary_shelter", "trucks_or_large_vehicles"], "cropPairIds": ["pair_0155_pilot_r036_c060_truck", "pair_0196_pilot_r036_c060_truck", "pair_0207_pilot_r036_c060_truck"], "publicationStatus": "ai-triage-native-review-required", "arrivalInterpretation": "This acquisition provides an earliest visible bound within the available imagery, not the actual arrival time of assistance."}}, {"type": "Feature", "id": "pilot_r036_c062", "geometry": {"type": "Polygon", "coordinates": [[[-66.9806334, 10.5953557], [-66.9783876, 10.5953557], [-66.9783876, 10.5975632], [-66.9806334, 10.5975632], [-66.9806334, 10.5953557]]]}, "properties": {"cellId": "pilot_r036_c062", "coveredByAois": ["external-msft-catia-la-mar-east-predicted-damage"], "stackStatus": "before_after", "firstVisibleAcquisitionUtc": "2026-06-26T15:09:37.473432Z", "hoursAfterEvent": 41.08, "timeWindow": "24_48h", "evidenceTier": "cross_model_positive_with_detector_delta", "consensus": "both_positive", "priorityScore": 200, "assetCategories": ["collection_or_staging", "temporary_shelter", "trucks_or_large_vehicles"], "cropPairIds": ["pair_0053_pilot_r036_c062_truck", "pair_0347_pilot_r036_c062_lightvehicle", "pair_0348_pilot_r036_c062_lightvehicle"], "publicationStatus": "ai-triage-native-review-required", "arrivalInterpretation": "This acquisition provides an earliest visible bound within the available imagery, not the actual arrival time of assistance."}}, {"type": "Feature", "id": "pilot_r038_c039", "geometry": {"type": "Polygon", "coordinates": [[[-67.0322865, 10.5997706], [-67.0300407, 10.5997706], [-67.0300407, 10.6019781], [-67.0322865, 10.6019781], [-67.0322865, 10.5997706]]]}, "properties": {"cellId": "pilot_r038_c039", "coveredByAois": ["emsr884-aoi12-caraballeda", "external-msft-catia-la-mar-predicted-damage", "external-msft-catia-la-mar-east-predicted-damage"], "stackStatus": "before_after", "firstVisibleAcquisitionUtc": "2026-06-26T15:09:37.473432Z", "hoursAfterEvent": 41.08, "timeWindow": "24_48h", "evidenceTier": "cross_model_positive_with_detector_delta", "consensus": "both_positive", "priorityScore": 200, "assetCategories": ["collection_or_staging", "emergency_or_service_vehicle", "temporary_shelter", "trucks_or_large_vehicles"], "cropPairIds": ["pair_0063_pilot_r038_c039_truck", "pair_0350_pilot_r038_c039_lightvehicle", "pair_0351_pilot_r038_c039_lightvehicle"], "publicationStatus": "ai-triage-native-review-required", "arrivalInterpretation": "This acquisition provides an earliest visible bound within the available imagery, not the actual arrival time of assistance."}}, {"type": "Feature", "id": "pilot_r038_c054", "geometry": {"type": "Polygon", "coordinates": [[[-66.9985997, 10.5997706], [-66.9963539, 10.5997706], [-66.9963539, 10.6019781], [-66.9985997, 10.6019781], [-66.9985997, 10.5997706]]]}, "properties": {"cellId": "pilot_r038_c054", "coveredByAois": ["emsr884-aoi12-caraballeda", "external-msft-catia-la-mar-predicted-damage", "external-msft-catia-la-mar-east-predicted-damage"], "stackStatus": "before_after", "firstVisibleAcquisitionUtc": "2026-06-26T15:09:37.473432Z", "hoursAfterEvent": 41.08, "timeWindow": "24_48h", "evidenceTier": "cross_model_positive_with_detector_delta", "consensus": "both_positive", "priorityScore": 200, "assetCategories": ["collection_or_staging", "trucks_or_large_vehicles"], "cropPairIds": ["pair_0054_pilot_r038_c054_truck", "pair_0382_pilot_r038_c054_lightvehicle", "pair_0412_pilot_r038_c054_lightvehicle"], "publicationStatus": "ai-triage-native-review-required", "arrivalInterpretation": "This acquisition provides an earliest visible bound within the available imagery, not the actual arrival time of assistance."}}, {"type": "Feature", "id": "pilot_r039_c064", "geometry": {"type": "Polygon", "coordinates": [[[-66.9761418, 10.6019781], [-66.973896, 10.6019781], [-66.973896, 10.6041855], [-66.9761418, 10.6041855], [-66.9761418, 10.6019781]]]}, "properties": {"cellId": "pilot_r039_c064", "coveredByAois": ["external-msft-catia-la-mar-east-predicted-damage"], "stackStatus": "before_after", "firstVisibleAcquisitionUtc": "2026-06-26T15:09:37.473432Z", "hoursAfterEvent": 41.08, "timeWindow": "24_48h", "evidenceTier": "cross_model_positive_with_detector_delta", "consensus": "both_positive", "priorityScore": 200, "assetCategories": ["collection_or_staging", "emergency_or_service_vehicle", "temporary_shelter", "trucks_or_large_vehicles"], "cropPairIds": ["pair_0088_pilot_r039_c064_container"], "publicationStatus": "ai-triage-native-review-required", "arrivalInterpretation": "This acquisition provides an earliest visible bound within the available imagery, not the actual arrival time of assistance."}}, {"type": "Feature", "id": "pilot_r039_c067", "geometry": {"type": "Polygon", "coordinates": [[[-66.9694044, 10.6019781], [-66.9671587, 10.6019781], [-66.9671587, 10.6041855], [-66.9694044, 10.6041855], [-66.9694044, 10.6019781]]]}, "properties": {"cellId": "pilot_r039_c067", "coveredByAois": ["external-msft-catia-la-mar-east-predicted-damage"], "stackStatus": "before_after", "firstVisibleAcquisitionUtc": "2026-06-26T15:09:37.473432Z", "hoursAfterEvent": 41.08, "timeWindow": "24_48h", "evidenceTier": "contested_positive_with_detector_delta", "consensus": "positive_uncertain_disagreement", "priorityScore": 200, "assetCategories": ["collection_or_staging", "debris_clearance", "heavy_machinery", "temporary_shelter", "trucks_or_large_vehicles"], "cropPairIds": ["pair_0254_pilot_r039_c067_container", "pair_0255_pilot_r039_c067_container", "pair_0268_pilot_r039_c067_container"], "publicationStatus": "ai-triage-native-review-required", "arrivalInterpretation": "This acquisition provides an earliest visible bound within the available imagery, not the actual arrival time of assistance."}}, {"type": "Feature", "id": "pilot_r041_c038", "geometry": {"type": "Polygon", "coordinates": [[[-67.0345323, 10.606393], [-67.0322865, 10.606393], [-67.0322865, 10.6086004], [-67.0345323, 10.6086004], [-67.0345323, 10.606393]]]}, "properties": {"cellId": "pilot_r041_c038", "coveredByAois": ["emsr884-aoi12-caraballeda", "external-msft-catia-la-mar-predicted-damage", "external-msft-catia-la-mar-east-predicted-damage"], "stackStatus": "before_after", "firstVisibleAcquisitionUtc": "2026-06-26T15:09:37.473432Z", "hoursAfterEvent": 41.08, "timeWindow": "24_48h", "evidenceTier": "contested_positive_with_detector_delta", "consensus": "positive_uncertain_disagreement", "priorityScore": 200, "assetCategories": ["debris_clearance", "heavy_machinery", "temporary_shelter", "trucks_or_large_vehicles"], "cropPairIds": ["pair_0149_pilot_r041_c038_digger", "pair_0153_pilot_r041_c038_truck", "pair_0157_pilot_r041_c038_truck"], "publicationStatus": "ai-triage-native-review-required", "arrivalInterpretation": "This acquisition provides an earliest visible bound within the available imagery, not the actual arrival time of assistance."}}, {"type": "Feature", "id": "pilot_r041_c042", "geometry": {"type": "Polygon", "coordinates": [[[-67.0255491, 10.606393], [-67.0233034, 10.606393], [-67.0233034, 10.6086004], [-67.0255491, 10.6086004], [-67.0255491, 10.606393]]]}, "properties": {"cellId": "pilot_r041_c042", "coveredByAois": ["emsr884-aoi12-caraballeda", "external-msft-catia-la-mar-predicted-damage", "external-msft-catia-la-mar-east-predicted-damage"], "stackStatus": "before_after", "firstVisibleAcquisitionUtc": "2026-06-26T15:09:37.473432Z", "hoursAfterEvent": 41.08, "timeWindow": "24_48h", "evidenceTier": "cross_model_positive_with_detector_delta", "consensus": "both_positive", "priorityScore": 200, "assetCategories": ["collection_or_staging", "debris_clearance", "emergency_or_service_vehicle", "temporary_shelter", "trucks_or_large_vehicles"], "cropPairIds": ["pair_0220_pilot_r041_c042_person", "pair_0234_pilot_r041_c042_person", "pair_0238_pilot_r041_c042_person"], "publicationStatus": "ai-triage-native-review-required", "arrivalInterpretation": "This acquisition provides an earliest visible bound within the available imagery, not the actual arrival time of assistance."}}, {"type": "Feature", "id": "pilot_r041_c043", "geometry": {"type": "Polygon", "coordinates": [[[-67.0233034, 10.606393], [-67.0210576, 10.606393], [-67.0210576, 10.6086004], [-67.0233034, 10.6086004], [-67.0233034, 10.606393]]]}, "properties": {"cellId": "pilot_r041_c043", "coveredByAois": ["emsr884-aoi12-caraballeda", "external-msft-catia-la-mar-predicted-damage", "external-msft-catia-la-mar-east-predicted-damage"], "stackStatus": "before_after", "firstVisibleAcquisitionUtc": "2026-06-26T15:09:37.473432Z", "hoursAfterEvent": 41.08, "timeWindow": "24_48h", "evidenceTier": "cross_model_positive_with_detector_delta", "consensus": "both_positive", "priorityScore": 200, "assetCategories": ["collection_or_staging", "debris_clearance", "emergency_or_service_vehicle", "temporary_shelter", "trucks_or_large_vehicles"], "cropPairIds": ["pair_0067_pilot_r041_c043_truck", "pair_0247_pilot_r041_c043_person", "pair_0356_pilot_r041_c043_lightvehicle"], "publicationStatus": "ai-triage-native-review-required", "arrivalInterpretation": "This acquisition provides an earliest visible bound within the available imagery, not the actual arrival time of assistance."}}, {"type": "Feature", "id": "pilot_r041_c045", "geometry": {"type": "Polygon", "coordinates": [[[-67.0188118, 10.606393], [-67.016566, 10.606393], [-67.016566, 10.6086004], [-67.0188118, 10.6086004], [-67.0188118, 10.606393]]]}, "properties": {"cellId": "pilot_r041_c045", "coveredByAois": ["emsr884-aoi12-caraballeda", "external-msft-catia-la-mar-predicted-damage", "external-msft-catia-la-mar-east-predicted-damage"], "stackStatus": "before_after", "firstVisibleAcquisitionUtc": "2026-06-26T15:09:37.473432Z", "hoursAfterEvent": 41.08, "timeWindow": "24_48h", "evidenceTier": "cross_model_positive_with_detector_delta", "consensus": "both_positive", "priorityScore": 200, "assetCategories": ["collection_or_staging", "debris_clearance", "temporary_shelter", "trucks_or_large_vehicles"], "cropPairIds": ["pair_0051_pilot_r041_c045_truck", "pair_0057_pilot_r041_c045_truck", "pair_0058_pilot_r041_c045_truck"], "publicationStatus": "ai-triage-native-review-required", "arrivalInterpretation": "This acquisition provides an earliest visible bound within the available imagery, not the actual arrival time of assistance."}}, {"type": "Feature", "id": "pilot_r041_c046", "geometry": {"type": "Polygon", "coordinates": [[[-67.016566, 10.606393], [-67.0143202, 10.606393], [-67.0143202, 10.6086004], [-67.016566, 10.6086004], [-67.016566, 10.606393]]]}, "properties": {"cellId": "pilot_r041_c046", "coveredByAois": ["emsr884-aoi12-caraballeda", "external-msft-catia-la-mar-predicted-damage", "external-msft-catia-la-mar-east-predicted-damage"], "stackStatus": "before_after", "firstVisibleAcquisitionUtc": "2026-06-26T15:09:37.473432Z", "hoursAfterEvent": 41.08, "timeWindow": "24_48h", "evidenceTier": "cross_model_positive_with_detector_delta", "consensus": "both_positive", "priorityScore": 200, "assetCategories": ["collection_or_staging", "debris_clearance", "temporary_shelter", "trucks_or_large_vehicles"], "cropPairIds": ["pair_0068_pilot_r041_c046_truck", "pair_0090_pilot_r041_c046_container", "pair_0121_pilot_r041_c046_container"], "publicationStatus": "ai-triage-native-review-required", "arrivalInterpretation": "This acquisition provides an earliest visible bound within the available imagery, not the actual arrival time of assistance."}}, {"type": "Feature", "id": "pilot_r041_c049", "geometry": {"type": "Polygon", "coordinates": [[[-67.0098286, 10.606393], [-67.0075828, 10.606393], [-67.0075828, 10.6086004], [-67.0098286, 10.6086004], [-67.0098286, 10.606393]]]}, "properties": {"cellId": "pilot_r041_c049", "coveredByAois": ["emsr884-aoi12-caraballeda", "external-msft-catia-la-mar-predicted-damage", "external-msft-catia-la-mar-east-predicted-damage"], "stackStatus": "before_after", "firstVisibleAcquisitionUtc": "2026-06-26T15:09:37.473432Z", "hoursAfterEvent": 41.08, "timeWindow": "24_48h", "evidenceTier": "contested_positive_with_detector_delta", "consensus": "positive_negative_disagreement", "priorityScore": 200, "assetCategories": ["collection_or_staging", "debris_clearance", "heavy_machinery", "temporary_shelter", "trucks_or_large_vehicles"], "cropPairIds": [], "publicationStatus": "ai-triage-native-review-required", "arrivalInterpretation": "This acquisition provides an earliest visible bound within the available imagery, not the actual arrival time of assistance."}}, {"type": "Feature", "id": "pilot_r041_c050", "geometry": {"type": "Polygon", "coordinates": [[[-67.0075828, 10.606393], [-67.0053371, 10.606393], [-67.0053371, 10.6086004], [-67.0075828, 10.6086004], [-67.0075828, 10.606393]]]}, "properties": {"cellId": "pilot_r041_c050", "coveredByAois": ["emsr884-aoi12-caraballeda", "external-msft-catia-la-mar-predicted-damage", "external-msft-catia-la-mar-east-predicted-damage"], "stackStatus": "before_after", "firstVisibleAcquisitionUtc": "2026-06-26T15:09:37.473432Z", "hoursAfterEvent": 41.08, "timeWindow": "24_48h", "evidenceTier": "contested_positive_with_detector_delta", "consensus": "positive_uncertain_disagreement", "priorityScore": 200, "assetCategories": ["collection_or_staging", "heavy_machinery", "temporary_shelter", "trucks_or_large_vehicles"], "cropPairIds": ["pair_0151_pilot_r041_c050_digger", "pair_0307_pilot_r041_c050_container"], "publicationStatus": "ai-triage-native-review-required", "arrivalInterpretation": "This acquisition provides an earliest visible bound within the available imagery, not the actual arrival time of assistance."}}, {"type": "Feature", "id": "pilot_r042_c038", "geometry": {"type": "Polygon", "coordinates": [[[-67.0345323, 10.6086004], [-67.0322865, 10.6086004], [-67.0322865, 10.6108078], [-67.0345323, 10.6108078], [-67.0345323, 10.6086004]]]}, "properties": {"cellId": "pilot_r042_c038", "coveredByAois": ["emsr884-aoi12-caraballeda", "external-msft-catia-la-mar-predicted-damage", "external-msft-catia-la-mar-east-predicted-damage"], "stackStatus": "before_after", "firstVisibleAcquisitionUtc": "2026-06-26T15:09:37.473432Z", "hoursAfterEvent": 41.08, "timeWindow": "24_48h", "evidenceTier": "contested_positive", "consensus": "positive_uncertain_disagreement", "priorityScore": 200, "assetCategories": ["collection_or_staging", "heavy_machinery", "temporary_shelter", "trucks_or_large_vehicles"], "cropPairIds": [], "publicationStatus": "ai-triage-native-review-required", "arrivalInterpretation": "This acquisition provides an earliest visible bound within the available imagery, not the actual arrival time of assistance."}}, {"type": "Feature", "id": "pilot_r042_c049", "geometry": {"type": "Polygon", "coordinates": [[[-67.0098286, 10.6086004], [-67.0075828, 10.6086004], [-67.0075828, 10.6108078], [-67.0098286, 10.6108078], [-67.0098286, 10.6086004]]]}, "properties": {"cellId": "pilot_r042_c049", "coveredByAois": ["emsr884-aoi12-caraballeda", "external-msft-catia-la-mar-predicted-damage", "external-msft-catia-la-mar-east-predicted-damage"], "stackStatus": "before_after", "firstVisibleAcquisitionUtc": "2026-06-26T15:09:37.473432Z", "hoursAfterEvent": 41.08, "timeWindow": "24_48h", "evidenceTier": "cross_model_positive_with_detector_delta", "consensus": "both_positive", "priorityScore": 200, "assetCategories": ["collection_or_staging", "debris_clearance", "temporary_shelter", "trucks_or_large_vehicles"], "cropPairIds": ["pair_0098_pilot_r042_c049_container", "pair_0330_pilot_r042_c049_lightvehicle", "pair_0331_pilot_r042_c049_lightvehicle"], "publicationStatus": "ai-triage-native-review-required", "arrivalInterpretation": "This acquisition provides an earliest visible bound within the available imagery, not the actual arrival time of assistance."}}, {"type": "Feature", "id": "pilot_r042_c061", "geometry": {"type": "Polygon", "coordinates": [[[-66.9828792, 10.6086004], [-66.9806334, 10.6086004], [-66.9806334, 10.6108078], [-66.9828792, 10.6108078], [-66.9828792, 10.6086004]]]}, "properties": {"cellId": "pilot_r042_c061", "coveredByAois": ["emsr884-aoi12-caraballeda", "external-msft-catia-la-mar-east-predicted-damage"], "stackStatus": "before_after", "firstVisibleAcquisitionUtc": "2026-06-26T15:09:37.473432Z", "hoursAfterEvent": 41.08, "timeWindow": "24_48h", "evidenceTier": "cross_model_positive", "consensus": "both_positive", "priorityScore": 200, "assetCategories": ["collection_or_staging", "temporary_shelter", "trucks_or_large_vehicles"], "cropPairIds": ["pair_0407_pilot_r042_c061_lightvehicle", "pair_0430_pilot_r042_c061_lightvehicle", "pair_0441_pilot_r042_c061_lightvehicle"], "publicationStatus": "ai-triage-native-review-required", "arrivalInterpretation": "This acquisition provides an earliest visible bound within the available imagery, not the actual arrival time of assistance."}}, {"type": "Feature", "id": "pilot_r037_c033", "geometry": {"type": "Polygon", "coordinates": [[[-67.0457612, 10.5975632], [-67.0435155, 10.5975632], [-67.0435155, 10.5997706], [-67.0457612, 10.5997706], [-67.0457612, 10.5975632]]]}, "properties": {"cellId": "pilot_r037_c033", "coveredByAois": ["external-msft-catia-la-mar-predicted-damage"], "stackStatus": "before_after", "firstVisibleAcquisitionUtc": "2026-06-26T15:09:37.473432Z", "hoursAfterEvent": 41.08, "timeWindow": "24_48h", "evidenceTier": "cross_model_positive_with_detector_delta", "consensus": "both_positive", "priorityScore": 190, "assetCategories": ["heavy_machinery", "temporary_shelter"], "cropPairIds": ["pair_0434_pilot_r037_c033_lightvehicle", "pair_0435_pilot_r037_c033_lightvehicle", "pair_0436_pilot_r037_c033_lightvehicle"], "publicationStatus": "ai-triage-native-review-required", "arrivalInterpretation": "This acquisition provides an earliest visible bound within the available imagery, not the actual arrival time of assistance."}}, {"type": "Feature", "id": "pilot_r041_c051", "geometry": {"type": "Polygon", "coordinates": [[[-67.0053371, 10.606393], [-67.0030913, 10.606393], [-67.0030913, 10.6086004], [-67.0053371, 10.6086004], [-67.0053371, 10.606393]]]}, "properties": {"cellId": "pilot_r041_c051", "coveredByAois": ["emsr884-aoi12-caraballeda", "external-msft-catia-la-mar-predicted-damage", "external-msft-catia-la-mar-east-predicted-damage"], "stackStatus": "before_after", "firstVisibleAcquisitionUtc": "2026-06-26T15:09:37.473432Z", "hoursAfterEvent": 41.08, "timeWindow": "24_48h", "evidenceTier": "cross_model_positive", "consensus": "both_positive", "priorityScore": 190, "assetCategories": ["collection_or_staging", "debris_clearance", "heavy_machinery", "temporary_shelter", "trucks_or_large_vehicles"], "cropPairIds": [], "publicationStatus": "ai-triage-native-review-required", "arrivalInterpretation": "This acquisition provides an earliest visible bound within the available imagery, not the actual arrival time of assistance."}}, {"type": "Feature", "id": "pilot_r042_c045", "geometry": {"type": "Polygon", "coordinates": [[[-67.0188118, 10.6086004], [-67.016566, 10.6086004], [-67.016566, 10.6108078], [-67.0188118, 10.6108078], [-67.0188118, 10.6086004]]]}, "properties": {"cellId": "pilot_r042_c045", "coveredByAois": ["emsr884-aoi12-caraballeda", "external-msft-catia-la-mar-predicted-damage", "external-msft-catia-la-mar-east-predicted-damage"], "stackStatus": "before_after", "firstVisibleAcquisitionUtc": "2026-06-26T15:09:37.473432Z", "hoursAfterEvent": 41.08, "timeWindow": "24_48h", "evidenceTier": "cross_model_positive_with_detector_delta", "consensus": "both_positive", "priorityScore": 190, "assetCategories": ["collection_or_staging", "debris_clearance", "emergency_or_service_vehicle", "heavy_machinery", "temporary_shelter", "trucks_or_large_vehicles"], "cropPairIds": ["pair_0308_pilot_r042_c045_person", "pair_0429_pilot_r042_c045_lightvehicle", "pair_0440_pilot_r042_c045_lightvehicle"], "publicationStatus": "ai-triage-native-review-required", "arrivalInterpretation": "This acquisition provides an earliest visible bound within the available imagery, not the actual arrival time of assistance."}}, {"type": "Feature", "id": "pilot_r038_c067", "geometry": {"type": "Polygon", "coordinates": [[[-66.9694044, 10.5997706], [-66.9671587, 10.5997706], [-66.9671587, 10.6019781], [-66.9694044, 10.6019781], [-66.9694044, 10.5997706]]]}, "properties": {"cellId": "pilot_r038_c067", "coveredByAois": ["external-msft-catia-la-mar-east-predicted-damage"], "stackStatus": "before_after", "firstVisibleAcquisitionUtc": "2026-06-26T15:09:37.473432Z", "hoursAfterEvent": 41.08, "timeWindow": "24_48h", "evidenceTier": "cross_model_positive_with_detector_delta", "consensus": "both_positive", "priorityScore": 185, "assetCategories": ["collection_or_staging", "temporary_shelter", "trucks_or_large_vehicles"], "cropPairIds": ["pair_0089_pilot_r038_c067_truck", "pair_0096_pilot_r038_c067_truck", "pair_0102_pilot_r038_c067_truck"], "publicationStatus": "ai-triage-native-review-required", "arrivalInterpretation": "This acquisition provides an earliest visible bound within the available imagery, not the actual arrival time of assistance."}}, {"type": "Feature", "id": "pilot_r005_c056", "geometry": {"type": "Polygon", "coordinates": [[[-66.9941081, 10.5269156], [-66.9918623, 10.5269156], [-66.9918623, 10.5291236], [-66.9941081, 10.5291236], [-66.9941081, 10.5269156]]]}, "properties": {"cellId": "pilot_r005_c056", "coveredByAois": ["external-msft-catia-la-mar-east-predicted-damage"], "stackStatus": "before_after", "firstVisibleAcquisitionUtc": "2026-06-26T15:09:37.473432Z", "hoursAfterEvent": 41.08, "timeWindow": "24_48h", "evidenceTier": "contested_positive_with_detector_delta", "consensus": "positive_negative_disagreement", "priorityScore": 180, "assetCategories": ["collection_or_staging", "heavy_machinery", "temporary_shelter"], "cropPairIds": [], "publicationStatus": "ai-triage-native-review-required", "arrivalInterpretation": "This acquisition provides an earliest visible bound within the available imagery, not the actual arrival time of assistance."}}, {"type": "Feature", "id": "pilot_r005_c059", "geometry": {"type": "Polygon", "coordinates": [[[-66.9873707, 10.5269156], [-66.985125, 10.5269156], [-66.985125, 10.5291236], [-66.9873707, 10.5291236], [-66.9873707, 10.5269156]]]}, "properties": {"cellId": "pilot_r005_c059", "coveredByAois": ["external-msft-catia-la-mar-east-predicted-damage"], "stackStatus": "before_after", "firstVisibleAcquisitionUtc": "2026-06-26T15:09:37.473432Z", "hoursAfterEvent": 41.08, "timeWindow": "24_48h", "evidenceTier": "contested_positive_with_detector_delta", "consensus": "positive_negative_disagreement", "priorityScore": 180, "assetCategories": ["collection_or_staging", "debris_clearance", "heavy_machinery"], "cropPairIds": ["pair_0259_pilot_r005_c059_digger", "pair_0455_pilot_r005_c059_container", "pair_0484_pilot_r005_c059_container"], "publicationStatus": "ai-triage-native-review-required", "arrivalInterpretation": "This acquisition provides an earliest visible bound within the available imagery, not the actual arrival time of assistance."}}, {"type": "Feature", "id": "pilot_r005_c061", "geometry": {"type": "Polygon", "coordinates": [[[-66.9828792, 10.5269156], [-66.9806334, 10.5269156], [-66.9806334, 10.5291236], [-66.9828792, 10.5291236], [-66.9828792, 10.5269156]]]}, "properties": {"cellId": "pilot_r005_c061", "coveredByAois": ["external-msft-catia-la-mar-east-predicted-damage"], "stackStatus": "before_after", "firstVisibleAcquisitionUtc": "2026-06-26T15:09:37.473432Z", "hoursAfterEvent": 41.08, "timeWindow": "24_48h", "evidenceTier": "contested_positive_with_detector_delta", "consensus": "positive_negative_disagreement", "priorityScore": 180, "assetCategories": ["heavy_machinery", "temporary_shelter"], "cropPairIds": ["pair_0292_pilot_r005_c061_truck"], "publicationStatus": "ai-triage-native-review-required", "arrivalInterpretation": "This acquisition provides an earliest visible bound within the available imagery, not the actual arrival time of assistance."}}, {"type": "Feature", "id": "pilot_r007_c062", "geometry": {"type": "Polygon", "coordinates": [[[-66.9806334, 10.5313316], [-66.9783876, 10.5313316], [-66.9783876, 10.5335395], [-66.9806334, 10.5335395], [-66.9806334, 10.5313316]]]}, "properties": {"cellId": "pilot_r007_c062", "coveredByAois": ["external-msft-catia-la-mar-east-predicted-damage"], "stackStatus": "before_after", "firstVisibleAcquisitionUtc": "2026-06-26T15:09:37.473432Z", "hoursAfterEvent": 41.08, "timeWindow": "24_48h", "evidenceTier": "cross_model_positive_with_detector_delta", "consensus": "both_positive", "priorityScore": 180, "assetCategories": ["collection_or_staging", "temporary_shelter"], "cropPairIds": ["pair_0415_pilot_r007_c062_person"], "publicationStatus": "ai-triage-native-review-required", "arrivalInterpretation": "This acquisition provides an earliest visible bound within the available imagery, not the actual arrival time of assistance."}}, {"type": "Feature", "id": "pilot_r008_c061", "geometry": {"type": "Polygon", "coordinates": [[[-66.9828792, 10.5335395], [-66.9806334, 10.5335395], [-66.9806334, 10.5357474], [-66.9828792, 10.5357474], [-66.9828792, 10.5335395]]]}, "properties": {"cellId": "pilot_r008_c061", "coveredByAois": ["external-msft-catia-la-mar-east-predicted-damage"], "stackStatus": "before_after", "firstVisibleAcquisitionUtc": "2026-06-26T15:09:37.473432Z", "hoursAfterEvent": 41.08, "timeWindow": "24_48h", "evidenceTier": "contested_positive_with_detector_delta", "consensus": "positive_uncertain_disagreement", "priorityScore": 180, "assetCategories": ["collection_or_staging", "debris_clearance", "heavy_machinery", "temporary_shelter"], "cropPairIds": ["pair_0241_pilot_r008_c061_digger", "pair_0249_pilot_r008_c061_digger", "pair_0302_pilot_r008_c061_truck"], "publicationStatus": "ai-triage-native-review-required", "arrivalInterpretation": "This acquisition provides an earliest visible bound within the available imagery, not the actual arrival time of assistance."}}, {"type": "Feature", "id": "pilot_r012_c056", "geometry": {"type": "Polygon", "coordinates": [[[-66.9941081, 10.5423712], [-66.9918623, 10.5423712], [-66.9918623, 10.544579], [-66.9941081, 10.544579], [-66.9941081, 10.5423712]]]}, "properties": {"cellId": "pilot_r012_c056", "coveredByAois": ["external-msft-catia-la-mar-east-predicted-damage"], "stackStatus": "before_after", "firstVisibleAcquisitionUtc": "2026-06-26T15:09:37.473432Z", "hoursAfterEvent": 41.08, "timeWindow": "24_48h", "evidenceTier": "cross_model_positive_with_detector_delta", "consensus": "both_positive", "priorityScore": 180, "assetCategories": ["collection_or_staging", "debris_clearance", "temporary_shelter"], "cropPairIds": ["pair_0154_pilot_r012_c056_container"], "publicationStatus": "ai-triage-native-review-required", "arrivalInterpretation": "This acquisition provides an earliest visible bound within the available imagery, not the actual arrival time of assistance."}}, {"type": "Feature", "id": "pilot_r014_c051", "geometry": {"type": "Polygon", "coordinates": [[[-67.0053371, 10.5467869], [-67.0030913, 10.5467869], [-67.0030913, 10.5489947], [-67.0053371, 10.5489947], [-67.0053371, 10.5467869]]]}, "properties": {"cellId": "pilot_r014_c051", "coveredByAois": ["external-msft-catia-la-mar-east-predicted-damage"], "stackStatus": "before_after", "firstVisibleAcquisitionUtc": "2026-06-26T15:09:37.473432Z", "hoursAfterEvent": 41.08, "timeWindow": "24_48h", "evidenceTier": "cross_model_positive_with_detector_delta", "consensus": "both_positive", "priorityScore": 180, "assetCategories": ["temporary_shelter"], "cropPairIds": ["pair_0126_pilot_r014_c051_truck", "pair_0135_pilot_r014_c051_bus"], "publicationStatus": "ai-triage-native-review-required", "arrivalInterpretation": "This acquisition provides an earliest visible bound within the available imagery, not the actual arrival time of assistance."}}, {"type": "Feature", "id": "pilot_r032_c032", "geometry": {"type": "Polygon", "coordinates": [[[-67.048007, 10.5865256], [-67.0457612, 10.5865256], [-67.0457612, 10.5887331], [-67.048007, 10.5887331], [-67.048007, 10.5865256]]]}, "properties": {"cellId": "pilot_r032_c032", "coveredByAois": ["emsr884-aoi12-caraballeda", "external-msft-catia-la-mar-predicted-damage"], "stackStatus": "before_after", "firstVisibleAcquisitionUtc": "2026-06-26T15:09:37.473432Z", "hoursAfterEvent": 41.08, "timeWindow": "24_48h", "evidenceTier": "cross_model_positive_with_detector_delta", "consensus": "both_positive", "priorityScore": 180, "assetCategories": ["collection_or_staging", "temporary_shelter"], "cropPairIds": ["pair_0193_pilot_r032_c032_container"], "publicationStatus": "ai-triage-native-review-required", "arrivalInterpretation": "This acquisition provides an earliest visible bound within the available imagery, not the actual arrival time of assistance."}}, {"type": "Feature", "id": "pilot_r035_c054", "geometry": {"type": "Polygon", "coordinates": [[[-66.9985997, 10.5931482], [-66.9963539, 10.5931482], [-66.9963539, 10.5953557], [-66.9985997, 10.5953557], [-66.9985997, 10.5931482]]]}, "properties": {"cellId": "pilot_r035_c054", "coveredByAois": ["external-msft-catia-la-mar-predicted-damage", "external-msft-catia-la-mar-east-predicted-damage"], "stackStatus": "before_after", "firstVisibleAcquisitionUtc": "2026-06-26T15:09:37.473432Z", "hoursAfterEvent": 41.08, "timeWindow": "24_48h", "evidenceTier": "cross_model_positive_with_detector_delta", "consensus": "both_positive", "priorityScore": 180, "assetCategories": ["collection_or_staging", "debris_clearance", "temporary_shelter"], "cropPairIds": ["pair_0074_pilot_r035_c054_digger", "pair_0131_pilot_r035_c054_truck"], "publicationStatus": "ai-triage-native-review-required", "arrivalInterpretation": "This acquisition provides an earliest visible bound within the available imagery, not the actual arrival time of assistance."}}, {"type": "Feature", "id": "pilot_r035_c059", "geometry": {"type": "Polygon", "coordinates": [[[-66.9873707, 10.5931482], [-66.985125, 10.5931482], [-66.985125, 10.5953557], [-66.9873707, 10.5953557], [-66.9873707, 10.5931482]]]}, "properties": {"cellId": "pilot_r035_c059", "coveredByAois": ["external-msft-catia-la-mar-east-predicted-damage"], "stackStatus": "before_after", "firstVisibleAcquisitionUtc": "2026-06-26T15:09:37.473432Z", "hoursAfterEvent": 41.08, "timeWindow": "24_48h", "evidenceTier": "cross_model_positive_with_detector_delta", "consensus": "both_positive", "priorityScore": 180, "assetCategories": ["trucks_or_large_vehicles"], "cropPairIds": ["pair_0101_pilot_r035_c059_truck", "pair_0203_pilot_r035_c059_container"], "publicationStatus": "ai-triage-native-review-required", "arrivalInterpretation": "This acquisition provides an earliest visible bound within the available imagery, not the actual arrival time of assistance."}}, {"type": "Feature", "id": "pilot_r036_c061", "geometry": {"type": "Polygon", "coordinates": [[[-66.9828792, 10.5953557], [-66.9806334, 10.5953557], [-66.9806334, 10.5975632], [-66.9828792, 10.5975632], [-66.9828792, 10.5953557]]]}, "properties": {"cellId": "pilot_r036_c061", "coveredByAois": ["external-msft-catia-la-mar-east-predicted-damage"], "stackStatus": "before_after", "firstVisibleAcquisitionUtc": "2026-06-26T15:09:37.473432Z", "hoursAfterEvent": 41.08, "timeWindow": "24_48h", "evidenceTier": "contested_positive_with_detector_delta", "consensus": "positive_negative_disagreement", "priorityScore": 180, "assetCategories": ["collection_or_staging", "heavy_machinery", "temporary_shelter"], "cropPairIds": ["pair_0245_pilot_r036_c061_digger", "pair_0272_pilot_r036_c061_truck", "pair_0282_pilot_r036_c061_truck"], "publicationStatus": "ai-triage-native-review-required", "arrivalInterpretation": "This acquisition provides an earliest visible bound within the available imagery, not the actual arrival time of assistance."}}, {"type": "Feature", "id": "pilot_r037_c061", "geometry": {"type": "Polygon", "coordinates": [[[-66.9828792, 10.5975632], [-66.9806334, 10.5975632], [-66.9806334, 10.5997706], [-66.9828792, 10.5997706], [-66.9828792, 10.5975632]]]}, "properties": {"cellId": "pilot_r037_c061", "coveredByAois": ["external-msft-catia-la-mar-east-predicted-damage"], "stackStatus": "before_after", "firstVisibleAcquisitionUtc": "2026-06-26T15:09:37.473432Z", "hoursAfterEvent": 41.08, "timeWindow": "24_48h", "evidenceTier": "contested_positive_with_detector_delta", "consensus": "positive_negative_disagreement", "priorityScore": 180, "assetCategories": ["collection_or_staging", "heavy_machinery", "temporary_shelter"], "cropPairIds": ["pair_0219_pilot_r037_c061_digger", "pair_0242_pilot_r037_c061_digger", "pair_0261_pilot_r037_c061_digger"], "publicationStatus": "ai-triage-native-review-required", "arrivalInterpretation": "This acquisition provides an earliest visible bound within the available imagery, not the actual arrival time of assistance."}}, {"type": "Feature", "id": "pilot_r037_c062", "geometry": {"type": "Polygon", "coordinates": [[[-66.9806334, 10.5975632], [-66.9783876, 10.5975632], [-66.9783876, 10.5997706], [-66.9806334, 10.5997706], [-66.9806334, 10.5975632]]]}, "properties": {"cellId": "pilot_r037_c062", "coveredByAois": ["external-msft-catia-la-mar-east-predicted-damage"], "stackStatus": "before_after", "firstVisibleAcquisitionUtc": "2026-06-26T15:09:37.473432Z", "hoursAfterEvent": 41.08, "timeWindow": "24_48h", "evidenceTier": "contested_positive_with_detector_delta", "consensus": "positive_uncertain_disagreement", "priorityScore": 180, "assetCategories": ["emergency_or_service_vehicle", "heavy_machinery", "trucks_or_large_vehicles"], "cropPairIds": ["pair_0228_pilot_r037_c062_digger", "pair_0273_pilot_r037_c062_truck", "pair_0288_pilot_r037_c062_truck"], "publicationStatus": "ai-triage-native-review-required", "arrivalInterpretation": "This acquisition provides an earliest visible bound within the available imagery, not the actual arrival time of assistance."}}, {"type": "Feature", "id": "pilot_r037_c064", "geometry": {"type": "Polygon", "coordinates": [[[-66.9761418, 10.5975632], [-66.973896, 10.5975632], [-66.973896, 10.5997706], [-66.9761418, 10.5997706], [-66.9761418, 10.5975632]]]}, "properties": {"cellId": "pilot_r037_c064", "coveredByAois": ["external-msft-catia-la-mar-east-predicted-damage"], "stackStatus": "before_after", "firstVisibleAcquisitionUtc": "2026-06-26T15:09:37.473432Z", "hoursAfterEvent": 41.08, "timeWindow": "24_48h", "evidenceTier": "contested_positive_with_detector_delta", "consensus": "positive_uncertain_disagreement", "priorityScore": 180, "assetCategories": ["collection_or_staging", "heavy_machinery", "temporary_shelter"], "cropPairIds": ["pair_0294_pilot_r037_c064_truck", "pair_0316_pilot_r037_c064_truck", "pair_0387_pilot_r037_c064_bus"], "publicationStatus": "ai-triage-native-review-required", "arrivalInterpretation": "This acquisition provides an earliest visible bound within the available imagery, not the actual arrival time of assistance."}}, {"type": "Feature", "id": "pilot_r037_c067", "geometry": {"type": "Polygon", "coordinates": [[[-66.9694044, 10.5975632], [-66.9671587, 10.5975632], [-66.9671587, 10.5997706], [-66.9694044, 10.5997706], [-66.9694044, 10.5975632]]]}, "properties": {"cellId": "pilot_r037_c067", "coveredByAois": ["external-msft-catia-la-mar-east-predicted-damage"], "stackStatus": "before_after", "firstVisibleAcquisitionUtc": "2026-06-26T15:09:37.473432Z", "hoursAfterEvent": 41.08, "timeWindow": "24_48h", "evidenceTier": "contested_positive_with_detector_delta", "consensus": "positive_uncertain_disagreement", "priorityScore": 180, "assetCategories": ["emergency_or_service_vehicle", "heavy_machinery", "temporary_shelter"], "cropPairIds": ["pair_0446_pilot_r037_c067_container"], "publicationStatus": "ai-triage-native-review-required", "arrivalInterpretation": "This acquisition provides an earliest visible bound within the available imagery, not the actual arrival time of assistance."}}, {"type": "Feature", "id": "pilot_r038_c035", "geometry": {"type": "Polygon", "coordinates": [[[-67.0412697, 10.5997706], [-67.0390239, 10.5997706], [-67.0390239, 10.6019781], [-67.0412697, 10.6019781], [-67.0412697, 10.5997706]]]}, "properties": {"cellId": "pilot_r038_c035", "coveredByAois": ["emsr884-aoi12-caraballeda", "external-msft-catia-la-mar-predicted-damage"], "stackStatus": "before_after", "firstVisibleAcquisitionUtc": "2026-06-26T15:09:37.473432Z", "hoursAfterEvent": 41.08, "timeWindow": "24_48h", "evidenceTier": "cross_model_positive_with_detector_delta", "consensus": "both_positive", "priorityScore": 180, "assetCategories": ["collection_or_staging", "temporary_shelter"], "cropPairIds": ["pair_0120_pilot_r038_c035_truck", "pair_0127_pilot_r038_c035_truck", "pair_0182_pilot_r038_c035_container"], "publicationStatus": "ai-triage-native-review-required", "arrivalInterpretation": "This acquisition provides an earliest visible bound within the available imagery, not the actual arrival time of assistance."}}, {"type": "Feature", "id": "pilot_r038_c036", "geometry": {"type": "Polygon", "coordinates": [[[-67.0390239, 10.5997706], [-67.0367781, 10.5997706], [-67.0367781, 10.6019781], [-67.0390239, 10.6019781], [-67.0390239, 10.5997706]]]}, "properties": {"cellId": "pilot_r038_c036", "coveredByAois": ["emsr884-aoi12-caraballeda", "external-msft-catia-la-mar-predicted-damage"], "stackStatus": "before_after", "firstVisibleAcquisitionUtc": "2026-06-26T15:09:37.473432Z", "hoursAfterEvent": 41.08, "timeWindow": "24_48h", "evidenceTier": "contested_positive_with_detector_delta", "consensus": "positive_negative_disagreement", "priorityScore": 180, "assetCategories": ["collection_or_staging", "debris_clearance", "heavy_machinery", "temporary_shelter"], "cropPairIds": [], "publicationStatus": "ai-triage-native-review-required", "arrivalInterpretation": "This acquisition provides an earliest visible bound within the available imagery, not the actual arrival time of assistance."}}, {"type": "Feature", "id": "pilot_r038_c043", "geometry": {"type": "Polygon", "coordinates": [[[-67.0233034, 10.5997706], [-67.0210576, 10.5997706], [-67.0210576, 10.6019781], [-67.0233034, 10.6019781], [-67.0233034, 10.5997706]]]}, "properties": {"cellId": "pilot_r038_c043", "coveredByAois": ["emsr884-aoi12-caraballeda", "external-msft-catia-la-mar-predicted-damage", "external-msft-catia-la-mar-east-predicted-damage"], "stackStatus": "before_after", "firstVisibleAcquisitionUtc": "2026-06-26T15:09:37.473432Z", "hoursAfterEvent": 41.08, "timeWindow": "24_48h", "evidenceTier": "contested_positive_with_detector_delta", "consensus": "positive_uncertain_disagreement", "priorityScore": 180, "assetCategories": ["collection_or_staging", "heavy_machinery"], "cropPairIds": ["pair_0328_pilot_r038_c043_truck", "pair_0352_pilot_r038_c043_truck"], "publicationStatus": "ai-triage-native-review-required", "arrivalInterpretation": "This acquisition provides an earliest visible bound within the available imagery, not the actual arrival time of assistance."}}, {"type": "Feature", "id": "pilot_r038_c046", "geometry": {"type": "Polygon", "coordinates": [[[-67.016566, 10.5997706], [-67.0143202, 10.5997706], [-67.0143202, 10.6019781], [-67.016566, 10.6019781], [-67.016566, 10.5997706]]]}, "properties": {"cellId": "pilot_r038_c046", "coveredByAois": ["emsr884-aoi12-caraballeda", "external-msft-catia-la-mar-predicted-damage", "external-msft-catia-la-mar-east-predicted-damage"], "stackStatus": "before_after", "firstVisibleAcquisitionUtc": "2026-06-26T15:09:37.473432Z", "hoursAfterEvent": 41.08, "timeWindow": "24_48h", "evidenceTier": "cross_model_positive_with_detector_delta", "consensus": "both_positive", "priorityScore": 180, "assetCategories": ["collection_or_staging", "debris_clearance", "temporary_shelter"], "cropPairIds": ["pair_0075_pilot_r038_c046_digger", "pair_0110_pilot_r038_c046_truck", "pair_0169_pilot_r038_c046_container"], "publicationStatus": "ai-triage-native-review-required", "arrivalInterpretation": "This acquisition provides an earliest visible bound within the available imagery, not the actual arrival time of assistance."}}, {"type": "Feature", "id": "pilot_r039_c042", "geometry": {"type": "Polygon", "coordinates": [[[-67.0255491, 10.6019781], [-67.0233034, 10.6019781], [-67.0233034, 10.6041855], [-67.0255491, 10.6041855], [-67.0255491, 10.6019781]]]}, "properties": {"cellId": "pilot_r039_c042", "coveredByAois": ["emsr884-aoi12-caraballeda", "external-msft-catia-la-mar-predicted-damage", "external-msft-catia-la-mar-east-predicted-damage"], "stackStatus": "before_after", "firstVisibleAcquisitionUtc": "2026-06-26T15:09:37.473432Z", "hoursAfterEvent": 41.08, "timeWindow": "24_48h", "evidenceTier": "cross_model_positive_with_detector_delta", "consensus": "both_positive", "priorityScore": 180, "assetCategories": ["collection_or_staging", "temporary_shelter"], "cropPairIds": ["pair_0081_pilot_r039_c042_digger", "pair_0115_pilot_r039_c042_truck", "pair_0116_pilot_r039_c042_truck"], "publicationStatus": "ai-triage-native-review-required", "arrivalInterpretation": "This acquisition provides an earliest visible bound within the available imagery, not the actual arrival time of assistance."}}, {"type": "Feature", "id": "pilot_r040_c043", "geometry": {"type": "Polygon", "coordinates": [[[-67.0233034, 10.6041855], [-67.0210576, 10.6041855], [-67.0210576, 10.606393], [-67.0233034, 10.606393], [-67.0233034, 10.6041855]]]}, "properties": {"cellId": "pilot_r040_c043", "coveredByAois": ["emsr884-aoi12-caraballeda", "external-msft-catia-la-mar-predicted-damage", "external-msft-catia-la-mar-east-predicted-damage"], "stackStatus": "before_after", "firstVisibleAcquisitionUtc": "2026-06-26T15:09:37.473432Z", "hoursAfterEvent": 41.08, "timeWindow": "24_48h", "evidenceTier": "cross_model_positive_with_detector_delta", "consensus": "both_positive", "priorityScore": 180, "assetCategories": ["collection_or_staging", "debris_clearance", "temporary_shelter"], "cropPairIds": ["pair_0183_pilot_r040_c043_container", "pair_0211_pilot_r040_c043_container"], "publicationStatus": "ai-triage-native-review-required", "arrivalInterpretation": "This acquisition provides an earliest visible bound within the available imagery, not the actual arrival time of assistance."}}, {"type": "Feature", "id": "pilot_r040_c045", "geometry": {"type": "Polygon", "coordinates": [[[-67.0188118, 10.6041855], [-67.016566, 10.6041855], [-67.016566, 10.606393], [-67.0188118, 10.606393], [-67.0188118, 10.6041855]]]}, "properties": {"cellId": "pilot_r040_c045", "coveredByAois": ["emsr884-aoi12-caraballeda", "external-msft-catia-la-mar-predicted-damage", "external-msft-catia-la-mar-east-predicted-damage"], "stackStatus": "before_after", "firstVisibleAcquisitionUtc": "2026-06-26T15:09:37.473432Z", "hoursAfterEvent": 41.08, "timeWindow": "24_48h", "evidenceTier": "contested_positive_with_detector_delta", "consensus": "positive_uncertain_disagreement", "priorityScore": 180, "assetCategories": ["collection_or_staging", "heavy_machinery"], "cropPairIds": ["pair_0296_pilot_r040_c045_truck"], "publicationStatus": "ai-triage-native-review-required", "arrivalInterpretation": "This acquisition provides an earliest visible bound within the available imagery, not the actual arrival time of assistance."}}, {"type": "Feature", "id": "pilot_r041_c040", "geometry": {"type": "Polygon", "coordinates": [[[-67.0300407, 10.606393], [-67.0277949, 10.606393], [-67.0277949, 10.6086004], [-67.0300407, 10.6086004], [-67.0300407, 10.606393]]]}, "properties": {"cellId": "pilot_r041_c040", "coveredByAois": ["emsr884-aoi12-caraballeda", "external-msft-catia-la-mar-predicted-damage", "external-msft-catia-la-mar-east-predicted-damage"], "stackStatus": "before_after", "firstVisibleAcquisitionUtc": "2026-06-26T15:09:37.473432Z", "hoursAfterEvent": 41.08, "timeWindow": "24_48h", "evidenceTier": "cross_model_positive_with_detector_delta", "consensus": "both_positive", "priorityScore": 180, "assetCategories": ["collection_or_staging", "debris_clearance", "temporary_shelter"], "cropPairIds": ["pair_0170_pilot_r041_c040_container", "pair_0199_pilot_r041_c040_container"], "publicationStatus": "ai-triage-native-review-required", "arrivalInterpretation": "This acquisition provides an earliest visible bound within the available imagery, not the actual arrival time of assistance."}}, {"type": "Feature", "id": "pilot_r042_c040", "geometry": {"type": "Polygon", "coordinates": [[[-67.0300407, 10.6086004], [-67.0277949, 10.6086004], [-67.0277949, 10.6108078], [-67.0300407, 10.6108078], [-67.0300407, 10.6086004]]]}, "properties": {"cellId": "pilot_r042_c040", "coveredByAois": ["emsr884-aoi12-caraballeda", "external-msft-catia-la-mar-predicted-damage", "external-msft-catia-la-mar-east-predicted-damage"], "stackStatus": "before_after", "firstVisibleAcquisitionUtc": "2026-06-26T15:09:37.473432Z", "hoursAfterEvent": 41.08, "timeWindow": "24_48h", "evidenceTier": "cross_model_positive_with_detector_delta", "consensus": "both_positive", "priorityScore": 180, "assetCategories": ["collection_or_staging", "debris_clearance", "temporary_shelter"], "cropPairIds": ["pair_0097_pilot_r042_c040_truck", "pair_0104_pilot_r042_c040_truck", "pair_0108_pilot_r042_c040_truck"], "publicationStatus": "ai-triage-native-review-required", "arrivalInterpretation": "This acquisition provides an earliest visible bound within the available imagery, not the actual arrival time of assistance."}}, {"type": "Feature", "id": "pilot_r006_c065", "geometry": {"type": "Polygon", "coordinates": [[[-66.973896, 10.5291236], [-66.9716502, 10.5291236], [-66.9716502, 10.5313316], [-66.973896, 10.5313316], [-66.973896, 10.5291236]]]}, "properties": {"cellId": "pilot_r006_c065", "coveredByAois": ["external-msft-catia-la-mar-east-predicted-damage"], "stackStatus": "before_after", "firstVisibleAcquisitionUtc": "2026-06-26T15:09:37.473432Z", "hoursAfterEvent": 41.08, "timeWindow": "24_48h", "evidenceTier": "contested_positive_with_detector_delta", "consensus": "positive_uncertain_disagreement", "priorityScore": 175, "assetCategories": ["temporary_shelter", "trucks_or_large_vehicles"], "cropPairIds": ["pair_0311_pilot_r006_c065_truck"], "publicationStatus": "ai-triage-native-review-required", "arrivalInterpretation": "This acquisition provides an earliest visible bound within the available imagery, not the actual arrival time of assistance."}}, {"type": "Feature", "id": "pilot_r012_c054", "geometry": {"type": "Polygon", "coordinates": [[[-66.9985997, 10.5423712], [-66.9963539, 10.5423712], [-66.9963539, 10.544579], [-66.9985997, 10.544579], [-66.9985997, 10.5423712]]]}, "properties": {"cellId": "pilot_r012_c054", "coveredByAois": ["external-msft-catia-la-mar-east-predicted-damage"], "stackStatus": "before_after", "firstVisibleAcquisitionUtc": "2026-06-26T15:09:37.473432Z", "hoursAfterEvent": 41.08, "timeWindow": "24_48h", "evidenceTier": "contested_positive_with_detector_delta", "consensus": "positive_negative_disagreement", "priorityScore": 175, "assetCategories": ["collection_or_staging", "trucks_or_large_vehicles"], "cropPairIds": ["pair_0445_pilot_r012_c054_bus"], "publicationStatus": "ai-triage-native-review-required", "arrivalInterpretation": "This acquisition provides an earliest visible bound within the available imagery, not the actual arrival time of assistance."}}, {"type": "Feature", "id": "pilot_r013_c052", "geometry": {"type": "Polygon", "coordinates": [[[-67.0030913, 10.544579], [-67.0008455, 10.544579], [-67.0008455, 10.5467869], [-67.0030913, 10.5467869], [-67.0030913, 10.544579]]]}, "properties": {"cellId": "pilot_r013_c052", "coveredByAois": ["external-msft-catia-la-mar-east-predicted-damage"], "stackStatus": "before_after", "firstVisibleAcquisitionUtc": "2026-06-26T15:09:37.473432Z", "hoursAfterEvent": 41.08, "timeWindow": "24_48h", "evidenceTier": "contested_positive", "consensus": "positive_uncertain_disagreement", "priorityScore": 175, "assetCategories": ["collection_or_staging", "emergency_or_service_vehicle", "trucks_or_large_vehicles"], "cropPairIds": [], "publicationStatus": "ai-triage-native-review-required", "arrivalInterpretation": "This acquisition provides an earliest visible bound within the available imagery, not the actual arrival time of assistance."}}, {"type": "Feature", "id": "pilot_r013_c054", "geometry": {"type": "Polygon", "coordinates": [[[-66.9985997, 10.544579], [-66.9963539, 10.544579], [-66.9963539, 10.5467869], [-66.9985997, 10.5467869], [-66.9985997, 10.544579]]]}, "properties": {"cellId": "pilot_r013_c054", "coveredByAois": ["external-msft-catia-la-mar-east-predicted-damage"], "stackStatus": "before_after", "firstVisibleAcquisitionUtc": "2026-06-26T15:09:37.473432Z", "hoursAfterEvent": 41.08, "timeWindow": "24_48h", "evidenceTier": "contested_positive_with_detector_delta", "consensus": "positive_uncertain_disagreement", "priorityScore": 175, "assetCategories": ["temporary_shelter", "trucks_or_large_vehicles"], "cropPairIds": ["pair_0278_pilot_r013_c054_digger"], "publicationStatus": "ai-triage-native-review-required", "arrivalInterpretation": "This acquisition provides an earliest visible bound within the available imagery, not the actual arrival time of assistance."}}, {"type": "Feature", "id": "pilot_r020_c026", "geometry": {"type": "Polygon", "coordinates": [[[-67.0614818, 10.5600337], [-67.059236, 10.5600337], [-67.059236, 10.5622414], [-67.0614818, 10.5622414], [-67.0614818, 10.5600337]]]}, "properties": {"cellId": "pilot_r020_c026", "coveredByAois": ["external-msft-catia-la-mar-predicted-damage"], "stackStatus": "before_after", "firstVisibleAcquisitionUtc": "2026-06-26T15:09:37.473432Z", "hoursAfterEvent": 41.08, "timeWindow": "24_48h", "evidenceTier": "contested_positive_with_detector_delta", "consensus": "positive_uncertain_disagreement", "priorityScore": 175, "assetCategories": ["collection_or_staging", "debris_clearance", "temporary_shelter", "trucks_or_large_vehicles"], "cropPairIds": [], "publicationStatus": "ai-triage-native-review-required", "arrivalInterpretation": "This acquisition provides an earliest visible bound within the available imagery, not the actual arrival time of assistance."}}, {"type": "Feature", "id": "pilot_r022_c028", "geometry": {"type": "Polygon", "coordinates": [[[-67.0569902, 10.5644492], [-67.0547444, 10.5644492], [-67.0547444, 10.5666569], [-67.0569902, 10.5666569], [-67.0569902, 10.5644492]]]}, "properties": {"cellId": "pilot_r022_c028", "coveredByAois": ["external-msft-catia-la-mar-predicted-damage"], "stackStatus": "before_after", "firstVisibleAcquisitionUtc": "2026-06-26T15:09:37.473432Z", "hoursAfterEvent": 41.08, "timeWindow": "24_48h", "evidenceTier": "contested_positive_with_detector_delta", "consensus": "positive_negative_disagreement", "priorityScore": 175, "assetCategories": ["collection_or_staging", "temporary_shelter", "trucks_or_large_vehicles"], "cropPairIds": ["pair_0265_pilot_r022_c028_digger"], "publicationStatus": "ai-triage-native-review-required", "arrivalInterpretation": "This acquisition provides an earliest visible bound within the available imagery, not the actual arrival time of assistance."}}, {"type": "Feature", "id": "pilot_r026_c049", "geometry": {"type": "Polygon", "coordinates": [[[-67.0098286, 10.5732799], [-67.0075828, 10.5732799], [-67.0075828, 10.5754876], [-67.0098286, 10.5754876], [-67.0098286, 10.5732799]]]}, "properties": {"cellId": "pilot_r026_c049", "coveredByAois": ["external-msft-catia-la-mar-predicted-damage", "external-msft-catia-la-mar-east-predicted-damage"], "stackStatus": "before_after", "firstVisibleAcquisitionUtc": "2026-06-26T15:09:37.473432Z", "hoursAfterEvent": 41.08, "timeWindow": "24_48h", "evidenceTier": "contested_positive_with_detector_delta", "consensus": "positive_negative_disagreement", "priorityScore": 175, "assetCategories": ["collection_or_staging", "debris_clearance", "trucks_or_large_vehicles"], "cropPairIds": ["pair_0324_pilot_r026_c049_truck"], "publicationStatus": "ai-triage-native-review-required", "arrivalInterpretation": "This acquisition provides an earliest visible bound within the available imagery, not the actual arrival time of assistance."}}, {"type": "Feature", "id": "pilot_r028_c042", "geometry": {"type": "Polygon", "coordinates": [[[-67.0255491, 10.5776952], [-67.0233034, 10.5776952], [-67.0233034, 10.5799028], [-67.0255491, 10.5799028], [-67.0255491, 10.5776952]]]}, "properties": {"cellId": "pilot_r028_c042", "coveredByAois": ["external-msft-catia-la-mar-predicted-damage", "external-msft-catia-la-mar-east-predicted-damage"], "stackStatus": "before_after", "firstVisibleAcquisitionUtc": "2026-06-26T15:09:37.473432Z", "hoursAfterEvent": 41.08, "timeWindow": "24_48h", "evidenceTier": "contested_positive_with_detector_delta", "consensus": "positive_uncertain_disagreement", "priorityScore": 175, "assetCategories": ["collection_or_staging", "emergency_or_service_vehicle", "temporary_shelter", "trucks_or_large_vehicles"], "cropPairIds": [], "publicationStatus": "ai-triage-native-review-required", "arrivalInterpretation": "This acquisition provides an earliest visible bound within the available imagery, not the actual arrival time of assistance."}}, {"type": "Feature", "id": "pilot_r030_c055", "geometry": {"type": "Polygon", "coordinates": [[[-66.9963539, 10.5821104], [-66.9941081, 10.5821104], [-66.9941081, 10.584318], [-66.9963539, 10.584318], [-66.9963539, 10.5821104]]]}, "properties": {"cellId": "pilot_r030_c055", "coveredByAois": ["external-msft-catia-la-mar-predicted-damage", "external-msft-catia-la-mar-east-predicted-damage"], "stackStatus": "before_after", "firstVisibleAcquisitionUtc": "2026-06-26T15:09:37.473432Z", "hoursAfterEvent": 41.08, "timeWindow": "24_48h", "evidenceTier": "contested_positive_with_detector_delta", "consensus": "positive_negative_disagreement", "priorityScore": 175, "assetCategories": ["collection_or_staging", "emergency_or_service_vehicle", "temporary_shelter", "trucks_or_large_vehicles"], "cropPairIds": ["pair_0410_pilot_r030_c055_bus"], "publicationStatus": "ai-triage-native-review-required", "arrivalInterpretation": "This acquisition provides an earliest visible bound within the available imagery, not the actual arrival time of assistance."}}, {"type": "Feature", "id": "pilot_r031_c017", "geometry": {"type": "Polygon", "coordinates": [[[-67.0816939, 10.584318], [-67.0794481, 10.584318], [-67.0794481, 10.5865256], [-67.0816939, 10.5865256], [-67.0816939, 10.584318]]]}, "properties": {"cellId": "pilot_r031_c017", "coveredByAois": ["emsr884-aoi12-caraballeda", "external-msft-catia-la-mar-predicted-damage"], "stackStatus": "before_after", "firstVisibleAcquisitionUtc": "2026-06-26T15:09:37.473432Z", "hoursAfterEvent": 41.08, "timeWindow": "24_48h", "evidenceTier": "contested_positive", "consensus": "positive_negative_disagreement", "priorityScore": 175, "assetCategories": ["temporary_shelter", "trucks_or_large_vehicles"], "cropPairIds": [], "publicationStatus": "ai-triage-native-review-required", "arrivalInterpretation": "This acquisition provides an earliest visible bound within the available imagery, not the actual arrival time of assistance."}}, {"type": "Feature", "id": "pilot_r033_c028", "geometry": {"type": "Polygon", "coordinates": [[[-67.0569902, 10.5887331], [-67.0547444, 10.5887331], [-67.0547444, 10.5909407], [-67.0569902, 10.5909407], [-67.0569902, 10.5887331]]]}, "properties": {"cellId": "pilot_r033_c028", "coveredByAois": ["emsr884-aoi12-caraballeda", "external-msft-catia-la-mar-predicted-damage"], "stackStatus": "before_after", "firstVisibleAcquisitionUtc": "2026-06-26T15:09:37.473432Z", "hoursAfterEvent": 41.08, "timeWindow": "24_48h", "evidenceTier": "contested_positive_with_detector_delta", "consensus": "positive_negative_disagreement", "priorityScore": 175, "assetCategories": ["emergency_or_service_vehicle", "temporary_shelter", "trucks_or_large_vehicles"], "cropPairIds": ["pair_0463_pilot_r033_c028_container", "pair_0487_pilot_r033_c028_container", "pair_0500_pilot_r033_c028_container"], "publicationStatus": "ai-triage-native-review-required", "arrivalInterpretation": "This acquisition provides an earliest visible bound within the available imagery, not the actual arrival time of assistance."}}, {"type": "Feature", "id": "pilot_r034_c057", "geometry": {"type": "Polygon", "coordinates": [[[-66.9918623, 10.5909407], [-66.9896165, 10.5909407], [-66.9896165, 10.5931482], [-66.9918623, 10.5931482], [-66.9918623, 10.5909407]]]}, "properties": {"cellId": "pilot_r034_c057", "coveredByAois": ["external-msft-catia-la-mar-predicted-damage", "external-msft-catia-la-mar-east-predicted-damage"], "stackStatus": "before_after", "firstVisibleAcquisitionUtc": "2026-06-26T15:09:37.473432Z", "hoursAfterEvent": 41.08, "timeWindow": "24_48h", "evidenceTier": "contested_positive_with_detector_delta", "consensus": "positive_uncertain_disagreement", "priorityScore": 175, "assetCategories": ["collection_or_staging", "temporary_shelter", "trucks_or_large_vehicles"], "cropPairIds": ["pair_0392_pilot_r034_c057_truck"], "publicationStatus": "ai-triage-native-review-required", "arrivalInterpretation": "This acquisition provides an earliest visible bound within the available imagery, not the actual arrival time of assistance."}}, {"type": "Feature", "id": "pilot_r035_c047", "geometry": {"type": "Polygon", "coordinates": [[[-67.0143202, 10.5931482], [-67.0120744, 10.5931482], [-67.0120744, 10.5953557], [-67.0143202, 10.5953557], [-67.0143202, 10.5931482]]]}, "properties": {"cellId": "pilot_r035_c047", "coveredByAois": ["external-msft-catia-la-mar-predicted-damage", "external-msft-catia-la-mar-east-predicted-damage"], "stackStatus": "before_after", "firstVisibleAcquisitionUtc": "2026-06-26T15:09:37.473432Z", "hoursAfterEvent": 41.08, "timeWindow": "24_48h", "evidenceTier": "contested_positive_with_detector_delta", "consensus": "positive_negative_disagreement", "priorityScore": 175, "assetCategories": ["collection_or_staging", "temporary_shelter", "trucks_or_large_vehicles"], "cropPairIds": ["pair_0281_pilot_r035_c047_digger", "pair_0325_pilot_r035_c047_truck", "pair_0399_pilot_r035_c047_truck"], "publicationStatus": "ai-triage-native-review-required", "arrivalInterpretation": "This acquisition provides an earliest visible bound within the available imagery, not the actual arrival time of assistance."}}, {"type": "Feature", "id": "pilot_r035_c051", "geometry": {"type": "Polygon", "coordinates": [[[-67.0053371, 10.5931482], [-67.0030913, 10.5931482], [-67.0030913, 10.5953557], [-67.0053371, 10.5953557], [-67.0053371, 10.5931482]]]}, "properties": {"cellId": "pilot_r035_c051", "coveredByAois": ["external-msft-catia-la-mar-predicted-damage", "external-msft-catia-la-mar-east-predicted-damage"], "stackStatus": "before_after", "firstVisibleAcquisitionUtc": "2026-06-26T15:09:37.473432Z", "hoursAfterEvent": 41.08, "timeWindow": "24_48h", "evidenceTier": "contested_positive_with_detector_delta", "consensus": "positive_negative_disagreement", "priorityScore": 175, "assetCategories": ["collection_or_staging", "temporary_shelter", "trucks_or_large_vehicles"], "cropPairIds": [], "publicationStatus": "ai-triage-native-review-required", "arrivalInterpretation": "This acquisition provides an earliest visible bound within the available imagery, not the actual arrival time of assistance."}}, {"type": "Feature", "id": "pilot_r035_c058", "geometry": {"type": "Polygon", "coordinates": [[[-66.9896165, 10.5931482], [-66.9873707, 10.5931482], [-66.9873707, 10.5953557], [-66.9896165, 10.5953557], [-66.9896165, 10.5931482]]]}, "properties": {"cellId": "pilot_r035_c058", "coveredByAois": ["external-msft-catia-la-mar-predicted-damage", "external-msft-catia-la-mar-east-predicted-damage"], "stackStatus": "before_after", "firstVisibleAcquisitionUtc": "2026-06-26T15:09:37.473432Z", "hoursAfterEvent": 41.08, "timeWindow": "24_48h", "evidenceTier": "contested_positive_with_detector_delta", "consensus": "positive_uncertain_disagreement", "priorityScore": 175, "assetCategories": ["collection_or_staging", "temporary_shelter", "trucks_or_large_vehicles"], "cropPairIds": ["pair_0341_pilot_r035_c058_truck", "pair_0361_pilot_r035_c058_truck", "pair_0380_pilot_r035_c058_truck"], "publicationStatus": "ai-triage-native-review-required", "arrivalInterpretation": "This acquisition provides an earliest visible bound within the available imagery, not the actual arrival time of assistance."}}, {"type": "Feature", "id": "pilot_r036_c047", "geometry": {"type": "Polygon", "coordinates": [[[-67.0143202, 10.5953557], [-67.0120744, 10.5953557], [-67.0120744, 10.5975632], [-67.0143202, 10.5975632], [-67.0143202, 10.5953557]]]}, "properties": {"cellId": "pilot_r036_c047", "coveredByAois": ["external-msft-catia-la-mar-predicted-damage", "external-msft-catia-la-mar-east-predicted-damage"], "stackStatus": "before_after", "firstVisibleAcquisitionUtc": "2026-06-26T15:09:37.473432Z", "hoursAfterEvent": 41.08, "timeWindow": "24_48h", "evidenceTier": "contested_positive_with_detector_delta", "consensus": "positive_uncertain_disagreement", "priorityScore": 175, "assetCategories": ["collection_or_staging", "trucks_or_large_vehicles"], "cropPairIds": ["pair_0386_pilot_r036_c047_truck"], "publicationStatus": "ai-triage-native-review-required", "arrivalInterpretation": "This acquisition provides an earliest visible bound within the available imagery, not the actual arrival time of assistance."}}, {"type": "Feature", "id": "pilot_r036_c057", "geometry": {"type": "Polygon", "coordinates": [[[-66.9918623, 10.5953557], [-66.9896165, 10.5953557], [-66.9896165, 10.5975632], [-66.9918623, 10.5975632], [-66.9918623, 10.5953557]]]}, "properties": {"cellId": "pilot_r036_c057", "coveredByAois": ["external-msft-catia-la-mar-predicted-damage", "external-msft-catia-la-mar-east-predicted-damage"], "stackStatus": "before_after", "firstVisibleAcquisitionUtc": "2026-06-26T15:09:37.473432Z", "hoursAfterEvent": 41.08, "timeWindow": "24_48h", "evidenceTier": "contested_positive_with_detector_delta", "consensus": "positive_uncertain_disagreement", "priorityScore": 175, "assetCategories": ["temporary_shelter", "trucks_or_large_vehicles"], "cropPairIds": ["pair_0300_pilot_r036_c057_truck", "pair_0394_pilot_r036_c057_truck"], "publicationStatus": "ai-triage-native-review-required", "arrivalInterpretation": "This acquisition provides an earliest visible bound within the available imagery, not the actual arrival time of assistance."}}, {"type": "Feature", "id": "pilot_r038_c037", "geometry": {"type": "Polygon", "coordinates": [[[-67.0367781, 10.5997706], [-67.0345323, 10.5997706], [-67.0345323, 10.6019781], [-67.0367781, 10.6019781], [-67.0367781, 10.5997706]]]}, "properties": {"cellId": "pilot_r038_c037", "coveredByAois": ["emsr884-aoi12-caraballeda", "external-msft-catia-la-mar-predicted-damage", "external-msft-catia-la-mar-east-predicted-damage"], "stackStatus": "before_after", "firstVisibleAcquisitionUtc": "2026-06-26T15:09:37.473432Z", "hoursAfterEvent": 41.08, "timeWindow": "24_48h", "evidenceTier": "contested_positive_with_detector_delta", "consensus": "positive_negative_disagreement", "priorityScore": 175, "assetCategories": ["collection_or_staging", "temporary_shelter", "trucks_or_large_vehicles"], "cropPairIds": ["pair_0388_pilot_r038_c037_truck"], "publicationStatus": "ai-triage-native-review-required", "arrivalInterpretation": "This acquisition provides an earliest visible bound within the available imagery, not the actual arrival time of assistance."}}, {"type": "Feature", "id": "pilot_r038_c038", "geometry": {"type": "Polygon", "coordinates": [[[-67.0345323, 10.5997706], [-67.0322865, 10.5997706], [-67.0322865, 10.6019781], [-67.0345323, 10.6019781], [-67.0345323, 10.5997706]]]}, "properties": {"cellId": "pilot_r038_c038", "coveredByAois": ["emsr884-aoi12-caraballeda", "external-msft-catia-la-mar-predicted-damage", "external-msft-catia-la-mar-east-predicted-damage"], "stackStatus": "before_after", "firstVisibleAcquisitionUtc": "2026-06-26T15:09:37.473432Z", "hoursAfterEvent": 41.08, "timeWindow": "24_48h", "evidenceTier": "contested_positive_with_detector_delta", "consensus": "positive_uncertain_disagreement", "priorityScore": 175, "assetCategories": ["collection_or_staging", "emergency_or_service_vehicle", "temporary_shelter", "trucks_or_large_vehicles"], "cropPairIds": ["pair_0389_pilot_r038_c038_truck", "pair_0395_pilot_r038_c038_truck"], "publicationStatus": "ai-triage-native-review-required", "arrivalInterpretation": "This acquisition provides an earliest visible bound within the available imagery, not the actual arrival time of assistance."}}, {"type": "Feature", "id": "pilot_r040_c041", "geometry": {"type": "Polygon", "coordinates": [[[-67.0277949, 10.6041855], [-67.0255491, 10.6041855], [-67.0255491, 10.606393], [-67.0277949, 10.606393], [-67.0277949, 10.6041855]]]}, "properties": {"cellId": "pilot_r040_c041", "coveredByAois": ["emsr884-aoi12-caraballeda", "external-msft-catia-la-mar-predicted-damage", "external-msft-catia-la-mar-east-predicted-damage"], "stackStatus": "before_after", "firstVisibleAcquisitionUtc": "2026-06-26T15:09:37.473432Z", "hoursAfterEvent": 41.08, "timeWindow": "24_48h", "evidenceTier": "contested_positive_with_detector_delta", "consensus": "positive_uncertain_disagreement", "priorityScore": 175, "assetCategories": ["collection_or_staging", "debris_clearance", "temporary_shelter", "trucks_or_large_vehicles"], "cropPairIds": ["pair_0460_pilot_r040_c041_container", "pair_0474_pilot_r040_c041_container", "pair_0491_pilot_r040_c041_container"], "publicationStatus": "ai-triage-native-review-required", "arrivalInterpretation": "This acquisition provides an earliest visible bound within the available imagery, not the actual arrival time of assistance."}}, {"type": "Feature", "id": "pilot_r042_c039", "geometry": {"type": "Polygon", "coordinates": [[[-67.0322865, 10.6086004], [-67.0300407, 10.6086004], [-67.0300407, 10.6108078], [-67.0322865, 10.6108078], [-67.0322865, 10.6086004]]]}, "properties": {"cellId": "pilot_r042_c039", "coveredByAois": ["emsr884-aoi12-caraballeda", "external-msft-catia-la-mar-predicted-damage", "external-msft-catia-la-mar-east-predicted-damage"], "stackStatus": "before_after", "firstVisibleAcquisitionUtc": "2026-06-26T15:09:37.473432Z", "hoursAfterEvent": 41.08, "timeWindow": "24_48h", "evidenceTier": "contested_positive_with_detector_delta", "consensus": "positive_negative_disagreement", "priorityScore": 175, "assetCategories": ["collection_or_staging", "debris_clearance", "temporary_shelter", "trucks_or_large_vehicles"], "cropPairIds": ["pair_0290_pilot_r042_c039_digger", "pair_0479_pilot_r042_c039_container", "pair_0493_pilot_r042_c039_container"], "publicationStatus": "ai-triage-native-review-required", "arrivalInterpretation": "This acquisition provides an earliest visible bound within the available imagery, not the actual arrival time of assistance."}}, {"type": "Feature", "id": "pilot_r042_c043", "geometry": {"type": "Polygon", "coordinates": [[[-67.0233034, 10.6086004], [-67.0210576, 10.6086004], [-67.0210576, 10.6108078], [-67.0233034, 10.6108078], [-67.0233034, 10.6086004]]]}, "properties": {"cellId": "pilot_r042_c043", "coveredByAois": ["emsr884-aoi12-caraballeda", "external-msft-catia-la-mar-predicted-damage", "external-msft-catia-la-mar-east-predicted-damage"], "stackStatus": "before_after", "firstVisibleAcquisitionUtc": "2026-06-26T15:09:37.473432Z", "hoursAfterEvent": 41.08, "timeWindow": "24_48h", "evidenceTier": "contested_positive_with_detector_delta", "consensus": "positive_uncertain_disagreement", "priorityScore": 175, "assetCategories": ["collection_or_staging", "debris_clearance", "trucks_or_large_vehicles"], "cropPairIds": ["pair_0397_pilot_r042_c043_truck", "pair_0480_pilot_r042_c043_container", "pair_0481_pilot_r042_c043_container"], "publicationStatus": "ai-triage-native-review-required", "arrivalInterpretation": "This acquisition provides an earliest visible bound within the available imagery, not the actual arrival time of assistance."}}, {"type": "Feature", "id": "pilot_r042_c046", "geometry": {"type": "Polygon", "coordinates": [[[-67.016566, 10.6086004], [-67.0143202, 10.6086004], [-67.0143202, 10.6108078], [-67.016566, 10.6108078], [-67.016566, 10.6086004]]]}, "properties": {"cellId": "pilot_r042_c046", "coveredByAois": ["emsr884-aoi12-caraballeda", "external-msft-catia-la-mar-predicted-damage", "external-msft-catia-la-mar-east-predicted-damage"], "stackStatus": "before_after", "firstVisibleAcquisitionUtc": "2026-06-26T15:09:37.473432Z", "hoursAfterEvent": 41.08, "timeWindow": "24_48h", "evidenceTier": "contested_positive_with_detector_delta", "consensus": "positive_uncertain_disagreement", "priorityScore": 175, "assetCategories": ["collection_or_staging", "debris_clearance", "emergency_or_service_vehicle", "temporary_shelter", "trucks_or_large_vehicles"], "cropPairIds": [], "publicationStatus": "ai-triage-native-review-required", "arrivalInterpretation": "This acquisition provides an earliest visible bound within the available imagery, not the actual arrival time of assistance."}}, {"type": "Feature", "id": "pilot_r042_c059", "geometry": {"type": "Polygon", "coordinates": [[[-66.9873707, 10.6086004], [-66.985125, 10.6086004], [-66.985125, 10.6108078], [-66.9873707, 10.6108078], [-66.9873707, 10.6086004]]]}, "properties": {"cellId": "pilot_r042_c059", "coveredByAois": ["emsr884-aoi12-caraballeda", "external-msft-catia-la-mar-east-predicted-damage"], "stackStatus": "before_after", "firstVisibleAcquisitionUtc": "2026-06-26T15:09:37.473432Z", "hoursAfterEvent": 41.08, "timeWindow": "24_48h", "evidenceTier": "contested_positive_with_detector_delta", "consensus": "positive_uncertain_disagreement", "priorityScore": 175, "assetCategories": ["temporary_shelter", "trucks_or_large_vehicles"], "cropPairIds": [], "publicationStatus": "ai-triage-native-review-required", "arrivalInterpretation": "This acquisition provides an earliest visible bound within the available imagery, not the actual arrival time of assistance."}}, {"type": "Feature", "id": "pilot_r040_c042", "geometry": {"type": "Polygon", "coordinates": [[[-67.0255491, 10.6041855], [-67.0233034, 10.6041855], [-67.0233034, 10.606393], [-67.0255491, 10.606393], [-67.0255491, 10.6041855]]]}, "properties": {"cellId": "pilot_r040_c042", "coveredByAois": ["emsr884-aoi12-caraballeda", "external-msft-catia-la-mar-predicted-damage", "external-msft-catia-la-mar-east-predicted-damage"], "stackStatus": "before_after", "firstVisibleAcquisitionUtc": "2026-06-26T15:09:37.473432Z", "hoursAfterEvent": 41.08, "timeWindow": "24_48h", "evidenceTier": "cross_model_positive_with_detector_delta", "consensus": "both_positive", "priorityScore": 170, "assetCategories": ["collection_or_staging", "debris_clearance", "heavy_machinery", "temporary_shelter"], "cropPairIds": ["pair_0475_pilot_r040_c042_person"], "publicationStatus": "ai-triage-native-review-required", "arrivalInterpretation": "This acquisition provides an earliest visible bound within the available imagery, not the actual arrival time of assistance."}}, {"type": "Feature", "id": "pilot_r001_c064", "geometry": {"type": "Polygon", "coordinates": [[[-66.9761418, 10.5180835], [-66.973896, 10.5180835], [-66.973896, 10.5202916], [-66.9761418, 10.5202916], [-66.9761418, 10.5180835]]]}, "properties": {"cellId": "pilot_r001_c064", "coveredByAois": ["external-msft-catia-la-mar-east-predicted-damage"], "stackStatus": "before_after", "firstVisibleAcquisitionUtc": "2026-06-26T15:09:37.473432Z", "hoursAfterEvent": 41.08, "timeWindow": "24_48h", "evidenceTier": "cross_model_positive_with_detector_delta", "consensus": "both_positive", "priorityScore": 165, "assetCategories": ["collection_or_staging", "temporary_shelter"], "cropPairIds": ["pair_0269_pilot_r001_c064_container"], "publicationStatus": "ai-triage-native-review-required", "arrivalInterpretation": "This acquisition provides an earliest visible bound within the available imagery, not the actual arrival time of assistance."}}, {"type": "Feature", "id": "pilot_r004_c060", "geometry": {"type": "Polygon", "coordinates": [[[-66.985125, 10.5247076], [-66.9828792, 10.5247076], [-66.9828792, 10.5269156], [-66.985125, 10.5269156], [-66.985125, 10.5247076]]]}, "properties": {"cellId": "pilot_r004_c060", "coveredByAois": ["external-msft-catia-la-mar-east-predicted-damage"], "stackStatus": "before_after", "firstVisibleAcquisitionUtc": "2026-06-26T15:09:37.473432Z", "hoursAfterEvent": 41.08, "timeWindow": "24_48h", "evidenceTier": "contested_positive_with_detector_delta", "consensus": "positive_negative_disagreement", "priorityScore": 165, "assetCategories": ["collection_or_staging", "emergency_or_service_vehicle", "heavy_machinery", "temporary_shelter"], "cropPairIds": [], "publicationStatus": "ai-triage-native-review-required", "arrivalInterpretation": "This acquisition provides an earliest visible bound within the available imagery, not the actual arrival time of assistance."}}, {"type": "Feature", "id": "pilot_r005_c065", "geometry": {"type": "Polygon", "coordinates": [[[-66.973896, 10.5269156], [-66.9716502, 10.5269156], [-66.9716502, 10.5291236], [-66.973896, 10.5291236], [-66.973896, 10.5269156]]]}, "properties": {"cellId": "pilot_r005_c065", "coveredByAois": ["external-msft-catia-la-mar-east-predicted-damage"], "stackStatus": "before_after", "firstVisibleAcquisitionUtc": "2026-06-26T15:09:37.473432Z", "hoursAfterEvent": 41.08, "timeWindow": "24_48h", "evidenceTier": "cross_model_positive_with_detector_delta", "consensus": "both_positive", "priorityScore": 165, "assetCategories": ["collection_or_staging", "temporary_shelter", "trucks_or_large_vehicles"], "cropPairIds": [], "publicationStatus": "ai-triage-native-review-required", "arrivalInterpretation": "This acquisition provides an earliest visible bound within the available imagery, not the actual arrival time of assistance."}}, {"type": "Feature", "id": "pilot_r009_c064", "geometry": {"type": "Polygon", "coordinates": [[[-66.9761418, 10.5357474], [-66.973896, 10.5357474], [-66.973896, 10.5379554], [-66.9761418, 10.5379554], [-66.9761418, 10.5357474]]]}, "properties": {"cellId": "pilot_r009_c064", "coveredByAois": ["external-msft-catia-la-mar-east-predicted-damage"], "stackStatus": "before_after", "firstVisibleAcquisitionUtc": "2026-06-26T15:09:37.473432Z", "hoursAfterEvent": 41.08, "timeWindow": "24_48h", "evidenceTier": "cross_model_positive", "consensus": "both_positive", "priorityScore": 165, "assetCategories": ["collection_or_staging", "temporary_shelter", "trucks_or_large_vehicles"], "cropPairIds": [], "publicationStatus": "ai-triage-native-review-required", "arrivalInterpretation": "This acquisition provides an earliest visible bound within the available imagery, not the actual arrival time of assistance."}}, {"type": "Feature", "id": "pilot_r026_c043", "geometry": {"type": "Polygon", "coordinates": [[[-67.0233034, 10.5732799], [-67.0210576, 10.5732799], [-67.0210576, 10.5754876], [-67.0233034, 10.5754876], [-67.0233034, 10.5732799]]]}, "properties": {"cellId": "pilot_r026_c043", "coveredByAois": ["external-msft-catia-la-mar-predicted-damage", "external-msft-catia-la-mar-east-predicted-damage"], "stackStatus": "before_after", "firstVisibleAcquisitionUtc": "2026-06-26T15:09:37.473432Z", "hoursAfterEvent": 41.08, "timeWindow": "24_48h", "evidenceTier": "cross_model_positive", "consensus": "both_positive", "priorityScore": 165, "assetCategories": ["collection_or_staging", "temporary_shelter", "trucks_or_large_vehicles"], "cropPairIds": [], "publicationStatus": "ai-triage-native-review-required", "arrivalInterpretation": "This acquisition provides an earliest visible bound within the available imagery, not the actual arrival time of assistance."}}, {"type": "Feature", "id": "pilot_r036_c049", "geometry": {"type": "Polygon", "coordinates": [[[-67.0098286, 10.5953557], [-67.0075828, 10.5953557], [-67.0075828, 10.5975632], [-67.0098286, 10.5975632], [-67.0098286, 10.5953557]]]}, "properties": {"cellId": "pilot_r036_c049", "coveredByAois": ["external-msft-catia-la-mar-predicted-damage", "external-msft-catia-la-mar-east-predicted-damage"], "stackStatus": "before_after", "firstVisibleAcquisitionUtc": "2026-06-26T15:09:37.473432Z", "hoursAfterEvent": 41.08, "timeWindow": "24_48h", "evidenceTier": "cross_model_positive_with_detector_delta", "consensus": "both_positive", "priorityScore": 165, "assetCategories": ["collection_or_staging", "temporary_shelter"], "cropPairIds": ["pair_0251_pilot_r036_c049_container", "pair_0266_pilot_r036_c049_container"], "publicationStatus": "ai-triage-native-review-required", "arrivalInterpretation": "This acquisition provides an earliest visible bound within the available imagery, not the actual arrival time of assistance."}}, {"type": "Feature", "id": "pilot_r004_c064", "geometry": {"type": "Polygon", "coordinates": [[[-66.9761418, 10.5247076], [-66.973896, 10.5247076], [-66.973896, 10.5269156], [-66.9761418, 10.5269156], [-66.9761418, 10.5247076]]]}, "properties": {"cellId": "pilot_r004_c064", "coveredByAois": ["external-msft-catia-la-mar-east-predicted-damage"], "stackStatus": "before_after", "firstVisibleAcquisitionUtc": "2026-06-26T15:09:37.473432Z", "hoursAfterEvent": 41.08, "timeWindow": "24_48h", "evidenceTier": "contested_positive_with_detector_delta", "consensus": "positive_negative_disagreement", "priorityScore": 160, "assetCategories": ["collection_or_staging", "trucks_or_large_vehicles"], "cropPairIds": [], "publicationStatus": "ai-triage-native-review-required", "arrivalInterpretation": "This acquisition provides an earliest visible bound within the available imagery, not the actual arrival time of assistance."}}, {"type": "Feature", "id": "pilot_r034_c043", "geometry": {"type": "Polygon", "coordinates": [[[-67.0233034, 10.5909407], [-67.0210576, 10.5909407], [-67.0210576, 10.5931482], [-67.0233034, 10.5931482], [-67.0233034, 10.5909407]]]}, "properties": {"cellId": "pilot_r034_c043", "coveredByAois": ["external-msft-catia-la-mar-predicted-damage", "external-msft-catia-la-mar-east-predicted-damage"], "stackStatus": "before_after", "firstVisibleAcquisitionUtc": "2026-06-26T15:09:37.473432Z", "hoursAfterEvent": 41.08, "timeWindow": "24_48h", "evidenceTier": "cross_model_positive_with_detector_delta", "consensus": "both_positive", "priorityScore": 160, "assetCategories": ["debris_clearance"], "cropPairIds": ["pair_0271_pilot_r034_c043_container", "pair_0279_pilot_r034_c043_container", "pair_0280_pilot_r034_c043_container"], "publicationStatus": "ai-triage-native-review-required", "arrivalInterpretation": "This acquisition provides an earliest visible bound within the available imagery, not the actual arrival time of assistance."}}, {"type": "Feature", "id": "pilot_r037_c047", "geometry": {"type": "Polygon", "coordinates": [[[-67.0143202, 10.5975632], [-67.0120744, 10.5975632], [-67.0120744, 10.5997706], [-67.0143202, 10.5997706], [-67.0143202, 10.5975632]]]}, "properties": {"cellId": "pilot_r037_c047", "coveredByAois": ["emsr884-aoi12-caraballeda", "external-msft-catia-la-mar-predicted-damage", "external-msft-catia-la-mar-east-predicted-damage"], "stackStatus": "before_after", "firstVisibleAcquisitionUtc": "2026-06-26T15:09:37.473432Z", "hoursAfterEvent": 41.08, "timeWindow": "24_48h", "evidenceTier": "contested_positive_with_detector_delta", "consensus": "positive_negative_disagreement", "priorityScore": 160, "assetCategories": ["emergency_or_service_vehicle", "heavy_machinery"], "cropPairIds": ["pair_0400_pilot_r037_c047_digger"], "publicationStatus": "ai-triage-native-review-required", "arrivalInterpretation": "This acquisition provides an earliest visible bound within the available imagery, not the actual arrival time of assistance."}}, {"type": "Feature", "id": "pilot_r040_c040", "geometry": {"type": "Polygon", "coordinates": [[[-67.0300407, 10.6041855], [-67.0277949, 10.6041855], [-67.0277949, 10.606393], [-67.0300407, 10.606393], [-67.0300407, 10.6041855]]]}, "properties": {"cellId": "pilot_r040_c040", "coveredByAois": ["emsr884-aoi12-caraballeda", "external-msft-catia-la-mar-predicted-damage", "external-msft-catia-la-mar-east-predicted-damage"], "stackStatus": "before_after", "firstVisibleAcquisitionUtc": "2026-06-26T15:09:37.473432Z", "hoursAfterEvent": 41.08, "timeWindow": "24_48h", "evidenceTier": "contested_positive_with_detector_delta", "consensus": "positive_negative_disagreement", "priorityScore": 160, "assetCategories": ["debris_clearance", "heavy_machinery"], "cropPairIds": ["pair_0390_pilot_r040_c040_digger", "pair_0420_pilot_r040_c040_digger", "pair_0427_pilot_r040_c040_digger"], "publicationStatus": "ai-triage-native-review-required", "arrivalInterpretation": "This acquisition provides an earliest visible bound within the available imagery, not the actual arrival time of assistance."}}, {"type": "Feature", "id": "pilot_r005_c064", "geometry": {"type": "Polygon", "coordinates": [[[-66.9761418, 10.5269156], [-66.973896, 10.5269156], [-66.973896, 10.5291236], [-66.9761418, 10.5291236], [-66.9761418, 10.5269156]]]}, "properties": {"cellId": "pilot_r005_c064", "coveredByAois": ["external-msft-catia-la-mar-east-predicted-damage"], "stackStatus": "before_after", "firstVisibleAcquisitionUtc": "2026-06-26T15:09:37.473432Z", "hoursAfterEvent": 41.08, "timeWindow": "24_48h", "evidenceTier": "contested_positive", "consensus": "positive_uncertain_disagreement", "priorityScore": 155, "assetCategories": ["temporary_shelter"], "cropPairIds": [], "publicationStatus": "ai-triage-native-review-required", "arrivalInterpretation": "This acquisition provides an earliest visible bound within the available imagery, not the actual arrival time of assistance."}}, {"type": "Feature", "id": "pilot_r007_c059", "geometry": {"type": "Polygon", "coordinates": [[[-66.9873707, 10.5313316], [-66.985125, 10.5313316], [-66.985125, 10.5335395], [-66.9873707, 10.5335395], [-66.9873707, 10.5313316]]]}, "properties": {"cellId": "pilot_r007_c059", "coveredByAois": ["external-msft-catia-la-mar-east-predicted-damage"], "stackStatus": "before_after", "firstVisibleAcquisitionUtc": "2026-06-26T15:09:37.473432Z", "hoursAfterEvent": 41.08, "timeWindow": "24_48h", "evidenceTier": "contested_positive_with_detector_delta", "consensus": "positive_uncertain_disagreement", "priorityScore": 155, "assetCategories": ["trucks_or_large_vehicles"], "cropPairIds": [], "publicationStatus": "ai-triage-native-review-required", "arrivalInterpretation": "This acquisition provides an earliest visible bound within the available imagery, not the actual arrival time of assistance."}}, {"type": "Feature", "id": "pilot_r007_c063", "geometry": {"type": "Polygon", "coordinates": [[[-66.9783876, 10.5313316], [-66.9761418, 10.5313316], [-66.9761418, 10.5335395], [-66.9783876, 10.5335395], [-66.9783876, 10.5313316]]]}, "properties": {"cellId": "pilot_r007_c063", "coveredByAois": ["external-msft-catia-la-mar-east-predicted-damage"], "stackStatus": "before_after", "firstVisibleAcquisitionUtc": "2026-06-26T15:09:37.473432Z", "hoursAfterEvent": 41.08, "timeWindow": "24_48h", "evidenceTier": "contested_positive", "consensus": "positive_negative_disagreement", "priorityScore": 155, "assetCategories": ["collection_or_staging", "temporary_shelter"], "cropPairIds": [], "publicationStatus": "ai-triage-native-review-required", "arrivalInterpretation": "This acquisition provides an earliest visible bound within the available imagery, not the actual arrival time of assistance."}}, {"type": "Feature", "id": "pilot_r007_c066", "geometry": {"type": "Polygon", "coordinates": [[[-66.9716502, 10.5313316], [-66.9694044, 10.5313316], [-66.9694044, 10.5335395], [-66.9716502, 10.5335395], [-66.9716502, 10.5313316]]]}, "properties": {"cellId": "pilot_r007_c066", "coveredByAois": ["external-msft-catia-la-mar-east-predicted-damage"], "stackStatus": "before_after", "firstVisibleAcquisitionUtc": "2026-06-26T15:09:37.473432Z", "hoursAfterEvent": 41.08, "timeWindow": "24_48h", "evidenceTier": "contested_positive_with_detector_delta", "consensus": "positive_negative_disagreement", "priorityScore": 155, "assetCategories": ["debris_clearance", "temporary_shelter"], "cropPairIds": [], "publicationStatus": "ai-triage-native-review-required", "arrivalInterpretation": "This acquisition provides an earliest visible bound within the available imagery, not the actual arrival time of assistance."}}, {"type": "Feature", "id": "pilot_r008_c058", "geometry": {"type": "Polygon", "coordinates": [[[-66.9896165, 10.5335395], [-66.9873707, 10.5335395], [-66.9873707, 10.5357474], [-66.9896165, 10.5357474], [-66.9896165, 10.5335395]]]}, "properties": {"cellId": "pilot_r008_c058", "coveredByAois": ["external-msft-catia-la-mar-east-predicted-damage"], "stackStatus": "before_after", "firstVisibleAcquisitionUtc": "2026-06-26T15:09:37.473432Z", "hoursAfterEvent": 41.08, "timeWindow": "24_48h", "evidenceTier": "contested_positive_with_detector_delta", "consensus": "positive_negative_disagreement", "priorityScore": 155, "assetCategories": ["collection_or_staging"], "cropPairIds": [], "publicationStatus": "ai-triage-native-review-required", "arrivalInterpretation": "This acquisition provides an earliest visible bound within the available imagery, not the actual arrival time of assistance."}}, {"type": "Feature", "id": "pilot_r008_c062", "geometry": {"type": "Polygon", "coordinates": [[[-66.9806334, 10.5335395], [-66.9783876, 10.5335395], [-66.9783876, 10.5357474], [-66.9806334, 10.5357474], [-66.9806334, 10.5335395]]]}, "properties": {"cellId": "pilot_r008_c062", "coveredByAois": ["external-msft-catia-la-mar-east-predicted-damage"], "stackStatus": "before_after", "firstVisibleAcquisitionUtc": "2026-06-26T15:09:37.473432Z", "hoursAfterEvent": 41.08, "timeWindow": "24_48h", "evidenceTier": "contested_positive_with_detector_delta", "consensus": "positive_negative_disagreement", "priorityScore": 155, "assetCategories": ["collection_or_staging", "temporary_shelter"], "cropPairIds": [], "publicationStatus": "ai-triage-native-review-required", "arrivalInterpretation": "This acquisition provides an earliest visible bound within the available imagery, not the actual arrival time of assistance."}}, {"type": "Feature", "id": "pilot_r008_c064", "geometry": {"type": "Polygon", "coordinates": [[[-66.9761418, 10.5335395], [-66.973896, 10.5335395], [-66.973896, 10.5357474], [-66.9761418, 10.5357474], [-66.9761418, 10.5335395]]]}, "properties": {"cellId": "pilot_r008_c064", "coveredByAois": ["external-msft-catia-la-mar-east-predicted-damage"], "stackStatus": "before_after", "firstVisibleAcquisitionUtc": "2026-06-26T15:09:37.473432Z", "hoursAfterEvent": 41.08, "timeWindow": "24_48h", "evidenceTier": "contested_positive_with_detector_delta", "consensus": "positive_negative_disagreement", "priorityScore": 155, "assetCategories": ["collection_or_staging", "temporary_shelter"], "cropPairIds": [], "publicationStatus": "ai-triage-native-review-required", "arrivalInterpretation": "This acquisition provides an earliest visible bound within the available imagery, not the actual arrival time of assistance."}}, {"type": "Feature", "id": "pilot_r010_c058", "geometry": {"type": "Polygon", "coordinates": [[[-66.9896165, 10.5379554], [-66.9873707, 10.5379554], [-66.9873707, 10.5401633], [-66.9896165, 10.5401633], [-66.9896165, 10.5379554]]]}, "properties": {"cellId": "pilot_r010_c058", "coveredByAois": ["external-msft-catia-la-mar-east-predicted-damage"], "stackStatus": "before_after", "firstVisibleAcquisitionUtc": "2026-06-26T15:09:37.473432Z", "hoursAfterEvent": 41.08, "timeWindow": "24_48h", "evidenceTier": "contested_positive_with_detector_delta", "consensus": "positive_negative_disagreement", "priorityScore": 155, "assetCategories": ["temporary_shelter"], "cropPairIds": [], "publicationStatus": "ai-triage-native-review-required", "arrivalInterpretation": "This acquisition provides an earliest visible bound within the available imagery, not the actual arrival time of assistance."}}, {"type": "Feature", "id": "pilot_r011_c054", "geometry": {"type": "Polygon", "coordinates": [[[-66.9985997, 10.5401633], [-66.9963539, 10.5401633], [-66.9963539, 10.5423712], [-66.9985997, 10.5423712], [-66.9985997, 10.5401633]]]}, "properties": {"cellId": "pilot_r011_c054", "coveredByAois": ["external-msft-catia-la-mar-east-predicted-damage"], "stackStatus": "before_after", "firstVisibleAcquisitionUtc": "2026-06-26T15:09:37.473432Z", "hoursAfterEvent": 41.08, "timeWindow": "24_48h", "evidenceTier": "contested_positive_with_detector_delta", "consensus": "positive_negative_disagreement", "priorityScore": 155, "assetCategories": ["collection_or_staging", "temporary_shelter"], "cropPairIds": [], "publicationStatus": "ai-triage-native-review-required", "arrivalInterpretation": "This acquisition provides an earliest visible bound within the available imagery, not the actual arrival time of assistance."}}, {"type": "Feature", "id": "pilot_r011_c056", "geometry": {"type": "Polygon", "coordinates": [[[-66.9941081, 10.5401633], [-66.9918623, 10.5401633], [-66.9918623, 10.5423712], [-66.9941081, 10.5423712], [-66.9941081, 10.5401633]]]}, "properties": {"cellId": "pilot_r011_c056", "coveredByAois": ["external-msft-catia-la-mar-east-predicted-damage"], "stackStatus": "before_after", "firstVisibleAcquisitionUtc": "2026-06-26T15:09:37.473432Z", "hoursAfterEvent": 41.08, "timeWindow": "24_48h", "evidenceTier": "contested_positive_with_detector_delta", "consensus": "positive_negative_disagreement", "priorityScore": 155, "assetCategories": ["trucks_or_large_vehicles"], "cropPairIds": [], "publicationStatus": "ai-triage-native-review-required", "arrivalInterpretation": "This acquisition provides an earliest visible bound within the available imagery, not the actual arrival time of assistance."}}, {"type": "Feature", "id": "pilot_r013_c053", "geometry": {"type": "Polygon", "coordinates": [[[-67.0008455, 10.544579], [-66.9985997, 10.544579], [-66.9985997, 10.5467869], [-67.0008455, 10.5467869], [-67.0008455, 10.544579]]]}, "properties": {"cellId": "pilot_r013_c053", "coveredByAois": ["external-msft-catia-la-mar-east-predicted-damage"], "stackStatus": "before_after", "firstVisibleAcquisitionUtc": "2026-06-26T15:09:37.473432Z", "hoursAfterEvent": 41.08, "timeWindow": "24_48h", "evidenceTier": "contested_positive_with_detector_delta", "consensus": "positive_negative_disagreement", "priorityScore": 155, "assetCategories": ["trucks_or_large_vehicles"], "cropPairIds": [], "publicationStatus": "ai-triage-native-review-required", "arrivalInterpretation": "This acquisition provides an earliest visible bound within the available imagery, not the actual arrival time of assistance."}}, {"type": "Feature", "id": "pilot_r015_c014", "geometry": {"type": "Polygon", "coordinates": [[[-67.0884312, 10.5489947], [-67.0861854, 10.5489947], [-67.0861854, 10.5512025], [-67.0884312, 10.5512025], [-67.0884312, 10.5489947]]]}, "properties": {"cellId": "pilot_r015_c014", "coveredByAois": ["external-msft-catia-la-mar-predicted-damage"], "stackStatus": "before_after", "firstVisibleAcquisitionUtc": "2026-06-26T15:09:37.473432Z", "hoursAfterEvent": 41.08, "timeWindow": "24_48h", "evidenceTier": "contested_positive_with_detector_delta", "consensus": "positive_negative_disagreement", "priorityScore": 155, "assetCategories": ["trucks_or_large_vehicles"], "cropPairIds": [], "publicationStatus": "ai-triage-native-review-required", "arrivalInterpretation": "This acquisition provides an earliest visible bound within the available imagery, not the actual arrival time of assistance."}}, {"type": "Feature", "id": "pilot_r021_c016", "geometry": {"type": "Polygon", "coordinates": [[[-67.0839396, 10.5622414], [-67.0816939, 10.5622414], [-67.0816939, 10.5644492], [-67.0839396, 10.5644492], [-67.0839396, 10.5622414]]]}, "properties": {"cellId": "pilot_r021_c016", "coveredByAois": ["external-msft-catia-la-mar-predicted-damage"], "stackStatus": "before_after", "firstVisibleAcquisitionUtc": "2026-06-26T15:09:37.473432Z", "hoursAfterEvent": 41.08, "timeWindow": "24_48h", "evidenceTier": "contested_positive_with_detector_delta", "consensus": "positive_negative_disagreement", "priorityScore": 155, "assetCategories": ["collection_or_staging", "debris_clearance", "temporary_shelter"], "cropPairIds": [], "publicationStatus": "ai-triage-native-review-required", "arrivalInterpretation": "This acquisition provides an earliest visible bound within the available imagery, not the actual arrival time of assistance."}}, {"type": "Feature", "id": "pilot_r021_c017", "geometry": {"type": "Polygon", "coordinates": [[[-67.0816939, 10.5622414], [-67.0794481, 10.5622414], [-67.0794481, 10.5644492], [-67.0816939, 10.5644492], [-67.0816939, 10.5622414]]]}, "properties": {"cellId": "pilot_r021_c017", "coveredByAois": ["external-msft-catia-la-mar-predicted-damage"], "stackStatus": "before_after", "firstVisibleAcquisitionUtc": "2026-06-26T15:09:37.473432Z", "hoursAfterEvent": 41.08, "timeWindow": "24_48h", "evidenceTier": "contested_positive_with_detector_delta", "consensus": "positive_uncertain_disagreement", "priorityScore": 155, "assetCategories": ["collection_or_staging", "temporary_shelter"], "cropPairIds": [], "publicationStatus": "ai-triage-native-review-required", "arrivalInterpretation": "This acquisition provides an earliest visible bound within the available imagery, not the actual arrival time of assistance."}}, {"type": "Feature", "id": "pilot_r022_c018", "geometry": {"type": "Polygon", "coordinates": [[[-67.0794481, 10.5644492], [-67.0772023, 10.5644492], [-67.0772023, 10.5666569], [-67.0794481, 10.5666569], [-67.0794481, 10.5644492]]]}, "properties": {"cellId": "pilot_r022_c018", "coveredByAois": ["external-msft-catia-la-mar-predicted-damage"], "stackStatus": "before_after", "firstVisibleAcquisitionUtc": "2026-06-26T15:09:37.473432Z", "hoursAfterEvent": 41.08, "timeWindow": "24_48h", "evidenceTier": "contested_positive_with_detector_delta", "consensus": "positive_uncertain_disagreement", "priorityScore": 155, "assetCategories": ["temporary_shelter"], "cropPairIds": [], "publicationStatus": "ai-triage-native-review-required", "arrivalInterpretation": "This acquisition provides an earliest visible bound within the available imagery, not the actual arrival time of assistance."}}, {"type": "Feature", "id": "pilot_r023_c015", "geometry": {"type": "Polygon", "coordinates": [[[-67.0861854, 10.5666569], [-67.0839396, 10.5666569], [-67.0839396, 10.5688646], [-67.0861854, 10.5688646], [-67.0861854, 10.5666569]]]}, "properties": {"cellId": "pilot_r023_c015", "coveredByAois": ["external-msft-catia-la-mar-predicted-damage"], "stackStatus": "before_after", "firstVisibleAcquisitionUtc": "2026-06-26T15:09:37.473432Z", "hoursAfterEvent": 41.08, "timeWindow": "24_48h", "evidenceTier": "contested_positive_with_detector_delta", "consensus": "positive_negative_disagreement", "priorityScore": 155, "assetCategories": ["temporary_shelter"], "cropPairIds": [], "publicationStatus": "ai-triage-native-review-required", "arrivalInterpretation": "This acquisition provides an earliest visible bound within the available imagery, not the actual arrival time of assistance."}}, {"type": "Feature", "id": "pilot_r024_c018", "geometry": {"type": "Polygon", "coordinates": [[[-67.0794481, 10.5688646], [-67.0772023, 10.5688646], [-67.0772023, 10.5710722], [-67.0794481, 10.5710722], [-67.0794481, 10.5688646]]]}, "properties": {"cellId": "pilot_r024_c018", "coveredByAois": ["external-msft-catia-la-mar-predicted-damage"], "stackStatus": "before_after", "firstVisibleAcquisitionUtc": "2026-06-26T15:09:37.473432Z", "hoursAfterEvent": 41.08, "timeWindow": "24_48h", "evidenceTier": "contested_positive_with_detector_delta", "consensus": "positive_negative_disagreement", "priorityScore": 155, "assetCategories": ["collection_or_staging", "temporary_shelter"], "cropPairIds": [], "publicationStatus": "ai-triage-native-review-required", "arrivalInterpretation": "This acquisition provides an earliest visible bound within the available imagery, not the actual arrival time of assistance."}}, {"type": "Feature", "id": "pilot_r024_c029", "geometry": {"type": "Polygon", "coordinates": [[[-67.0547444, 10.5688646], [-67.0524986, 10.5688646], [-67.0524986, 10.5710722], [-67.0547444, 10.5710722], [-67.0547444, 10.5688646]]]}, "properties": {"cellId": "pilot_r024_c029", "coveredByAois": ["external-msft-catia-la-mar-predicted-damage"], "stackStatus": "before_after", "firstVisibleAcquisitionUtc": "2026-06-26T15:09:37.473432Z", "hoursAfterEvent": 41.08, "timeWindow": "24_48h", "evidenceTier": "contested_positive_with_detector_delta", "consensus": "positive_negative_disagreement", "priorityScore": 155, "assetCategories": ["collection_or_staging", "temporary_shelter"], "cropPairIds": [], "publicationStatus": "ai-triage-native-review-required", "arrivalInterpretation": "This acquisition provides an earliest visible bound within the available imagery, not the actual arrival time of assistance."}}, {"type": "Feature", "id": "pilot_r024_c042", "geometry": {"type": "Polygon", "coordinates": [[[-67.0255491, 10.5688646], [-67.0233034, 10.5688646], [-67.0233034, 10.5710722], [-67.0255491, 10.5710722], [-67.0255491, 10.5688646]]]}, "properties": {"cellId": "pilot_r024_c042", "coveredByAois": ["external-msft-catia-la-mar-east-predicted-damage"], "stackStatus": "before_after", "firstVisibleAcquisitionUtc": "2026-06-26T15:09:37.473432Z", "hoursAfterEvent": 41.08, "timeWindow": "24_48h", "evidenceTier": "contested_positive_with_detector_delta", "consensus": "positive_uncertain_disagreement", "priorityScore": 155, "assetCategories": ["temporary_shelter"], "cropPairIds": [], "publicationStatus": "ai-triage-native-review-required", "arrivalInterpretation": "This acquisition provides an earliest visible bound within the available imagery, not the actual arrival time of assistance."}}, {"type": "Feature", "id": "pilot_r029_c025", "geometry": {"type": "Polygon", "coordinates": [[[-67.0637275, 10.5799028], [-67.0614818, 10.5799028], [-67.0614818, 10.5821104], [-67.0637275, 10.5821104], [-67.0637275, 10.5799028]]]}, "properties": {"cellId": "pilot_r029_c025", "coveredByAois": ["external-msft-catia-la-mar-predicted-damage"], "stackStatus": "before_after", "firstVisibleAcquisitionUtc": "2026-06-26T15:09:37.473432Z", "hoursAfterEvent": 41.08, "timeWindow": "24_48h", "evidenceTier": "contested_positive_with_detector_delta", "consensus": "positive_uncertain_disagreement", "priorityScore": 155, "assetCategories": ["collection_or_staging", "debris_clearance", "temporary_shelter"], "cropPairIds": [], "publicationStatus": "ai-triage-native-review-required", "arrivalInterpretation": "This acquisition provides an earliest visible bound within the available imagery, not the actual arrival time of assistance."}}, {"type": "Feature", "id": "pilot_r029_c040", "geometry": {"type": "Polygon", "coordinates": [[[-67.0300407, 10.5799028], [-67.0277949, 10.5799028], [-67.0277949, 10.5821104], [-67.0300407, 10.5821104], [-67.0300407, 10.5799028]]]}, "properties": {"cellId": "pilot_r029_c040", "coveredByAois": ["external-msft-catia-la-mar-predicted-damage", "external-msft-catia-la-mar-east-predicted-damage"], "stackStatus": "before_after", "firstVisibleAcquisitionUtc": "2026-06-26T15:09:37.473432Z", "hoursAfterEvent": 41.08, "timeWindow": "24_48h", "evidenceTier": "contested_positive_with_detector_delta", "consensus": "positive_uncertain_disagreement", "priorityScore": 155, "assetCategories": ["temporary_shelter"], "cropPairIds": [], "publicationStatus": "ai-triage-native-review-required", "arrivalInterpretation": "This acquisition provides an earliest visible bound within the available imagery, not the actual arrival time of assistance."}}, {"type": "Feature", "id": "pilot_r029_c055", "geometry": {"type": "Polygon", "coordinates": [[[-66.9963539, 10.5799028], [-66.9941081, 10.5799028], [-66.9941081, 10.5821104], [-66.9963539, 10.5821104], [-66.9963539, 10.5799028]]]}, "properties": {"cellId": "pilot_r029_c055", "coveredByAois": ["external-msft-catia-la-mar-predicted-damage"], "stackStatus": "before_after", "firstVisibleAcquisitionUtc": "2026-06-26T15:09:37.473432Z", "hoursAfterEvent": 41.08, "timeWindow": "24_48h", "evidenceTier": "contested_positive_with_detector_delta", "consensus": "positive_negative_disagreement", "priorityScore": 155, "assetCategories": ["trucks_or_large_vehicles"], "cropPairIds": [], "publicationStatus": "ai-triage-native-review-required", "arrivalInterpretation": "This acquisition provides an earliest visible bound within the available imagery, not the actual arrival time of assistance."}}, {"type": "Feature", "id": "pilot_r030_c023", "geometry": {"type": "Polygon", "coordinates": [[[-67.0682191, 10.5821104], [-67.0659733, 10.5821104], [-67.0659733, 10.584318], [-67.0682191, 10.584318], [-67.0682191, 10.5821104]]]}, "properties": {"cellId": "pilot_r030_c023", "coveredByAois": ["external-msft-catia-la-mar-predicted-damage"], "stackStatus": "before_after", "firstVisibleAcquisitionUtc": "2026-06-26T15:09:37.473432Z", "hoursAfterEvent": 41.08, "timeWindow": "24_48h", "evidenceTier": "contested_positive_with_detector_delta", "consensus": "positive_uncertain_disagreement", "priorityScore": 155, "assetCategories": ["collection_or_staging", "temporary_shelter"], "cropPairIds": [], "publicationStatus": "ai-triage-native-review-required", "arrivalInterpretation": "This acquisition provides an earliest visible bound within the available imagery, not the actual arrival time of assistance."}}, {"type": "Feature", "id": "pilot_r031_c019", "geometry": {"type": "Polygon", "coordinates": [[[-67.0772023, 10.584318], [-67.0749565, 10.584318], [-67.0749565, 10.5865256], [-67.0772023, 10.5865256], [-67.0772023, 10.584318]]]}, "properties": {"cellId": "pilot_r031_c019", "coveredByAois": ["emsr884-aoi12-caraballeda", "external-msft-catia-la-mar-predicted-damage"], "stackStatus": "before_after", "firstVisibleAcquisitionUtc": "2026-06-26T15:09:37.473432Z", "hoursAfterEvent": 41.08, "timeWindow": "24_48h", "evidenceTier": "contested_positive_with_detector_delta", "consensus": "positive_uncertain_disagreement", "priorityScore": 155, "assetCategories": ["collection_or_staging", "temporary_shelter"], "cropPairIds": [], "publicationStatus": "ai-triage-native-review-required", "arrivalInterpretation": "This acquisition provides an earliest visible bound within the available imagery, not the actual arrival time of assistance."}}, {"type": "Feature", "id": "pilot_r032_c020", "geometry": {"type": "Polygon", "coordinates": [[[-67.0749565, 10.5865256], [-67.0727107, 10.5865256], [-67.0727107, 10.5887331], [-67.0749565, 10.5887331], [-67.0749565, 10.5865256]]]}, "properties": {"cellId": "pilot_r032_c020", "coveredByAois": ["emsr884-aoi12-caraballeda", "external-msft-catia-la-mar-predicted-damage"], "stackStatus": "before_after", "firstVisibleAcquisitionUtc": "2026-06-26T15:09:37.473432Z", "hoursAfterEvent": 41.08, "timeWindow": "24_48h", "evidenceTier": "contested_positive_with_detector_delta", "consensus": "positive_uncertain_disagreement", "priorityScore": 155, "assetCategories": ["collection_or_staging", "emergency_or_service_vehicle", "temporary_shelter"], "cropPairIds": [], "publicationStatus": "ai-triage-native-review-required", "arrivalInterpretation": "This acquisition provides an earliest visible bound within the available imagery, not the actual arrival time of assistance."}}, {"type": "Feature", "id": "pilot_r033_c025", "geometry": {"type": "Polygon", "coordinates": [[[-67.0637275, 10.5887331], [-67.0614818, 10.5887331], [-67.0614818, 10.5909407], [-67.0637275, 10.5909407], [-67.0637275, 10.5887331]]]}, "properties": {"cellId": "pilot_r033_c025", "coveredByAois": ["external-msft-catia-la-mar-predicted-damage"], "stackStatus": "before_after", "firstVisibleAcquisitionUtc": "2026-06-26T15:09:37.473432Z", "hoursAfterEvent": 41.08, "timeWindow": "24_48h", "evidenceTier": "contested_positive_with_detector_delta", "consensus": "positive_negative_disagreement", "priorityScore": 155, "assetCategories": ["temporary_shelter"], "cropPairIds": [], "publicationStatus": "ai-triage-native-review-required", "arrivalInterpretation": "This acquisition provides an earliest visible bound within the available imagery, not the actual arrival time of assistance."}}, {"type": "Feature", "id": "pilot_r033_c030", "geometry": {"type": "Polygon", "coordinates": [[[-67.0524986, 10.5887331], [-67.0502528, 10.5887331], [-67.0502528, 10.5909407], [-67.0524986, 10.5909407], [-67.0524986, 10.5887331]]]}, "properties": {"cellId": "pilot_r033_c030", "coveredByAois": ["emsr884-aoi12-caraballeda", "external-msft-catia-la-mar-predicted-damage"], "stackStatus": "before_after", "firstVisibleAcquisitionUtc": "2026-06-26T15:09:37.473432Z", "hoursAfterEvent": 41.08, "timeWindow": "24_48h", "evidenceTier": "contested_positive_with_detector_delta", "consensus": "positive_uncertain_disagreement", "priorityScore": 155, "assetCategories": ["temporary_shelter"], "cropPairIds": ["pair_0457_pilot_r033_c030_digger"], "publicationStatus": "ai-triage-native-review-required", "arrivalInterpretation": "This acquisition provides an earliest visible bound within the available imagery, not the actual arrival time of assistance."}}, {"type": "Feature", "id": "pilot_r033_c041", "geometry": {"type": "Polygon", "coordinates": [[[-67.0277949, 10.5887331], [-67.0255491, 10.5887331], [-67.0255491, 10.5909407], [-67.0277949, 10.5909407], [-67.0277949, 10.5887331]]]}, "properties": {"cellId": "pilot_r033_c041", "coveredByAois": ["external-msft-catia-la-mar-predicted-damage", "external-msft-catia-la-mar-east-predicted-damage"], "stackStatus": "before_after", "firstVisibleAcquisitionUtc": "2026-06-26T15:09:37.473432Z", "hoursAfterEvent": 41.08, "timeWindow": "24_48h", "evidenceTier": "contested_positive", "consensus": "positive_uncertain_disagreement", "priorityScore": 155, "assetCategories": ["collection_or_staging", "temporary_shelter"], "cropPairIds": [], "publicationStatus": "ai-triage-native-review-required", "arrivalInterpretation": "This acquisition provides an earliest visible bound within the available imagery, not the actual arrival time of assistance."}}, {"type": "Feature", "id": "pilot_r033_c045", "geometry": {"type": "Polygon", "coordinates": [[[-67.0188118, 10.5887331], [-67.016566, 10.5887331], [-67.016566, 10.5909407], [-67.0188118, 10.5909407], [-67.0188118, 10.5887331]]]}, "properties": {"cellId": "pilot_r033_c045", "coveredByAois": ["external-msft-catia-la-mar-predicted-damage", "external-msft-catia-la-mar-east-predicted-damage"], "stackStatus": "before_after", "firstVisibleAcquisitionUtc": "2026-06-26T15:09:37.473432Z", "hoursAfterEvent": 41.08, "timeWindow": "24_48h", "evidenceTier": "contested_positive_with_detector_delta", "consensus": "positive_negative_disagreement", "priorityScore": 155, "assetCategories": ["collection_or_staging", "temporary_shelter"], "cropPairIds": [], "publicationStatus": "ai-triage-native-review-required", "arrivalInterpretation": "This acquisition provides an earliest visible bound within the available imagery, not the actual arrival time of assistance."}}, {"type": "Feature", "id": "pilot_r033_c052", "geometry": {"type": "Polygon", "coordinates": [[[-67.0030913, 10.5887331], [-67.0008455, 10.5887331], [-67.0008455, 10.5909407], [-67.0030913, 10.5909407], [-67.0030913, 10.5887331]]]}, "properties": {"cellId": "pilot_r033_c052", "coveredByAois": ["external-msft-catia-la-mar-predicted-damage", "external-msft-catia-la-mar-east-predicted-damage"], "stackStatus": "before_after", "firstVisibleAcquisitionUtc": "2026-06-26T15:09:37.473432Z", "hoursAfterEvent": 41.08, "timeWindow": "24_48h", "evidenceTier": "contested_positive_with_detector_delta", "consensus": "positive_negative_disagreement", "priorityScore": 155, "assetCategories": ["temporary_shelter"], "cropPairIds": [], "publicationStatus": "ai-triage-native-review-required", "arrivalInterpretation": "This acquisition provides an earliest visible bound within the available imagery, not the actual arrival time of assistance."}}, {"type": "Feature", "id": "pilot_r034_c046", "geometry": {"type": "Polygon", "coordinates": [[[-67.016566, 10.5909407], [-67.0143202, 10.5909407], [-67.0143202, 10.5931482], [-67.016566, 10.5931482], [-67.016566, 10.5909407]]]}, "properties": {"cellId": "pilot_r034_c046", "coveredByAois": ["external-msft-catia-la-mar-predicted-damage", "external-msft-catia-la-mar-east-predicted-damage"], "stackStatus": "before_after", "firstVisibleAcquisitionUtc": "2026-06-26T15:09:37.473432Z", "hoursAfterEvent": 41.08, "timeWindow": "24_48h", "evidenceTier": "contested_positive_with_detector_delta", "consensus": "positive_negative_disagreement", "priorityScore": 155, "assetCategories": ["temporary_shelter"], "cropPairIds": [], "publicationStatus": "ai-triage-native-review-required", "arrivalInterpretation": "This acquisition provides an earliest visible bound within the available imagery, not the actual arrival time of assistance."}}, {"type": "Feature", "id": "pilot_r034_c058", "geometry": {"type": "Polygon", "coordinates": [[[-66.9896165, 10.5909407], [-66.9873707, 10.5909407], [-66.9873707, 10.5931482], [-66.9896165, 10.5931482], [-66.9896165, 10.5909407]]]}, "properties": {"cellId": "pilot_r034_c058", "coveredByAois": ["external-msft-catia-la-mar-predicted-damage", "external-msft-catia-la-mar-east-predicted-damage"], "stackStatus": "before_after", "firstVisibleAcquisitionUtc": "2026-06-26T15:09:37.473432Z", "hoursAfterEvent": 41.08, "timeWindow": "24_48h", "evidenceTier": "contested_positive_with_detector_delta", "consensus": "positive_uncertain_disagreement", "priorityScore": 155, "assetCategories": ["temporary_shelter"], "cropPairIds": ["pair_0464_pilot_r034_c058_truck"], "publicationStatus": "ai-triage-native-review-required", "arrivalInterpretation": "This acquisition provides an earliest visible bound within the available imagery, not the actual arrival time of assistance."}}, {"type": "Feature", "id": "pilot_r035_c049", "geometry": {"type": "Polygon", "coordinates": [[[-67.0098286, 10.5931482], [-67.0075828, 10.5931482], [-67.0075828, 10.5953557], [-67.0098286, 10.5953557], [-67.0098286, 10.5931482]]]}, "properties": {"cellId": "pilot_r035_c049", "coveredByAois": ["external-msft-catia-la-mar-predicted-damage", "external-msft-catia-la-mar-east-predicted-damage"], "stackStatus": "before_after", "firstVisibleAcquisitionUtc": "2026-06-26T15:09:37.473432Z", "hoursAfterEvent": 41.08, "timeWindow": "24_48h", "evidenceTier": "contested_positive_with_detector_delta", "consensus": "positive_negative_disagreement", "priorityScore": 155, "assetCategories": ["collection_or_staging", "temporary_shelter"], "cropPairIds": [], "publicationStatus": "ai-triage-native-review-required", "arrivalInterpretation": "This acquisition provides an earliest visible bound within the available imagery, not the actual arrival time of assistance."}}, {"type": "Feature", "id": "pilot_r035_c055", "geometry": {"type": "Polygon", "coordinates": [[[-66.9963539, 10.5931482], [-66.9941081, 10.5931482], [-66.9941081, 10.5953557], [-66.9963539, 10.5953557], [-66.9963539, 10.5931482]]]}, "properties": {"cellId": "pilot_r035_c055", "coveredByAois": ["external-msft-catia-la-mar-predicted-damage", "external-msft-catia-la-mar-east-predicted-damage"], "stackStatus": "before_after", "firstVisibleAcquisitionUtc": "2026-06-26T15:09:37.473432Z", "hoursAfterEvent": 41.08, "timeWindow": "24_48h", "evidenceTier": "contested_positive", "consensus": "positive_negative_disagreement", "priorityScore": 155, "assetCategories": ["collection_or_staging", "temporary_shelter"], "cropPairIds": [], "publicationStatus": "ai-triage-native-review-required", "arrivalInterpretation": "This acquisition provides an earliest visible bound within the available imagery, not the actual arrival time of assistance."}}, {"type": "Feature", "id": "pilot_r035_c060", "geometry": {"type": "Polygon", "coordinates": [[[-66.985125, 10.5931482], [-66.9828792, 10.5931482], [-66.9828792, 10.5953557], [-66.985125, 10.5953557], [-66.985125, 10.5931482]]]}, "properties": {"cellId": "pilot_r035_c060", "coveredByAois": ["external-msft-catia-la-mar-east-predicted-damage"], "stackStatus": "before_after", "firstVisibleAcquisitionUtc": "2026-06-26T15:09:37.473432Z", "hoursAfterEvent": 41.08, "timeWindow": "24_48h", "evidenceTier": "contested_positive_with_detector_delta", "consensus": "positive_uncertain_disagreement", "priorityScore": 155, "assetCategories": ["trucks_or_large_vehicles"], "cropPairIds": [], "publicationStatus": "ai-triage-native-review-required", "arrivalInterpretation": "This acquisition provides an earliest visible bound within the available imagery, not the actual arrival time of assistance."}}, {"type": "Feature", "id": "pilot_r037_c044", "geometry": {"type": "Polygon", "coordinates": [[[-67.0210576, 10.5975632], [-67.0188118, 10.5975632], [-67.0188118, 10.5997706], [-67.0210576, 10.5997706], [-67.0210576, 10.5975632]]]}, "properties": {"cellId": "pilot_r037_c044", "coveredByAois": ["emsr884-aoi12-caraballeda", "external-msft-catia-la-mar-predicted-damage", "external-msft-catia-la-mar-east-predicted-damage"], "stackStatus": "before_after", "firstVisibleAcquisitionUtc": "2026-06-26T15:09:37.473432Z", "hoursAfterEvent": 41.08, "timeWindow": "24_48h", "evidenceTier": "contested_positive_with_detector_delta", "consensus": "positive_negative_disagreement", "priorityScore": 155, "assetCategories": ["collection_or_staging"], "cropPairIds": [], "publicationStatus": "ai-triage-native-review-required", "arrivalInterpretation": "This acquisition provides an earliest visible bound within the available imagery, not the actual arrival time of assistance."}}, {"type": "Feature", "id": "pilot_r037_c053", "geometry": {"type": "Polygon", "coordinates": [[[-67.0008455, 10.5975632], [-66.9985997, 10.5975632], [-66.9985997, 10.5997706], [-67.0008455, 10.5997706], [-67.0008455, 10.5975632]]]}, "properties": {"cellId": "pilot_r037_c053", "coveredByAois": ["emsr884-aoi12-caraballeda", "external-msft-catia-la-mar-predicted-damage", "external-msft-catia-la-mar-east-predicted-damage"], "stackStatus": "before_after", "firstVisibleAcquisitionUtc": "2026-06-26T15:09:37.473432Z", "hoursAfterEvent": 41.08, "timeWindow": "24_48h", "evidenceTier": "contested_positive", "consensus": "positive_negative_disagreement", "priorityScore": 155, "assetCategories": ["temporary_shelter"], "cropPairIds": [], "publicationStatus": "ai-triage-native-review-required", "arrivalInterpretation": "This acquisition provides an earliest visible bound within the available imagery, not the actual arrival time of assistance."}}, {"type": "Feature", "id": "pilot_r037_c054", "geometry": {"type": "Polygon", "coordinates": [[[-66.9985997, 10.5975632], [-66.9963539, 10.5975632], [-66.9963539, 10.5997706], [-66.9985997, 10.5997706], [-66.9985997, 10.5975632]]]}, "properties": {"cellId": "pilot_r037_c054", "coveredByAois": ["emsr884-aoi12-caraballeda", "external-msft-catia-la-mar-predicted-damage", "external-msft-catia-la-mar-east-predicted-damage"], "stackStatus": "before_after", "firstVisibleAcquisitionUtc": "2026-06-26T15:09:37.473432Z", "hoursAfterEvent": 41.08, "timeWindow": "24_48h", "evidenceTier": "contested_positive", "consensus": "positive_negative_disagreement", "priorityScore": 155, "assetCategories": ["temporary_shelter"], "cropPairIds": [], "publicationStatus": "ai-triage-native-review-required", "arrivalInterpretation": "This acquisition provides an earliest visible bound within the available imagery, not the actual arrival time of assistance."}}, {"type": "Feature", "id": "pilot_r037_c065", "geometry": {"type": "Polygon", "coordinates": [[[-66.973896, 10.5975632], [-66.9716502, 10.5975632], [-66.9716502, 10.5997706], [-66.973896, 10.5997706], [-66.973896, 10.5975632]]]}, "properties": {"cellId": "pilot_r037_c065", "coveredByAois": ["external-msft-catia-la-mar-east-predicted-damage"], "stackStatus": "before_after", "firstVisibleAcquisitionUtc": "2026-06-26T15:09:37.473432Z", "hoursAfterEvent": 41.08, "timeWindow": "24_48h", "evidenceTier": "contested_positive_with_detector_delta", "consensus": "positive_negative_disagreement", "priorityScore": 155, "assetCategories": ["collection_or_staging", "temporary_shelter"], "cropPairIds": ["pair_0488_pilot_r037_c065_digger"], "publicationStatus": "ai-triage-native-review-required", "arrivalInterpretation": "This acquisition provides an earliest visible bound within the available imagery, not the actual arrival time of assistance."}}, {"type": "Feature", "id": "pilot_r037_c066", "geometry": {"type": "Polygon", "coordinates": [[[-66.9716502, 10.5975632], [-66.9694044, 10.5975632], [-66.9694044, 10.5997706], [-66.9716502, 10.5997706], [-66.9716502, 10.5975632]]]}, "properties": {"cellId": "pilot_r037_c066", "coveredByAois": ["external-msft-catia-la-mar-east-predicted-damage"], "stackStatus": "before_after", "firstVisibleAcquisitionUtc": "2026-06-26T15:09:37.473432Z", "hoursAfterEvent": 41.08, "timeWindow": "24_48h", "evidenceTier": "contested_positive_with_detector_delta", "consensus": "positive_negative_disagreement", "priorityScore": 155, "assetCategories": ["collection_or_staging"], "cropPairIds": [], "publicationStatus": "ai-triage-native-review-required", "arrivalInterpretation": "This acquisition provides an earliest visible bound within the available imagery, not the actual arrival time of assistance."}}, {"type": "Feature", "id": "pilot_r038_c040", "geometry": {"type": "Polygon", "coordinates": [[[-67.0300407, 10.5997706], [-67.0277949, 10.5997706], [-67.0277949, 10.6019781], [-67.0300407, 10.6019781], [-67.0300407, 10.5997706]]]}, "properties": {"cellId": "pilot_r038_c040", "coveredByAois": ["emsr884-aoi12-caraballeda", "external-msft-catia-la-mar-predicted-damage", "external-msft-catia-la-mar-east-predicted-damage"], "stackStatus": "before_after", "firstVisibleAcquisitionUtc": "2026-06-26T15:09:37.473432Z", "hoursAfterEvent": 41.08, "timeWindow": "24_48h", "evidenceTier": "contested_positive_with_detector_delta", "consensus": "positive_negative_disagreement", "priorityScore": 155, "assetCategories": ["temporary_shelter"], "cropPairIds": [], "publicationStatus": "ai-triage-native-review-required", "arrivalInterpretation": "This acquisition provides an earliest visible bound within the available imagery, not the actual arrival time of assistance."}}, {"type": "Feature", "id": "pilot_r038_c041", "geometry": {"type": "Polygon", "coordinates": [[[-67.0277949, 10.5997706], [-67.0255491, 10.5997706], [-67.0255491, 10.6019781], [-67.0277949, 10.6019781], [-67.0277949, 10.5997706]]]}, "properties": {"cellId": "pilot_r038_c041", "coveredByAois": ["emsr884-aoi12-caraballeda", "external-msft-catia-la-mar-predicted-damage", "external-msft-catia-la-mar-east-predicted-damage"], "stackStatus": "before_after", "firstVisibleAcquisitionUtc": "2026-06-26T15:09:37.473432Z", "hoursAfterEvent": 41.08, "timeWindow": "24_48h", "evidenceTier": "contested_positive_with_detector_delta", "consensus": "positive_negative_disagreement", "priorityScore": 155, "assetCategories": ["collection_or_staging", "debris_clearance"], "cropPairIds": [], "publicationStatus": "ai-triage-native-review-required", "arrivalInterpretation": "This acquisition provides an earliest visible bound within the available imagery, not the actual arrival time of assistance."}}, {"type": "Feature", "id": "pilot_r038_c047", "geometry": {"type": "Polygon", "coordinates": [[[-67.0143202, 10.5997706], [-67.0120744, 10.5997706], [-67.0120744, 10.6019781], [-67.0143202, 10.6019781], [-67.0143202, 10.5997706]]]}, "properties": {"cellId": "pilot_r038_c047", "coveredByAois": ["emsr884-aoi12-caraballeda", "external-msft-catia-la-mar-predicted-damage", "external-msft-catia-la-mar-east-predicted-damage"], "stackStatus": "before_after", "firstVisibleAcquisitionUtc": "2026-06-26T15:09:37.473432Z", "hoursAfterEvent": 41.08, "timeWindow": "24_48h", "evidenceTier": "contested_positive_with_detector_delta", "consensus": "positive_negative_disagreement", "priorityScore": 155, "assetCategories": ["collection_or_staging", "temporary_shelter"], "cropPairIds": [], "publicationStatus": "ai-triage-native-review-required", "arrivalInterpretation": "This acquisition provides an earliest visible bound within the available imagery, not the actual arrival time of assistance."}}, {"type": "Feature", "id": "pilot_r038_c063", "geometry": {"type": "Polygon", "coordinates": [[[-66.9783876, 10.5997706], [-66.9761418, 10.5997706], [-66.9761418, 10.6019781], [-66.9783876, 10.6019781], [-66.9783876, 10.5997706]]]}, "properties": {"cellId": "pilot_r038_c063", "coveredByAois": ["external-msft-catia-la-mar-east-predicted-damage"], "stackStatus": "before_after", "firstVisibleAcquisitionUtc": "2026-06-26T15:09:37.473432Z", "hoursAfterEvent": 41.08, "timeWindow": "24_48h", "evidenceTier": "contested_positive_with_detector_delta", "consensus": "positive_negative_disagreement", "priorityScore": 155, "assetCategories": ["temporary_shelter"], "cropPairIds": ["pair_0489_pilot_r038_c063_digger", "pair_0490_pilot_r038_c063_digger"], "publicationStatus": "ai-triage-native-review-required", "arrivalInterpretation": "This acquisition provides an earliest visible bound within the available imagery, not the actual arrival time of assistance."}}, {"type": "Feature", "id": "pilot_r038_c064", "geometry": {"type": "Polygon", "coordinates": [[[-66.9761418, 10.5997706], [-66.973896, 10.5997706], [-66.973896, 10.6019781], [-66.9761418, 10.6019781], [-66.9761418, 10.5997706]]]}, "properties": {"cellId": "pilot_r038_c064", "coveredByAois": ["external-msft-catia-la-mar-east-predicted-damage"], "stackStatus": "before_after", "firstVisibleAcquisitionUtc": "2026-06-26T15:09:37.473432Z", "hoursAfterEvent": 41.08, "timeWindow": "24_48h", "evidenceTier": "contested_positive_with_detector_delta", "consensus": "positive_negative_disagreement", "priorityScore": 155, "assetCategories": ["collection_or_staging", "temporary_shelter"], "cropPairIds": [], "publicationStatus": "ai-triage-native-review-required", "arrivalInterpretation": "This acquisition provides an earliest visible bound within the available imagery, not the actual arrival time of assistance."}}, {"type": "Feature", "id": "pilot_r038_c065", "geometry": {"type": "Polygon", "coordinates": [[[-66.973896, 10.5997706], [-66.9716502, 10.5997706], [-66.9716502, 10.6019781], [-66.973896, 10.6019781], [-66.973896, 10.5997706]]]}, "properties": {"cellId": "pilot_r038_c065", "coveredByAois": ["external-msft-catia-la-mar-east-predicted-damage"], "stackStatus": "before_after", "firstVisibleAcquisitionUtc": "2026-06-26T15:09:37.473432Z", "hoursAfterEvent": 41.08, "timeWindow": "24_48h", "evidenceTier": "contested_positive_with_detector_delta", "consensus": "positive_uncertain_disagreement", "priorityScore": 155, "assetCategories": ["temporary_shelter"], "cropPairIds": ["pair_0469_pilot_r038_c065_digger"], "publicationStatus": "ai-triage-native-review-required", "arrivalInterpretation": "This acquisition provides an earliest visible bound within the available imagery, not the actual arrival time of assistance."}}, {"type": "Feature", "id": "pilot_r039_c041", "geometry": {"type": "Polygon", "coordinates": [[[-67.0277949, 10.6019781], [-67.0255491, 10.6019781], [-67.0255491, 10.6041855], [-67.0277949, 10.6041855], [-67.0277949, 10.6019781]]]}, "properties": {"cellId": "pilot_r039_c041", "coveredByAois": ["emsr884-aoi12-caraballeda", "external-msft-catia-la-mar-predicted-damage", "external-msft-catia-la-mar-east-predicted-damage"], "stackStatus": "before_after", "firstVisibleAcquisitionUtc": "2026-06-26T15:09:37.473432Z", "hoursAfterEvent": 41.08, "timeWindow": "24_48h", "evidenceTier": "contested_positive_with_detector_delta", "consensus": "positive_negative_disagreement", "priorityScore": 155, "assetCategories": ["collection_or_staging", "debris_clearance", "temporary_shelter"], "cropPairIds": [], "publicationStatus": "ai-triage-native-review-required", "arrivalInterpretation": "This acquisition provides an earliest visible bound within the available imagery, not the actual arrival time of assistance."}}, {"type": "Feature", "id": "pilot_r039_c065", "geometry": {"type": "Polygon", "coordinates": [[[-66.973896, 10.6019781], [-66.9716502, 10.6019781], [-66.9716502, 10.6041855], [-66.973896, 10.6041855], [-66.973896, 10.6019781]]]}, "properties": {"cellId": "pilot_r039_c065", "coveredByAois": ["external-msft-catia-la-mar-east-predicted-damage"], "stackStatus": "before_after", "firstVisibleAcquisitionUtc": "2026-06-26T15:09:37.473432Z", "hoursAfterEvent": 41.08, "timeWindow": "24_48h", "evidenceTier": "contested_positive_with_detector_delta", "consensus": "positive_negative_disagreement", "priorityScore": 155, "assetCategories": ["collection_or_staging", "temporary_shelter"], "cropPairIds": [], "publicationStatus": "ai-triage-native-review-required", "arrivalInterpretation": "This acquisition provides an earliest visible bound within the available imagery, not the actual arrival time of assistance."}}, {"type": "Feature", "id": "pilot_r039_c066", "geometry": {"type": "Polygon", "coordinates": [[[-66.9716502, 10.6019781], [-66.9694044, 10.6019781], [-66.9694044, 10.6041855], [-66.9716502, 10.6041855], [-66.9716502, 10.6019781]]]}, "properties": {"cellId": "pilot_r039_c066", "coveredByAois": ["external-msft-catia-la-mar-east-predicted-damage"], "stackStatus": "before_after", "firstVisibleAcquisitionUtc": "2026-06-26T15:09:37.473432Z", "hoursAfterEvent": 41.08, "timeWindow": "24_48h", "evidenceTier": "contested_positive", "consensus": "positive_negative_disagreement", "priorityScore": 155, "assetCategories": ["collection_or_staging"], "cropPairIds": [], "publicationStatus": "ai-triage-native-review-required", "arrivalInterpretation": "This acquisition provides an earliest visible bound within the available imagery, not the actual arrival time of assistance."}}, {"type": "Feature", "id": "pilot_r040_c037", "geometry": {"type": "Polygon", "coordinates": [[[-67.0367781, 10.6041855], [-67.0345323, 10.6041855], [-67.0345323, 10.606393], [-67.0367781, 10.606393], [-67.0367781, 10.6041855]]]}, "properties": {"cellId": "pilot_r040_c037", "coveredByAois": ["emsr884-aoi12-caraballeda", "external-msft-catia-la-mar-predicted-damage", "external-msft-catia-la-mar-east-predicted-damage"], "stackStatus": "before_after", "firstVisibleAcquisitionUtc": "2026-06-26T15:09:37.473432Z", "hoursAfterEvent": 41.08, "timeWindow": "24_48h", "evidenceTier": "contested_positive_with_detector_delta", "consensus": "positive_uncertain_disagreement", "priorityScore": 155, "assetCategories": ["collection_or_staging", "debris_clearance", "temporary_shelter"], "cropPairIds": [], "publicationStatus": "ai-triage-native-review-required", "arrivalInterpretation": "This acquisition provides an earliest visible bound within the available imagery, not the actual arrival time of assistance."}}, {"type": "Feature", "id": "pilot_r040_c050", "geometry": {"type": "Polygon", "coordinates": [[[-67.0075828, 10.6041855], [-67.0053371, 10.6041855], [-67.0053371, 10.606393], [-67.0075828, 10.606393], [-67.0075828, 10.6041855]]]}, "properties": {"cellId": "pilot_r040_c050", "coveredByAois": ["emsr884-aoi12-caraballeda", "external-msft-catia-la-mar-predicted-damage", "external-msft-catia-la-mar-east-predicted-damage"], "stackStatus": "before_after", "firstVisibleAcquisitionUtc": "2026-06-26T15:09:37.473432Z", "hoursAfterEvent": 41.08, "timeWindow": "24_48h", "evidenceTier": "contested_positive_with_detector_delta", "consensus": "positive_negative_disagreement", "priorityScore": 155, "assetCategories": ["collection_or_staging"], "cropPairIds": [], "publicationStatus": "ai-triage-native-review-required", "arrivalInterpretation": "This acquisition provides an earliest visible bound within the available imagery, not the actual arrival time of assistance."}}, {"type": "Feature", "id": "pilot_r041_c062", "geometry": {"type": "Polygon", "coordinates": [[[-66.9806334, 10.606393], [-66.9783876, 10.606393], [-66.9783876, 10.6086004], [-66.9806334, 10.6086004], [-66.9806334, 10.606393]]]}, "properties": {"cellId": "pilot_r041_c062", "coveredByAois": ["emsr884-aoi12-caraballeda", "external-msft-catia-la-mar-east-predicted-damage"], "stackStatus": "before_after", "firstVisibleAcquisitionUtc": "2026-06-26T15:09:37.473432Z", "hoursAfterEvent": 41.08, "timeWindow": "24_48h", "evidenceTier": "contested_positive_with_detector_delta", "consensus": "positive_uncertain_disagreement", "priorityScore": 155, "assetCategories": ["collection_or_staging", "temporary_shelter"], "cropPairIds": [], "publicationStatus": "ai-triage-native-review-required", "arrivalInterpretation": "This acquisition provides an earliest visible bound within the available imagery, not the actual arrival time of assistance."}}, {"type": "Feature", "id": "pilot_r042_c044", "geometry": {"type": "Polygon", "coordinates": [[[-67.0210576, 10.6086004], [-67.0188118, 10.6086004], [-67.0188118, 10.6108078], [-67.0210576, 10.6108078], [-67.0210576, 10.6086004]]]}, "properties": {"cellId": "pilot_r042_c044", "coveredByAois": ["emsr884-aoi12-caraballeda", "external-msft-catia-la-mar-predicted-damage", "external-msft-catia-la-mar-east-predicted-damage"], "stackStatus": "before_after", "firstVisibleAcquisitionUtc": "2026-06-26T15:09:37.473432Z", "hoursAfterEvent": 41.08, "timeWindow": "24_48h", "evidenceTier": "contested_positive_with_detector_delta", "consensus": "positive_uncertain_disagreement", "priorityScore": 155, "assetCategories": ["collection_or_staging", "debris_clearance", "temporary_shelter"], "cropPairIds": ["pair_0495_pilot_r042_c044_digger"], "publicationStatus": "ai-triage-native-review-required", "arrivalInterpretation": "This acquisition provides an earliest visible bound within the available imagery, not the actual arrival time of assistance."}}, {"type": "Feature", "id": "pilot_r043_c043", "geometry": {"type": "Polygon", "coordinates": [[[-67.0233034, 10.6108078], [-67.0210576, 10.6108078], [-67.0210576, 10.6130152], [-67.0233034, 10.6130152], [-67.0233034, 10.6108078]]]}, "properties": {"cellId": "pilot_r043_c043", "coveredByAois": ["emsr884-aoi12-caraballeda", "external-msft-catia-la-mar-predicted-damage", "external-msft-catia-la-mar-east-predicted-damage"], "stackStatus": "before_after", "firstVisibleAcquisitionUtc": "2026-06-26T15:09:37.473432Z", "hoursAfterEvent": 41.08, "timeWindow": "24_48h", "evidenceTier": "contested_positive_with_detector_delta", "consensus": "positive_uncertain_disagreement", "priorityScore": 155, "assetCategories": ["collection_or_staging", "temporary_shelter"], "cropPairIds": [], "publicationStatus": "ai-triage-native-review-required", "arrivalInterpretation": "This acquisition provides an earliest visible bound within the available imagery, not the actual arrival time of assistance."}}, {"type": "Feature", "id": "pilot_r043_c048", "geometry": {"type": "Polygon", "coordinates": [[[-67.0120744, 10.6108078], [-67.0098286, 10.6108078], [-67.0098286, 10.6130152], [-67.0120744, 10.6130152], [-67.0120744, 10.6108078]]]}, "properties": {"cellId": "pilot_r043_c048", "coveredByAois": ["emsr884-aoi12-caraballeda", "external-msft-catia-la-mar-predicted-damage", "external-msft-catia-la-mar-east-predicted-damage"], "stackStatus": "before_after", "firstVisibleAcquisitionUtc": "2026-06-26T15:09:37.473432Z", "hoursAfterEvent": 41.08, "timeWindow": "24_48h", "evidenceTier": "contested_positive_with_detector_delta", "consensus": "positive_uncertain_disagreement", "priorityScore": 155, "assetCategories": ["collection_or_staging", "debris_clearance", "temporary_shelter"], "cropPairIds": [], "publicationStatus": "ai-triage-native-review-required", "arrivalInterpretation": "This acquisition provides an earliest visible bound within the available imagery, not the actual arrival time of assistance."}}, {"type": "Feature", "id": "pilot_r043_c057", "geometry": {"type": "Polygon", "coordinates": [[[-66.9918623, 10.6108078], [-66.9896165, 10.6108078], [-66.9896165, 10.6130152], [-66.9918623, 10.6130152], [-66.9918623, 10.6108078]]]}, "properties": {"cellId": "pilot_r043_c057", "coveredByAois": ["emsr884-aoi12-caraballeda", "external-msft-catia-la-mar-predicted-damage", "external-msft-catia-la-mar-east-predicted-damage"], "stackStatus": "before_after", "firstVisibleAcquisitionUtc": "2026-06-26T15:09:37.473432Z", "hoursAfterEvent": 41.08, "timeWindow": "24_48h", "evidenceTier": "contested_positive_with_detector_delta", "consensus": "positive_negative_disagreement", "priorityScore": 155, "assetCategories": ["collection_or_staging", "temporary_shelter"], "cropPairIds": [], "publicationStatus": "ai-triage-native-review-required", "arrivalInterpretation": "This acquisition provides an earliest visible bound within the available imagery, not the actual arrival time of assistance."}}, {"type": "Feature", "id": "pilot_r010_c060", "geometry": {"type": "Polygon", "coordinates": [[[-66.985125, 10.5379554], [-66.9828792, 10.5379554], [-66.9828792, 10.5401633], [-66.985125, 10.5401633], [-66.985125, 10.5379554]]]}, "properties": {"cellId": "pilot_r010_c060", "coveredByAois": ["external-msft-catia-la-mar-east-predicted-damage"], "stackStatus": "before_after", "firstVisibleAcquisitionUtc": "2026-06-26T15:09:37.473432Z", "hoursAfterEvent": 41.08, "timeWindow": "24_48h", "evidenceTier": "contested_positive", "consensus": "positive_negative_disagreement", "priorityScore": 145, "assetCategories": ["collection_or_staging", "debris_clearance", "heavy_machinery", "temporary_shelter"], "cropPairIds": [], "publicationStatus": "ai-triage-native-review-required", "arrivalInterpretation": "This acquisition provides an earliest visible bound within the available imagery, not the actual arrival time of assistance."}}, {"type": "Feature", "id": "pilot_r023_c023", "geometry": {"type": "Polygon", "coordinates": [[[-67.0682191, 10.5666569], [-67.0659733, 10.5666569], [-67.0659733, 10.5688646], [-67.0682191, 10.5688646], [-67.0682191, 10.5666569]]]}, "properties": {"cellId": "pilot_r023_c023", "coveredByAois": ["external-msft-catia-la-mar-predicted-damage"], "stackStatus": "before_after", "firstVisibleAcquisitionUtc": "2026-06-26T15:09:37.473432Z", "hoursAfterEvent": 41.08, "timeWindow": "24_48h", "evidenceTier": "cross_model_positive", "consensus": "both_positive", "priorityScore": 145, "assetCategories": ["debris_clearance", "temporary_shelter"], "cropPairIds": [], "publicationStatus": "ai-triage-native-review-required", "arrivalInterpretation": "This acquisition provides an earliest visible bound within the available imagery, not the actual arrival time of assistance."}}, {"type": "Feature", "id": "pilot_r031_c044", "geometry": {"type": "Polygon", "coordinates": [[[-67.0210576, 10.584318], [-67.0188118, 10.584318], [-67.0188118, 10.5865256], [-67.0210576, 10.5865256], [-67.0210576, 10.584318]]]}, "properties": {"cellId": "pilot_r031_c044", "coveredByAois": ["external-msft-catia-la-mar-predicted-damage", "external-msft-catia-la-mar-east-predicted-damage"], "stackStatus": "before_after", "firstVisibleAcquisitionUtc": "2026-06-26T15:09:37.473432Z", "hoursAfterEvent": 41.08, "timeWindow": "24_48h", "evidenceTier": "cross_model_positive", "consensus": "both_positive", "priorityScore": 145, "assetCategories": ["temporary_shelter"], "cropPairIds": [], "publicationStatus": "ai-triage-native-review-required", "arrivalInterpretation": "This acquisition provides an earliest visible bound within the available imagery, not the actual arrival time of assistance."}}, {"type": "Feature", "id": "pilot_r034_c045", "geometry": {"type": "Polygon", "coordinates": [[[-67.0188118, 10.5909407], [-67.016566, 10.5909407], [-67.016566, 10.5931482], [-67.0188118, 10.5931482], [-67.0188118, 10.5909407]]]}, "properties": {"cellId": "pilot_r034_c045", "coveredByAois": ["external-msft-catia-la-mar-predicted-damage", "external-msft-catia-la-mar-east-predicted-damage"], "stackStatus": "before_after", "firstVisibleAcquisitionUtc": "2026-06-26T15:09:37.473432Z", "hoursAfterEvent": 41.08, "timeWindow": "24_48h", "evidenceTier": "cross_model_positive", "consensus": "both_positive", "priorityScore": 145, "assetCategories": ["debris_clearance", "temporary_shelter"], "cropPairIds": [], "publicationStatus": "ai-triage-native-review-required", "arrivalInterpretation": "This acquisition provides an earliest visible bound within the available imagery, not the actual arrival time of assistance."}}, {"type": "Feature", "id": "pilot_r036_c042", "geometry": {"type": "Polygon", "coordinates": [[[-67.0255491, 10.5953557], [-67.0233034, 10.5953557], [-67.0233034, 10.5975632], [-67.0255491, 10.5975632], [-67.0255491, 10.5953557]]]}, "properties": {"cellId": "pilot_r036_c042", "coveredByAois": ["emsr884-aoi12-caraballeda", "external-msft-catia-la-mar-predicted-damage", "external-msft-catia-la-mar-east-predicted-damage"], "stackStatus": "before_after", "firstVisibleAcquisitionUtc": "2026-06-26T15:09:37.473432Z", "hoursAfterEvent": 41.08, "timeWindow": "24_48h", "evidenceTier": "contested_positive", "consensus": "positive_negative_disagreement", "priorityScore": 145, "assetCategories": ["heavy_machinery", "temporary_shelter"], "cropPairIds": [], "publicationStatus": "ai-triage-native-review-required", "arrivalInterpretation": "This acquisition provides an earliest visible bound within the available imagery, not the actual arrival time of assistance."}}, {"type": "Feature", "id": "pilot_r001_c066", "geometry": {"type": "Polygon", "coordinates": [[[-66.9716502, 10.5180835], [-66.9694044, 10.5180835], [-66.9694044, 10.5202916], [-66.9716502, 10.5202916], [-66.9716502, 10.5180835]]]}, "properties": {"cellId": "pilot_r001_c066", "coveredByAois": ["external-msft-catia-la-mar-east-predicted-damage"], "stackStatus": "before_after", "firstVisibleAcquisitionUtc": "2026-06-26T15:09:37.473432Z", "hoursAfterEvent": 41.08, "timeWindow": "24_48h", "evidenceTier": "contested_positive_with_detector_delta", "consensus": "positive_negative_disagreement", "priorityScore": 140, "assetCategories": ["collection_or_staging", "debris_clearance", "temporary_shelter"], "cropPairIds": [], "publicationStatus": "ai-triage-native-review-required", "arrivalInterpretation": "This acquisition provides an earliest visible bound within the available imagery, not the actual arrival time of assistance."}}, {"type": "Feature", "id": "pilot_r004_c062", "geometry": {"type": "Polygon", "coordinates": [[[-66.9806334, 10.5247076], [-66.9783876, 10.5247076], [-66.9783876, 10.5269156], [-66.9806334, 10.5269156], [-66.9806334, 10.5247076]]]}, "properties": {"cellId": "pilot_r004_c062", "coveredByAois": ["external-msft-catia-la-mar-east-predicted-damage"], "stackStatus": "before_after", "firstVisibleAcquisitionUtc": "2026-06-26T15:09:37.473432Z", "hoursAfterEvent": 41.08, "timeWindow": "24_48h", "evidenceTier": "contested_positive", "consensus": "positive_negative_disagreement", "priorityScore": 140, "assetCategories": ["collection_or_staging", "temporary_shelter"], "cropPairIds": [], "publicationStatus": "ai-triage-native-review-required", "arrivalInterpretation": "This acquisition provides an earliest visible bound within the available imagery, not the actual arrival time of assistance."}}, {"type": "Feature", "id": "pilot_r009_c063", "geometry": {"type": "Polygon", "coordinates": [[[-66.9783876, 10.5357474], [-66.9761418, 10.5357474], [-66.9761418, 10.5379554], [-66.9783876, 10.5379554], [-66.9783876, 10.5357474]]]}, "properties": {"cellId": "pilot_r009_c063", "coveredByAois": ["external-msft-catia-la-mar-east-predicted-damage"], "stackStatus": "before_after", "firstVisibleAcquisitionUtc": "2026-06-26T15:09:37.473432Z", "hoursAfterEvent": 41.08, "timeWindow": "24_48h", "evidenceTier": "contested_positive_with_detector_delta", "consensus": "positive_uncertain_disagreement", "priorityScore": 140, "assetCategories": ["collection_or_staging", "debris_clearance", "temporary_shelter"], "cropPairIds": [], "publicationStatus": "ai-triage-native-review-required", "arrivalInterpretation": "This acquisition provides an earliest visible bound within the available imagery, not the actual arrival time of assistance."}}, {"type": "Feature", "id": "pilot_r023_c028", "geometry": {"type": "Polygon", "coordinates": [[[-67.0569902, 10.5666569], [-67.0547444, 10.5666569], [-67.0547444, 10.5688646], [-67.0569902, 10.5688646], [-67.0569902, 10.5666569]]]}, "properties": {"cellId": "pilot_r023_c028", "coveredByAois": ["external-msft-catia-la-mar-predicted-damage"], "stackStatus": "before_after", "firstVisibleAcquisitionUtc": "2026-06-26T15:09:37.473432Z", "hoursAfterEvent": 41.08, "timeWindow": "24_48h", "evidenceTier": "contested_positive_with_detector_delta", "consensus": "positive_uncertain_disagreement", "priorityScore": 140, "assetCategories": ["collection_or_staging", "temporary_shelter"], "cropPairIds": [], "publicationStatus": "ai-triage-native-review-required", "arrivalInterpretation": "This acquisition provides an earliest visible bound within the available imagery, not the actual arrival time of assistance."}}, {"type": "Feature", "id": "pilot_r031_c029", "geometry": {"type": "Polygon", "coordinates": [[[-67.0547444, 10.584318], [-67.0524986, 10.584318], [-67.0524986, 10.5865256], [-67.0547444, 10.5865256], [-67.0547444, 10.584318]]]}, "properties": {"cellId": "pilot_r031_c029", "coveredByAois": ["emsr884-aoi12-caraballeda", "external-msft-catia-la-mar-predicted-damage"], "stackStatus": "before_after", "firstVisibleAcquisitionUtc": "2026-06-26T15:09:37.473432Z", "hoursAfterEvent": 41.08, "timeWindow": "24_48h", "evidenceTier": "contested_positive_with_detector_delta", "consensus": "positive_negative_disagreement", "priorityScore": 140, "assetCategories": ["collection_or_staging", "temporary_shelter"], "cropPairIds": [], "publicationStatus": "ai-triage-native-review-required", "arrivalInterpretation": "This acquisition provides an earliest visible bound within the available imagery, not the actual arrival time of assistance."}}, {"type": "Feature", "id": "pilot_r031_c037", "geometry": {"type": "Polygon", "coordinates": [[[-67.0367781, 10.584318], [-67.0345323, 10.584318], [-67.0345323, 10.5865256], [-67.0367781, 10.5865256], [-67.0367781, 10.584318]]]}, "properties": {"cellId": "pilot_r031_c037", "coveredByAois": ["external-msft-catia-la-mar-predicted-damage"], "stackStatus": "before_after", "firstVisibleAcquisitionUtc": "2026-06-26T15:09:37.473432Z", "hoursAfterEvent": 41.08, "timeWindow": "24_48h", "evidenceTier": "contested_positive_with_detector_delta", "consensus": "positive_uncertain_disagreement", "priorityScore": 140, "assetCategories": ["temporary_shelter"], "cropPairIds": [], "publicationStatus": "ai-triage-native-review-required", "arrivalInterpretation": "This acquisition provides an earliest visible bound within the available imagery, not the actual arrival time of assistance."}}, {"type": "Feature", "id": "pilot_r032_c039", "geometry": {"type": "Polygon", "coordinates": [[[-67.0322865, 10.5865256], [-67.0300407, 10.5865256], [-67.0300407, 10.5887331], [-67.0322865, 10.5887331], [-67.0322865, 10.5865256]]]}, "properties": {"cellId": "pilot_r032_c039", "coveredByAois": ["external-msft-catia-la-mar-predicted-damage", "external-msft-catia-la-mar-east-predicted-damage"], "stackStatus": "before_after", "firstVisibleAcquisitionUtc": "2026-06-26T15:09:37.473432Z", "hoursAfterEvent": 41.08, "timeWindow": "24_48h", "evidenceTier": "contested_positive", "consensus": "positive_negative_disagreement", "priorityScore": 140, "assetCategories": ["temporary_shelter"], "cropPairIds": [], "publicationStatus": "ai-triage-native-review-required", "arrivalInterpretation": "This acquisition provides an earliest visible bound within the available imagery, not the actual arrival time of assistance."}}, {"type": "Feature", "id": "pilot_r034_c031", "geometry": {"type": "Polygon", "coordinates": [[[-67.0502528, 10.5909407], [-67.048007, 10.5909407], [-67.048007, 10.5931482], [-67.0502528, 10.5931482], [-67.0502528, 10.5909407]]]}, "properties": {"cellId": "pilot_r034_c031", "coveredByAois": ["emsr884-aoi12-caraballeda", "external-msft-catia-la-mar-predicted-damage"], "stackStatus": "before_after", "firstVisibleAcquisitionUtc": "2026-06-26T15:09:37.473432Z", "hoursAfterEvent": 41.08, "timeWindow": "24_48h", "evidenceTier": "contested_positive", "consensus": "positive_negative_disagreement", "priorityScore": 140, "assetCategories": ["collection_or_staging", "temporary_shelter", "trucks_or_large_vehicles"], "cropPairIds": [], "publicationStatus": "ai-triage-native-review-required", "arrivalInterpretation": "This acquisition provides an earliest visible bound within the available imagery, not the actual arrival time of assistance."}}, {"type": "Feature", "id": "pilot_r034_c035", "geometry": {"type": "Polygon", "coordinates": [[[-67.0412697, 10.5909407], [-67.0390239, 10.5909407], [-67.0390239, 10.5931482], [-67.0412697, 10.5931482], [-67.0412697, 10.5909407]]]}, "properties": {"cellId": "pilot_r034_c035", "coveredByAois": ["external-msft-catia-la-mar-predicted-damage"], "stackStatus": "before_after", "firstVisibleAcquisitionUtc": "2026-06-26T15:09:37.473432Z", "hoursAfterEvent": 41.08, "timeWindow": "24_48h", "evidenceTier": "contested_positive", "consensus": "positive_negative_disagreement", "priorityScore": 140, "assetCategories": ["temporary_shelter"], "cropPairIds": [], "publicationStatus": "ai-triage-native-review-required", "arrivalInterpretation": "This acquisition provides an earliest visible bound within the available imagery, not the actual arrival time of assistance."}}, {"type": "Feature", "id": "pilot_r034_c042", "geometry": {"type": "Polygon", "coordinates": [[[-67.0255491, 10.5909407], [-67.0233034, 10.5909407], [-67.0233034, 10.5931482], [-67.0255491, 10.5931482], [-67.0255491, 10.5909407]]]}, "properties": {"cellId": "pilot_r034_c042", "coveredByAois": ["external-msft-catia-la-mar-predicted-damage", "external-msft-catia-la-mar-east-predicted-damage"], "stackStatus": "before_after", "firstVisibleAcquisitionUtc": "2026-06-26T15:09:37.473432Z", "hoursAfterEvent": 41.08, "timeWindow": "24_48h", "evidenceTier": "contested_positive", "consensus": "positive_uncertain_disagreement", "priorityScore": 140, "assetCategories": ["temporary_shelter", "trucks_or_large_vehicles"], "cropPairIds": [], "publicationStatus": "ai-triage-native-review-required", "arrivalInterpretation": "This acquisition provides an earliest visible bound within the available imagery, not the actual arrival time of assistance."}}, {"type": "Feature", "id": "pilot_r034_c052", "geometry": {"type": "Polygon", "coordinates": [[[-67.0030913, 10.5909407], [-67.0008455, 10.5909407], [-67.0008455, 10.5931482], [-67.0030913, 10.5931482], [-67.0030913, 10.5909407]]]}, "properties": {"cellId": "pilot_r034_c052", "coveredByAois": ["external-msft-catia-la-mar-predicted-damage", "external-msft-catia-la-mar-east-predicted-damage"], "stackStatus": "before_after", "firstVisibleAcquisitionUtc": "2026-06-26T15:09:37.473432Z", "hoursAfterEvent": 41.08, "timeWindow": "24_48h", "evidenceTier": "contested_positive", "consensus": "positive_negative_disagreement", "priorityScore": 140, "assetCategories": ["temporary_shelter"], "cropPairIds": [], "publicationStatus": "ai-triage-native-review-required", "arrivalInterpretation": "This acquisition provides an earliest visible bound within the available imagery, not the actual arrival time of assistance."}}, {"type": "Feature", "id": "pilot_r035_c048", "geometry": {"type": "Polygon", "coordinates": [[[-67.0120744, 10.5931482], [-67.0098286, 10.5931482], [-67.0098286, 10.5953557], [-67.0120744, 10.5953557], [-67.0120744, 10.5931482]]]}, "properties": {"cellId": "pilot_r035_c048", "coveredByAois": ["external-msft-catia-la-mar-predicted-damage", "external-msft-catia-la-mar-east-predicted-damage"], "stackStatus": "before_after", "firstVisibleAcquisitionUtc": "2026-06-26T15:09:37.473432Z", "hoursAfterEvent": 41.08, "timeWindow": "24_48h", "evidenceTier": "contested_positive_with_detector_delta", "consensus": "positive_uncertain_disagreement", "priorityScore": 140, "assetCategories": ["collection_or_staging", "temporary_shelter"], "cropPairIds": [], "publicationStatus": "ai-triage-native-review-required", "arrivalInterpretation": "This acquisition provides an earliest visible bound within the available imagery, not the actual arrival time of assistance."}}, {"type": "Feature", "id": "pilot_r035_c053", "geometry": {"type": "Polygon", "coordinates": [[[-67.0008455, 10.5931482], [-66.9985997, 10.5931482], [-66.9985997, 10.5953557], [-67.0008455, 10.5953557], [-67.0008455, 10.5931482]]]}, "properties": {"cellId": "pilot_r035_c053", "coveredByAois": ["external-msft-catia-la-mar-predicted-damage", "external-msft-catia-la-mar-east-predicted-damage"], "stackStatus": "before_after", "firstVisibleAcquisitionUtc": "2026-06-26T15:09:37.473432Z", "hoursAfterEvent": 41.08, "timeWindow": "24_48h", "evidenceTier": "contested_positive_with_detector_delta", "consensus": "positive_negative_disagreement", "priorityScore": 140, "assetCategories": ["temporary_shelter"], "cropPairIds": [], "publicationStatus": "ai-triage-native-review-required", "arrivalInterpretation": "This acquisition provides an earliest visible bound within the available imagery, not the actual arrival time of assistance."}}, {"type": "Feature", "id": "pilot_r035_c061", "geometry": {"type": "Polygon", "coordinates": [[[-66.9828792, 10.5931482], [-66.9806334, 10.5931482], [-66.9806334, 10.5953557], [-66.9828792, 10.5953557], [-66.9828792, 10.5931482]]]}, "properties": {"cellId": "pilot_r035_c061", "coveredByAois": ["external-msft-catia-la-mar-east-predicted-damage"], "stackStatus": "before_after", "firstVisibleAcquisitionUtc": "2026-06-26T15:09:37.473432Z", "hoursAfterEvent": 41.08, "timeWindow": "24_48h", "evidenceTier": "contested_positive_with_detector_delta", "consensus": "positive_negative_disagreement", "priorityScore": 140, "assetCategories": ["debris_clearance", "temporary_shelter"], "cropPairIds": [], "publicationStatus": "ai-triage-native-review-required", "arrivalInterpretation": "This acquisition provides an earliest visible bound within the available imagery, not the actual arrival time of assistance."}}, {"type": "Feature", "id": "pilot_r042_c042", "geometry": {"type": "Polygon", "coordinates": [[[-67.0255491, 10.6086004], [-67.0233034, 10.6086004], [-67.0233034, 10.6108078], [-67.0255491, 10.6108078], [-67.0255491, 10.6086004]]]}, "properties": {"cellId": "pilot_r042_c042", "coveredByAois": ["emsr884-aoi12-caraballeda", "external-msft-catia-la-mar-predicted-damage", "external-msft-catia-la-mar-east-predicted-damage"], "stackStatus": "before_after", "firstVisibleAcquisitionUtc": "2026-06-26T15:09:37.473432Z", "hoursAfterEvent": 41.08, "timeWindow": "24_48h", "evidenceTier": "contested_positive_with_detector_delta", "consensus": "positive_negative_disagreement", "priorityScore": 140, "assetCategories": ["collection_or_staging", "temporary_shelter"], "cropPairIds": [], "publicationStatus": "ai-triage-native-review-required", "arrivalInterpretation": "This acquisition provides an earliest visible bound within the available imagery, not the actual arrival time of assistance."}}, {"type": "Feature", "id": "pilot_r042_c056", "geometry": {"type": "Polygon", "coordinates": [[[-66.9941081, 10.6086004], [-66.9918623, 10.6086004], [-66.9918623, 10.6108078], [-66.9941081, 10.6108078], [-66.9941081, 10.6086004]]]}, "properties": {"cellId": "pilot_r042_c056", "coveredByAois": ["emsr884-aoi12-caraballeda", "external-msft-catia-la-mar-predicted-damage", "external-msft-catia-la-mar-east-predicted-damage"], "stackStatus": "before_after", "firstVisibleAcquisitionUtc": "2026-06-26T15:09:37.473432Z", "hoursAfterEvent": 41.08, "timeWindow": "24_48h", "evidenceTier": "contested_positive", "consensus": "positive_negative_disagreement", "priorityScore": 140, "assetCategories": ["collection_or_staging", "emergency_or_service_vehicle", "temporary_shelter"], "cropPairIds": [], "publicationStatus": "ai-triage-native-review-required", "arrivalInterpretation": "This acquisition provides an earliest visible bound within the available imagery, not the actual arrival time of assistance."}}, {"type": "Feature", "id": "pilot_r004_c061", "geometry": {"type": "Polygon", "coordinates": [[[-66.9828792, 10.5247076], [-66.9806334, 10.5247076], [-66.9806334, 10.5269156], [-66.9828792, 10.5269156], [-66.9828792, 10.5247076]]]}, "properties": {"cellId": "pilot_r004_c061", "coveredByAois": ["external-msft-catia-la-mar-east-predicted-damage"], "stackStatus": "before_after", "firstVisibleAcquisitionUtc": "2026-06-26T15:09:37.473432Z", "hoursAfterEvent": 41.08, "timeWindow": "24_48h", "evidenceTier": "contested_positive_with_detector_delta", "consensus": "positive_uncertain_disagreement", "priorityScore": 135, "assetCategories": [], "cropPairIds": [], "publicationStatus": "ai-triage-native-review-required", "arrivalInterpretation": "This acquisition provides an earliest visible bound within the available imagery, not the actual arrival time of assistance."}}, {"type": "Feature", "id": "pilot_r009_c062", "geometry": {"type": "Polygon", "coordinates": [[[-66.9806334, 10.5357474], [-66.9783876, 10.5357474], [-66.9783876, 10.5379554], [-66.9806334, 10.5379554], [-66.9806334, 10.5357474]]]}, "properties": {"cellId": "pilot_r009_c062", "coveredByAois": ["external-msft-catia-la-mar-east-predicted-damage"], "stackStatus": "before_after", "firstVisibleAcquisitionUtc": "2026-06-26T15:09:37.473432Z", "hoursAfterEvent": 41.08, "timeWindow": "24_48h", "evidenceTier": "contested_positive_with_detector_delta", "consensus": "positive_negative_disagreement", "priorityScore": 135, "assetCategories": [], "cropPairIds": [], "publicationStatus": "ai-triage-native-review-required", "arrivalInterpretation": "This acquisition provides an earliest visible bound within the available imagery, not the actual arrival time of assistance."}}, {"type": "Feature", "id": "pilot_r031_c016", "geometry": {"type": "Polygon", "coordinates": [[[-67.0839396, 10.584318], [-67.0816939, 10.584318], [-67.0816939, 10.5865256], [-67.0839396, 10.5865256], [-67.0839396, 10.584318]]]}, "properties": {"cellId": "pilot_r031_c016", "coveredByAois": ["emsr884-aoi12-caraballeda", "external-msft-catia-la-mar-predicted-damage"], "stackStatus": "before_after", "firstVisibleAcquisitionUtc": "2026-06-26T15:09:37.473432Z", "hoursAfterEvent": 41.08, "timeWindow": "24_48h", "evidenceTier": "contested_positive_with_detector_delta", "consensus": "positive_negative_disagreement", "priorityScore": 135, "assetCategories": [], "cropPairIds": [], "publicationStatus": "ai-triage-native-review-required", "arrivalInterpretation": "This acquisition provides an earliest visible bound within the available imagery, not the actual arrival time of assistance."}}, {"type": "Feature", "id": "pilot_r033_c043", "geometry": {"type": "Polygon", "coordinates": [[[-67.0233034, 10.5887331], [-67.0210576, 10.5887331], [-67.0210576, 10.5909407], [-67.0233034, 10.5909407], [-67.0233034, 10.5887331]]]}, "properties": {"cellId": "pilot_r033_c043", "coveredByAois": ["external-msft-catia-la-mar-predicted-damage", "external-msft-catia-la-mar-east-predicted-damage"], "stackStatus": "before_after", "firstVisibleAcquisitionUtc": "2026-06-26T15:09:37.473432Z", "hoursAfterEvent": 41.08, "timeWindow": "24_48h", "evidenceTier": "contested_positive_with_detector_delta", "consensus": "positive_uncertain_disagreement", "priorityScore": 135, "assetCategories": [], "cropPairIds": [], "publicationStatus": "ai-triage-native-review-required", "arrivalInterpretation": "This acquisition provides an earliest visible bound within the available imagery, not the actual arrival time of assistance."}}, {"type": "Feature", "id": "pilot_r034_c034", "geometry": {"type": "Polygon", "coordinates": [[[-67.0435155, 10.5909407], [-67.0412697, 10.5909407], [-67.0412697, 10.5931482], [-67.0435155, 10.5931482], [-67.0435155, 10.5909407]]]}, "properties": {"cellId": "pilot_r034_c034", "coveredByAois": ["emsr884-aoi12-caraballeda", "external-msft-catia-la-mar-predicted-damage"], "stackStatus": "before_after", "firstVisibleAcquisitionUtc": "2026-06-26T15:09:37.473432Z", "hoursAfterEvent": 41.08, "timeWindow": "24_48h", "evidenceTier": "contested_positive_with_detector_delta", "consensus": "positive_negative_disagreement", "priorityScore": 135, "assetCategories": [], "cropPairIds": [], "publicationStatus": "ai-triage-native-review-required", "arrivalInterpretation": "This acquisition provides an earliest visible bound within the available imagery, not the actual arrival time of assistance."}}, {"type": "Feature", "id": "pilot_r037_c041", "geometry": {"type": "Polygon", "coordinates": [[[-67.0277949, 10.5975632], [-67.0255491, 10.5975632], [-67.0255491, 10.5997706], [-67.0277949, 10.5997706], [-67.0277949, 10.5975632]]]}, "properties": {"cellId": "pilot_r037_c041", "coveredByAois": ["emsr884-aoi12-caraballeda", "external-msft-catia-la-mar-predicted-damage", "external-msft-catia-la-mar-east-predicted-damage"], "stackStatus": "before_after", "firstVisibleAcquisitionUtc": "2026-06-26T15:09:37.473432Z", "hoursAfterEvent": 41.08, "timeWindow": "24_48h", "evidenceTier": "contested_positive", "consensus": "positive_uncertain_disagreement", "priorityScore": 135, "assetCategories": [], "cropPairIds": [], "publicationStatus": "ai-triage-native-review-required", "arrivalInterpretation": "This acquisition provides an earliest visible bound within the available imagery, not the actual arrival time of assistance."}}, {"type": "Feature", "id": "pilot_r037_c051", "geometry": {"type": "Polygon", "coordinates": [[[-67.0053371, 10.5975632], [-67.0030913, 10.5975632], [-67.0030913, 10.5997706], [-67.0053371, 10.5997706], [-67.0053371, 10.5975632]]]}, "properties": {"cellId": "pilot_r037_c051", "coveredByAois": ["emsr884-aoi12-caraballeda", "external-msft-catia-la-mar-predicted-damage", "external-msft-catia-la-mar-east-predicted-damage"], "stackStatus": "before_after", "firstVisibleAcquisitionUtc": "2026-06-26T15:09:37.473432Z", "hoursAfterEvent": 41.08, "timeWindow": "24_48h", "evidenceTier": "contested_positive_with_detector_delta", "consensus": "positive_uncertain_disagreement", "priorityScore": 135, "assetCategories": [], "cropPairIds": [], "publicationStatus": "ai-triage-native-review-required", "arrivalInterpretation": "This acquisition provides an earliest visible bound within the available imagery, not the actual arrival time of assistance."}}, {"type": "Feature", "id": "pilot_r038_c053", "geometry": {"type": "Polygon", "coordinates": [[[-67.0008455, 10.5997706], [-66.9985997, 10.5997706], [-66.9985997, 10.6019781], [-67.0008455, 10.6019781], [-67.0008455, 10.5997706]]]}, "properties": {"cellId": "pilot_r038_c053", "coveredByAois": ["emsr884-aoi12-caraballeda", "external-msft-catia-la-mar-predicted-damage", "external-msft-catia-la-mar-east-predicted-damage"], "stackStatus": "before_after", "firstVisibleAcquisitionUtc": "2026-06-26T15:09:37.473432Z", "hoursAfterEvent": 41.08, "timeWindow": "24_48h", "evidenceTier": "contested_positive_with_detector_delta", "consensus": "positive_uncertain_disagreement", "priorityScore": 135, "assetCategories": [], "cropPairIds": [], "publicationStatus": "ai-triage-native-review-required", "arrivalInterpretation": "This acquisition provides an earliest visible bound within the available imagery, not the actual arrival time of assistance."}}, {"type": "Feature", "id": "pilot_r002_c063", "geometry": {"type": "Polygon", "coordinates": [[[-66.9783876, 10.5202916], [-66.9761418, 10.5202916], [-66.9761418, 10.5224996], [-66.9783876, 10.5224996], [-66.9783876, 10.5202916]]]}, "properties": {"cellId": "pilot_r002_c063", "coveredByAois": ["external-msft-catia-la-mar-east-predicted-damage"], "stackStatus": "before_after", "firstVisibleAcquisitionUtc": "2026-06-26T15:09:37.473432Z", "hoursAfterEvent": 41.08, "timeWindow": "24_48h", "evidenceTier": "contested_positive_with_detector_delta", "consensus": "positive_negative_disagreement", "priorityScore": 120, "assetCategories": ["temporary_shelter"], "cropPairIds": [], "publicationStatus": "ai-triage-native-review-required", "arrivalInterpretation": "This acquisition provides an earliest visible bound within the available imagery, not the actual arrival time of assistance."}}, {"type": "Feature", "id": "pilot_r003_c065", "geometry": {"type": "Polygon", "coordinates": [[[-66.973896, 10.5224996], [-66.9716502, 10.5224996], [-66.9716502, 10.5247076], [-66.973896, 10.5247076], [-66.973896, 10.5224996]]]}, "properties": {"cellId": "pilot_r003_c065", "coveredByAois": ["external-msft-catia-la-mar-east-predicted-damage"], "stackStatus": "before_after", "firstVisibleAcquisitionUtc": "2026-06-26T15:09:37.473432Z", "hoursAfterEvent": 41.08, "timeWindow": "24_48h", "evidenceTier": "contested_positive_with_detector_delta", "consensus": "positive_uncertain_disagreement", "priorityScore": 120, "assetCategories": ["collection_or_staging", "debris_clearance"], "cropPairIds": [], "publicationStatus": "ai-triage-native-review-required", "arrivalInterpretation": "This acquisition provides an earliest visible bound within the available imagery, not the actual arrival time of assistance."}}, {"type": "Feature", "id": "pilot_r004_c058", "geometry": {"type": "Polygon", "coordinates": [[[-66.9896165, 10.5247076], [-66.9873707, 10.5247076], [-66.9873707, 10.5269156], [-66.9896165, 10.5269156], [-66.9896165, 10.5247076]]]}, "properties": {"cellId": "pilot_r004_c058", "coveredByAois": ["external-msft-catia-la-mar-east-predicted-damage"], "stackStatus": "before_after", "firstVisibleAcquisitionUtc": "2026-06-26T15:09:37.473432Z", "hoursAfterEvent": 41.08, "timeWindow": "24_48h", "evidenceTier": "contested_positive", "consensus": "positive_negative_disagreement", "priorityScore": 120, "assetCategories": ["collection_or_staging", "temporary_shelter"], "cropPairIds": [], "publicationStatus": "ai-triage-native-review-required", "arrivalInterpretation": "This acquisition provides an earliest visible bound within the available imagery, not the actual arrival time of assistance."}}, {"type": "Feature", "id": "pilot_r004_c067", "geometry": {"type": "Polygon", "coordinates": [[[-66.9694044, 10.5247076], [-66.9671587, 10.5247076], [-66.9671587, 10.5269156], [-66.9694044, 10.5269156], [-66.9694044, 10.5247076]]]}, "properties": {"cellId": "pilot_r004_c067", "coveredByAois": ["external-msft-catia-la-mar-east-predicted-damage"], "stackStatus": "before_after", "firstVisibleAcquisitionUtc": "2026-06-26T15:09:37.473432Z", "hoursAfterEvent": 41.08, "timeWindow": "24_48h", "evidenceTier": "contested_positive", "consensus": "positive_negative_disagreement", "priorityScore": 120, "assetCategories": ["collection_or_staging"], "cropPairIds": [], "publicationStatus": "ai-triage-native-review-required", "arrivalInterpretation": "This acquisition provides an earliest visible bound within the available imagery, not the actual arrival time of assistance."}}, {"type": "Feature", "id": "pilot_r009_c059", "geometry": {"type": "Polygon", "coordinates": [[[-66.9873707, 10.5357474], [-66.985125, 10.5357474], [-66.985125, 10.5379554], [-66.9873707, 10.5379554], [-66.9873707, 10.5357474]]]}, "properties": {"cellId": "pilot_r009_c059", "coveredByAois": ["external-msft-catia-la-mar-east-predicted-damage"], "stackStatus": "before_after", "firstVisibleAcquisitionUtc": "2026-06-26T15:09:37.473432Z", "hoursAfterEvent": 41.08, "timeWindow": "24_48h", "evidenceTier": "contested_positive_with_detector_delta", "consensus": "positive_negative_disagreement", "priorityScore": 120, "assetCategories": ["debris_clearance", "temporary_shelter"], "cropPairIds": [], "publicationStatus": "ai-triage-native-review-required", "arrivalInterpretation": "This acquisition provides an earliest visible bound within the available imagery, not the actual arrival time of assistance."}}, {"type": "Feature", "id": "pilot_r020_c027", "geometry": {"type": "Polygon", "coordinates": [[[-67.059236, 10.5600337], [-67.0569902, 10.5600337], [-67.0569902, 10.5622414], [-67.059236, 10.5622414], [-67.059236, 10.5600337]]]}, "properties": {"cellId": "pilot_r020_c027", "coveredByAois": ["external-msft-catia-la-mar-predicted-damage"], "stackStatus": "before_after", "firstVisibleAcquisitionUtc": "2026-06-26T15:09:37.473432Z", "hoursAfterEvent": 41.08, "timeWindow": "24_48h", "evidenceTier": "contested_positive", "consensus": "positive_negative_disagreement", "priorityScore": 120, "assetCategories": ["collection_or_staging", "debris_clearance", "temporary_shelter"], "cropPairIds": [], "publicationStatus": "ai-triage-native-review-required", "arrivalInterpretation": "This acquisition provides an earliest visible bound within the available imagery, not the actual arrival time of assistance."}}, {"type": "Feature", "id": "pilot_r024_c020", "geometry": {"type": "Polygon", "coordinates": [[[-67.0749565, 10.5688646], [-67.0727107, 10.5688646], [-67.0727107, 10.5710722], [-67.0749565, 10.5710722], [-67.0749565, 10.5688646]]]}, "properties": {"cellId": "pilot_r024_c020", "coveredByAois": ["external-msft-catia-la-mar-predicted-damage"], "stackStatus": "before_after", "firstVisibleAcquisitionUtc": "2026-06-26T15:09:37.473432Z", "hoursAfterEvent": 41.08, "timeWindow": "24_48h", "evidenceTier": "contested_positive", "consensus": "positive_uncertain_disagreement", "priorityScore": 120, "assetCategories": ["debris_clearance", "temporary_shelter"], "cropPairIds": [], "publicationStatus": "ai-triage-native-review-required", "arrivalInterpretation": "This acquisition provides an earliest visible bound within the available imagery, not the actual arrival time of assistance."}}, {"type": "Feature", "id": "pilot_r025_c017", "geometry": {"type": "Polygon", "coordinates": [[[-67.0816939, 10.5710722], [-67.0794481, 10.5710722], [-67.0794481, 10.5732799], [-67.0816939, 10.5732799], [-67.0816939, 10.5710722]]]}, "properties": {"cellId": "pilot_r025_c017", "coveredByAois": ["external-msft-catia-la-mar-predicted-damage"], "stackStatus": "before_after", "firstVisibleAcquisitionUtc": "2026-06-26T15:09:37.473432Z", "hoursAfterEvent": 41.08, "timeWindow": "24_48h", "evidenceTier": "contested_positive", "consensus": "positive_negative_disagreement", "priorityScore": 120, "assetCategories": ["collection_or_staging", "temporary_shelter"], "cropPairIds": [], "publicationStatus": "ai-triage-native-review-required", "arrivalInterpretation": "This acquisition provides an earliest visible bound within the available imagery, not the actual arrival time of assistance."}}, {"type": "Feature", "id": "pilot_r029_c027", "geometry": {"type": "Polygon", "coordinates": [[[-67.059236, 10.5799028], [-67.0569902, 10.5799028], [-67.0569902, 10.5821104], [-67.059236, 10.5821104], [-67.059236, 10.5799028]]]}, "properties": {"cellId": "pilot_r029_c027", "coveredByAois": ["external-msft-catia-la-mar-predicted-damage"], "stackStatus": "before_after", "firstVisibleAcquisitionUtc": "2026-06-26T15:09:37.473432Z", "hoursAfterEvent": 41.08, "timeWindow": "24_48h", "evidenceTier": "contested_positive", "consensus": "positive_negative_disagreement", "priorityScore": 120, "assetCategories": ["collection_or_staging", "temporary_shelter"], "cropPairIds": [], "publicationStatus": "ai-triage-native-review-required", "arrivalInterpretation": "This acquisition provides an earliest visible bound within the available imagery, not the actual arrival time of assistance."}}, {"type": "Feature", "id": "pilot_r031_c028", "geometry": {"type": "Polygon", "coordinates": [[[-67.0569902, 10.584318], [-67.0547444, 10.584318], [-67.0547444, 10.5865256], [-67.0569902, 10.5865256], [-67.0569902, 10.584318]]]}, "properties": {"cellId": "pilot_r031_c028", "coveredByAois": ["emsr884-aoi12-caraballeda", "external-msft-catia-la-mar-predicted-damage"], "stackStatus": "before_after", "firstVisibleAcquisitionUtc": "2026-06-26T15:09:37.473432Z", "hoursAfterEvent": 41.08, "timeWindow": "24_48h", "evidenceTier": "contested_positive", "consensus": "positive_negative_disagreement", "priorityScore": 120, "assetCategories": ["temporary_shelter"], "cropPairIds": [], "publicationStatus": "ai-triage-native-review-required", "arrivalInterpretation": "This acquisition provides an earliest visible bound within the available imagery, not the actual arrival time of assistance."}}, {"type": "Feature", "id": "pilot_r032_c033", "geometry": {"type": "Polygon", "coordinates": [[[-67.0457612, 10.5865256], [-67.0435155, 10.5865256], [-67.0435155, 10.5887331], [-67.0457612, 10.5887331], [-67.0457612, 10.5865256]]]}, "properties": {"cellId": "pilot_r032_c033", "coveredByAois": ["emsr884-aoi12-caraballeda", "external-msft-catia-la-mar-predicted-damage"], "stackStatus": "before_after", "firstVisibleAcquisitionUtc": "2026-06-26T15:09:37.473432Z", "hoursAfterEvent": 41.08, "timeWindow": "24_48h", "evidenceTier": "contested_positive", "consensus": "positive_negative_disagreement", "priorityScore": 120, "assetCategories": ["collection_or_staging", "debris_clearance", "temporary_shelter"], "cropPairIds": [], "publicationStatus": "ai-triage-native-review-required", "arrivalInterpretation": "This acquisition provides an earliest visible bound within the available imagery, not the actual arrival time of assistance."}}, {"type": "Feature", "id": "pilot_r032_c043", "geometry": {"type": "Polygon", "coordinates": [[[-67.0233034, 10.5865256], [-67.0210576, 10.5865256], [-67.0210576, 10.5887331], [-67.0233034, 10.5887331], [-67.0233034, 10.5865256]]]}, "properties": {"cellId": "pilot_r032_c043", "coveredByAois": ["external-msft-catia-la-mar-predicted-damage", "external-msft-catia-la-mar-east-predicted-damage"], "stackStatus": "before_after", "firstVisibleAcquisitionUtc": "2026-06-26T15:09:37.473432Z", "hoursAfterEvent": 41.08, "timeWindow": "24_48h", "evidenceTier": "contested_positive", "consensus": "positive_negative_disagreement", "priorityScore": 120, "assetCategories": ["collection_or_staging", "debris_clearance"], "cropPairIds": [], "publicationStatus": "ai-triage-native-review-required", "arrivalInterpretation": "This acquisition provides an earliest visible bound within the available imagery, not the actual arrival time of assistance."}}, {"type": "Feature", "id": "pilot_r035_c043", "geometry": {"type": "Polygon", "coordinates": [[[-67.0233034, 10.5931482], [-67.0210576, 10.5931482], [-67.0210576, 10.5953557], [-67.0233034, 10.5953557], [-67.0233034, 10.5931482]]]}, "properties": {"cellId": "pilot_r035_c043", "coveredByAois": ["emsr884-aoi12-caraballeda", "external-msft-catia-la-mar-predicted-damage", "external-msft-catia-la-mar-east-predicted-damage"], "stackStatus": "before_after", "firstVisibleAcquisitionUtc": "2026-06-26T15:09:37.473432Z", "hoursAfterEvent": 41.08, "timeWindow": "24_48h", "evidenceTier": "contested_positive", "consensus": "positive_uncertain_disagreement", "priorityScore": 120, "assetCategories": ["temporary_shelter"], "cropPairIds": [], "publicationStatus": "ai-triage-native-review-required", "arrivalInterpretation": "This acquisition provides an earliest visible bound within the available imagery, not the actual arrival time of assistance."}}, {"type": "Feature", "id": "pilot_r037_c043", "geometry": {"type": "Polygon", "coordinates": [[[-67.0233034, 10.5975632], [-67.0210576, 10.5975632], [-67.0210576, 10.5997706], [-67.0233034, 10.5997706], [-67.0233034, 10.5975632]]]}, "properties": {"cellId": "pilot_r037_c043", "coveredByAois": ["emsr884-aoi12-caraballeda", "external-msft-catia-la-mar-predicted-damage", "external-msft-catia-la-mar-east-predicted-damage"], "stackStatus": "before_after", "firstVisibleAcquisitionUtc": "2026-06-26T15:09:37.473432Z", "hoursAfterEvent": 41.08, "timeWindow": "24_48h", "evidenceTier": "contested_positive_with_detector_delta", "consensus": "positive_negative_disagreement", "priorityScore": 120, "assetCategories": [], "cropPairIds": [], "publicationStatus": "ai-triage-native-review-required", "arrivalInterpretation": "This acquisition provides an earliest visible bound within the available imagery, not the actual arrival time of assistance."}}, {"type": "Feature", "id": "pilot_r037_c049", "geometry": {"type": "Polygon", "coordinates": [[[-67.0098286, 10.5975632], [-67.0075828, 10.5975632], [-67.0075828, 10.5997706], [-67.0098286, 10.5997706], [-67.0098286, 10.5975632]]]}, "properties": {"cellId": "pilot_r037_c049", "coveredByAois": ["emsr884-aoi12-caraballeda", "external-msft-catia-la-mar-predicted-damage", "external-msft-catia-la-mar-east-predicted-damage"], "stackStatus": "before_after", "firstVisibleAcquisitionUtc": "2026-06-26T15:09:37.473432Z", "hoursAfterEvent": 41.08, "timeWindow": "24_48h", "evidenceTier": "contested_positive", "consensus": "positive_negative_disagreement", "priorityScore": 120, "assetCategories": ["collection_or_staging", "temporary_shelter"], "cropPairIds": [], "publicationStatus": "ai-triage-native-review-required", "arrivalInterpretation": "This acquisition provides an earliest visible bound within the available imagery, not the actual arrival time of assistance."}}, {"type": "Feature", "id": "pilot_r037_c056", "geometry": {"type": "Polygon", "coordinates": [[[-66.9941081, 10.5975632], [-66.9918623, 10.5975632], [-66.9918623, 10.5997706], [-66.9941081, 10.5997706], [-66.9941081, 10.5975632]]]}, "properties": {"cellId": "pilot_r037_c056", "coveredByAois": ["external-msft-catia-la-mar-predicted-damage", "external-msft-catia-la-mar-east-predicted-damage"], "stackStatus": "before_after", "firstVisibleAcquisitionUtc": "2026-06-26T15:09:37.473432Z", "hoursAfterEvent": 41.08, "timeWindow": "24_48h", "evidenceTier": "contested_positive", "consensus": "positive_negative_disagreement", "priorityScore": 120, "assetCategories": ["collection_or_staging", "temporary_shelter"], "cropPairIds": [], "publicationStatus": "ai-triage-native-review-required", "arrivalInterpretation": "This acquisition provides an earliest visible bound within the available imagery, not the actual arrival time of assistance."}}, {"type": "Feature", "id": "pilot_r039_c036", "geometry": {"type": "Polygon", "coordinates": [[[-67.0390239, 10.6019781], [-67.0367781, 10.6019781], [-67.0367781, 10.6041855], [-67.0390239, 10.6041855], [-67.0390239, 10.6019781]]]}, "properties": {"cellId": "pilot_r039_c036", "coveredByAois": ["emsr884-aoi12-caraballeda", "external-msft-catia-la-mar-predicted-damage"], "stackStatus": "before_after", "firstVisibleAcquisitionUtc": "2026-06-26T15:09:37.473432Z", "hoursAfterEvent": 41.08, "timeWindow": "24_48h", "evidenceTier": "contested_positive", "consensus": "positive_uncertain_disagreement", "priorityScore": 120, "assetCategories": ["trucks_or_large_vehicles"], "cropPairIds": [], "publicationStatus": "ai-triage-native-review-required", "arrivalInterpretation": "This acquisition provides an earliest visible bound within the available imagery, not the actual arrival time of assistance."}}, {"type": "Feature", "id": "pilot_r041_c047", "geometry": {"type": "Polygon", "coordinates": [[[-67.0143202, 10.606393], [-67.0120744, 10.606393], [-67.0120744, 10.6086004], [-67.0143202, 10.6086004], [-67.0143202, 10.606393]]]}, "properties": {"cellId": "pilot_r041_c047", "coveredByAois": ["emsr884-aoi12-caraballeda", "external-msft-catia-la-mar-predicted-damage", "external-msft-catia-la-mar-east-predicted-damage"], "stackStatus": "before_after", "firstVisibleAcquisitionUtc": "2026-06-26T15:09:37.473432Z", "hoursAfterEvent": 41.08, "timeWindow": "24_48h", "evidenceTier": "contested_positive", "consensus": "positive_negative_disagreement", "priorityScore": 120, "assetCategories": ["collection_or_staging"], "cropPairIds": [], "publicationStatus": "ai-triage-native-review-required", "arrivalInterpretation": "This acquisition provides an earliest visible bound within the available imagery, not the actual arrival time of assistance."}}, {"type": "Feature", "id": "pilot_r042_c050", "geometry": {"type": "Polygon", "coordinates": [[[-67.0075828, 10.6086004], [-67.0053371, 10.6086004], [-67.0053371, 10.6108078], [-67.0075828, 10.6108078], [-67.0075828, 10.6086004]]]}, "properties": {"cellId": "pilot_r042_c050", "coveredByAois": ["emsr884-aoi12-caraballeda", "external-msft-catia-la-mar-predicted-damage", "external-msft-catia-la-mar-east-predicted-damage"], "stackStatus": "before_after", "firstVisibleAcquisitionUtc": "2026-06-26T15:09:37.473432Z", "hoursAfterEvent": 41.08, "timeWindow": "24_48h", "evidenceTier": "contested_positive_with_detector_delta", "consensus": "positive_uncertain_disagreement", "priorityScore": 120, "assetCategories": ["debris_clearance", "temporary_shelter"], "cropPairIds": [], "publicationStatus": "ai-triage-native-review-required", "arrivalInterpretation": "This acquisition provides an earliest visible bound within the available imagery, not the actual arrival time of assistance."}}, {"type": "Feature", "id": "pilot_r004_c057", "geometry": {"type": "Polygon", "coordinates": [[[-66.9918623, 10.5247076], [-66.9896165, 10.5247076], [-66.9896165, 10.5269156], [-66.9918623, 10.5269156], [-66.9918623, 10.5247076]]]}, "properties": {"cellId": "pilot_r004_c057", "coveredByAois": ["external-msft-catia-la-mar-east-predicted-damage"], "stackStatus": "before_after", "firstVisibleAcquisitionUtc": "2026-06-26T15:09:37.473432Z", "hoursAfterEvent": 41.08, "timeWindow": "24_48h", "evidenceTier": "contested_positive", "consensus": "positive_uncertain_disagreement", "priorityScore": 100, "assetCategories": ["debris_clearance"], "cropPairIds": [], "publicationStatus": "ai-triage-native-review-required", "arrivalInterpretation": "This acquisition provides an earliest visible bound within the available imagery, not the actual arrival time of assistance."}}, {"type": "Feature", "id": "pilot_r008_c059", "geometry": {"type": "Polygon", "coordinates": [[[-66.9873707, 10.5335395], [-66.985125, 10.5335395], [-66.985125, 10.5357474], [-66.9873707, 10.5357474], [-66.9873707, 10.5335395]]]}, "properties": {"cellId": "pilot_r008_c059", "coveredByAois": ["external-msft-catia-la-mar-east-predicted-damage"], "stackStatus": "before_after", "firstVisibleAcquisitionUtc": "2026-06-26T15:09:37.473432Z", "hoursAfterEvent": 41.08, "timeWindow": "24_48h", "evidenceTier": "contested_positive", "consensus": "positive_negative_disagreement", "priorityScore": 100, "assetCategories": [], "cropPairIds": [], "publicationStatus": "ai-triage-native-review-required", "arrivalInterpretation": "This acquisition provides an earliest visible bound within the available imagery, not the actual arrival time of assistance."}}, {"type": "Feature", "id": "pilot_r010_c064", "geometry": {"type": "Polygon", "coordinates": [[[-66.9761418, 10.5379554], [-66.973896, 10.5379554], [-66.973896, 10.5401633], [-66.9761418, 10.5401633], [-66.9761418, 10.5379554]]]}, "properties": {"cellId": "pilot_r010_c064", "coveredByAois": ["external-msft-catia-la-mar-east-predicted-damage"], "stackStatus": "before_after", "firstVisibleAcquisitionUtc": "2026-06-26T15:09:37.473432Z", "hoursAfterEvent": 41.08, "timeWindow": "24_48h", "evidenceTier": "contested_positive", "consensus": "positive_negative_disagreement", "priorityScore": 100, "assetCategories": [], "cropPairIds": [], "publicationStatus": "ai-triage-native-review-required", "arrivalInterpretation": "This acquisition provides an earliest visible bound within the available imagery, not the actual arrival time of assistance."}}, {"type": "Feature", "id": "pilot_r018_c024", "geometry": {"type": "Polygon", "coordinates": [[[-67.0659733, 10.5556181], [-67.0637275, 10.5556181], [-67.0637275, 10.5578259], [-67.0659733, 10.5578259], [-67.0659733, 10.5556181]]]}, "properties": {"cellId": "pilot_r018_c024", "coveredByAois": ["external-msft-catia-la-mar-predicted-damage"], "stackStatus": "before_after", "firstVisibleAcquisitionUtc": "2026-06-26T15:09:37.473432Z", "hoursAfterEvent": 41.08, "timeWindow": "24_48h", "evidenceTier": "contested_positive", "consensus": "positive_uncertain_disagreement", "priorityScore": 100, "assetCategories": [], "cropPairIds": [], "publicationStatus": "ai-triage-native-review-required", "arrivalInterpretation": "This acquisition provides an earliest visible bound within the available imagery, not the actual arrival time of assistance."}}, {"type": "Feature", "id": "pilot_r019_c011", "geometry": {"type": "Polygon", "coordinates": [[[-67.0951686, 10.5578259], [-67.0929228, 10.5578259], [-67.0929228, 10.5600337], [-67.0951686, 10.5600337], [-67.0951686, 10.5578259]]]}, "properties": {"cellId": "pilot_r019_c011", "coveredByAois": ["external-msft-catia-la-mar-predicted-damage"], "stackStatus": "before_after", "firstVisibleAcquisitionUtc": "2026-06-26T15:09:37.473432Z", "hoursAfterEvent": 41.08, "timeWindow": "24_48h", "evidenceTier": "contested_positive", "consensus": "positive_negative_disagreement", "priorityScore": 100, "assetCategories": [], "cropPairIds": [], "publicationStatus": "ai-triage-native-review-required", "arrivalInterpretation": "This acquisition provides an earliest visible bound within the available imagery, not the actual arrival time of assistance."}}, {"type": "Feature", "id": "pilot_r021_c027", "geometry": {"type": "Polygon", "coordinates": [[[-67.059236, 10.5622414], [-67.0569902, 10.5622414], [-67.0569902, 10.5644492], [-67.059236, 10.5644492], [-67.059236, 10.5622414]]]}, "properties": {"cellId": "pilot_r021_c027", "coveredByAois": ["external-msft-catia-la-mar-predicted-damage"], "stackStatus": "before_after", "firstVisibleAcquisitionUtc": "2026-06-26T15:09:37.473432Z", "hoursAfterEvent": 41.08, "timeWindow": "24_48h", "evidenceTier": "contested_positive", "consensus": "positive_negative_disagreement", "priorityScore": 100, "assetCategories": ["debris_clearance"], "cropPairIds": [], "publicationStatus": "ai-triage-native-review-required", "arrivalInterpretation": "This acquisition provides an earliest visible bound within the available imagery, not the actual arrival time of assistance."}}, {"type": "Feature", "id": "pilot_r027_c049", "geometry": {"type": "Polygon", "coordinates": [[[-67.0098286, 10.5754876], [-67.0075828, 10.5754876], [-67.0075828, 10.5776952], [-67.0098286, 10.5776952], [-67.0098286, 10.5754876]]]}, "properties": {"cellId": "pilot_r027_c049", "coveredByAois": ["external-msft-catia-la-mar-predicted-damage", "external-msft-catia-la-mar-east-predicted-damage"], "stackStatus": "before_after", "firstVisibleAcquisitionUtc": "2026-06-26T15:09:37.473432Z", "hoursAfterEvent": 41.08, "timeWindow": "24_48h", "evidenceTier": "contested_positive", "consensus": "positive_negative_disagreement", "priorityScore": 100, "assetCategories": [], "cropPairIds": [], "publicationStatus": "ai-triage-native-review-required", "arrivalInterpretation": "This acquisition provides an earliest visible bound within the available imagery, not the actual arrival time of assistance."}}, {"type": "Feature", "id": "pilot_r031_c053", "geometry": {"type": "Polygon", "coordinates": [[[-67.0008455, 10.584318], [-66.9985997, 10.584318], [-66.9985997, 10.5865256], [-67.0008455, 10.5865256], [-67.0008455, 10.584318]]]}, "properties": {"cellId": "pilot_r031_c053", "coveredByAois": ["external-msft-catia-la-mar-predicted-damage", "external-msft-catia-la-mar-east-predicted-damage"], "stackStatus": "before_after", "firstVisibleAcquisitionUtc": "2026-06-26T15:09:37.473432Z", "hoursAfterEvent": 41.08, "timeWindow": "24_48h", "evidenceTier": "contested_positive", "consensus": "positive_negative_disagreement", "priorityScore": 100, "assetCategories": [], "cropPairIds": [], "publicationStatus": "ai-triage-native-review-required", "arrivalInterpretation": "This acquisition provides an earliest visible bound within the available imagery, not the actual arrival time of assistance."}}, {"type": "Feature", "id": "pilot_r032_c055", "geometry": {"type": "Polygon", "coordinates": [[[-66.9963539, 10.5865256], [-66.9941081, 10.5865256], [-66.9941081, 10.5887331], [-66.9963539, 10.5887331], [-66.9963539, 10.5865256]]]}, "properties": {"cellId": "pilot_r032_c055", "coveredByAois": ["external-msft-catia-la-mar-predicted-damage", "external-msft-catia-la-mar-east-predicted-damage"], "stackStatus": "before_after", "firstVisibleAcquisitionUtc": "2026-06-26T15:09:37.473432Z", "hoursAfterEvent": 41.08, "timeWindow": "24_48h", "evidenceTier": "contested_positive", "consensus": "positive_negative_disagreement", "priorityScore": 100, "assetCategories": ["debris_clearance"], "cropPairIds": [], "publicationStatus": "ai-triage-native-review-required", "arrivalInterpretation": "This acquisition provides an earliest visible bound within the available imagery, not the actual arrival time of assistance."}}, {"type": "Feature", "id": "pilot_r034_c026", "geometry": {"type": "Polygon", "coordinates": [[[-67.0614818, 10.5909407], [-67.059236, 10.5909407], [-67.059236, 10.5931482], [-67.0614818, 10.5931482], [-67.0614818, 10.5909407]]]}, "properties": {"cellId": "pilot_r034_c026", "coveredByAois": ["emsr884-aoi12-caraballeda", "external-msft-catia-la-mar-predicted-damage"], "stackStatus": "before_after", "firstVisibleAcquisitionUtc": "2026-06-26T15:09:37.473432Z", "hoursAfterEvent": 41.08, "timeWindow": "24_48h", "evidenceTier": "contested_positive", "consensus": "positive_negative_disagreement", "priorityScore": 100, "assetCategories": [], "cropPairIds": [], "publicationStatus": "ai-triage-native-review-required", "arrivalInterpretation": "This acquisition provides an earliest visible bound within the available imagery, not the actual arrival time of assistance."}}, {"type": "Feature", "id": "pilot_r037_c032", "geometry": {"type": "Polygon", "coordinates": [[[-67.048007, 10.5975632], [-67.0457612, 10.5975632], [-67.0457612, 10.5997706], [-67.048007, 10.5997706], [-67.048007, 10.5975632]]]}, "properties": {"cellId": "pilot_r037_c032", "coveredByAois": ["external-msft-catia-la-mar-predicted-damage"], "stackStatus": "before_after", "firstVisibleAcquisitionUtc": "2026-06-26T15:09:37.473432Z", "hoursAfterEvent": 41.08, "timeWindow": "24_48h", "evidenceTier": "contested_positive", "consensus": "positive_uncertain_disagreement", "priorityScore": 100, "assetCategories": ["debris_clearance"], "cropPairIds": [], "publicationStatus": "ai-triage-native-review-required", "arrivalInterpretation": "This acquisition provides an earliest visible bound within the available imagery, not the actual arrival time of assistance."}}, {"type": "Feature", "id": "pilot_r037_c052", "geometry": {"type": "Polygon", "coordinates": [[[-67.0030913, 10.5975632], [-67.0008455, 10.5975632], [-67.0008455, 10.5997706], [-67.0030913, 10.5997706], [-67.0030913, 10.5975632]]]}, "properties": {"cellId": "pilot_r037_c052", "coveredByAois": ["external-msft-catia-la-mar-predicted-damage", "external-msft-catia-la-mar-east-predicted-damage"], "stackStatus": "before_after", "firstVisibleAcquisitionUtc": "2026-06-26T15:09:37.473432Z", "hoursAfterEvent": 41.08, "timeWindow": "24_48h", "evidenceTier": "contested_positive", "consensus": "positive_negative_disagreement", "priorityScore": 100, "assetCategories": [], "cropPairIds": [], "publicationStatus": "ai-triage-native-review-required", "arrivalInterpretation": "This acquisition provides an earliest visible bound within the available imagery, not the actual arrival time of assistance."}}, {"type": "Feature", "id": "pilot_r039_c033", "geometry": {"type": "Polygon", "coordinates": [[[-67.0457612, 10.6019781], [-67.0435155, 10.6019781], [-67.0435155, 10.6041855], [-67.0457612, 10.6041855], [-67.0457612, 10.6019781]]]}, "properties": {"cellId": "pilot_r039_c033", "coveredByAois": ["emsr884-aoi12-caraballeda", "external-msft-catia-la-mar-predicted-damage"], "stackStatus": "before_after", "firstVisibleAcquisitionUtc": "2026-06-26T15:09:37.473432Z", "hoursAfterEvent": 41.08, "timeWindow": "24_48h", "evidenceTier": "contested_positive_with_detector_delta", "consensus": "positive_negative_disagreement", "priorityScore": 100, "assetCategories": ["debris_clearance"], "cropPairIds": [], "publicationStatus": "ai-triage-native-review-required", "arrivalInterpretation": "This acquisition provides an earliest visible bound within the available imagery, not the actual arrival time of assistance."}}, {"type": "Feature", "id": "pilot_r045_c119", "geometry": {"type": "Polygon", "coordinates": [[[-66.8526235, 10.6152225], [-66.8503777, 10.6152225], [-66.8503777, 10.6174299], [-66.8526235, 10.6174299], [-66.8526235, 10.6152225]]]}, "properties": {"cellId": "pilot_r045_c119", "coveredByAois": ["emsr884-aoi12-caraballeda", "external-msft-caraballeda-east-predicted-damage"], "stackStatus": "before_after", "firstVisibleAcquisitionUtc": "2026-06-26T15:09:50.723001Z", "hoursAfterEvent": 41.09, "timeWindow": "24_48h", "evidenceTier": "cross_model_positive_with_detector_delta", "consensus": "both_positive", "priorityScore": 225, "assetCategories": ["heavy_machinery", "temporary_shelter", "trucks_or_large_vehicles"], "cropPairIds": ["pair_0161_pilot_r045_c119_lightvehicle", "pair_0162_pilot_r045_c119_lightvehicle", "pair_0163_pilot_r045_c119_lightvehicle"], "publicationStatus": "ai-triage-native-review-required", "arrivalInterpretation": "This acquisition provides an earliest visible bound within the available imagery, not the actual arrival time of assistance."}}, {"type": "Feature", "id": "pilot_r046_c120", "geometry": {"type": "Polygon", "coordinates": [[[-66.8503777, 10.6174299], [-66.8481319, 10.6174299], [-66.8481319, 10.6196372], [-66.8503777, 10.6196372], [-66.8503777, 10.6174299]]]}, "properties": {"cellId": "pilot_r046_c120", "coveredByAois": ["emsr884-aoi12-caraballeda", "external-msft-caraballeda-east-predicted-damage"], "stackStatus": "before_after", "firstVisibleAcquisitionUtc": "2026-06-26T15:09:50.723001Z", "hoursAfterEvent": 41.09, "timeWindow": "24_48h", "evidenceTier": "cross_model_positive_with_detector_delta", "consensus": "both_positive", "priorityScore": 225, "assetCategories": ["collection_or_staging", "debris_clearance", "emergency_or_service_vehicle", "heavy_machinery", "temporary_shelter", "trucks_or_large_vehicles"], "cropPairIds": ["pair_0006_pilot_r046_c120_truck", "pair_0008_pilot_r046_c120_truck", "pair_0011_pilot_r046_c120_truck"], "publicationStatus": "ai-triage-native-review-required", "arrivalInterpretation": "This acquisition provides an earliest visible bound within the available imagery, not the actual arrival time of assistance."}}, {"type": "Feature", "id": "pilot_r038_c073", "geometry": {"type": "Polygon", "coordinates": [[[-66.9559297, 10.5997706], [-66.9536839, 10.5997706], [-66.9536839, 10.6019781], [-66.9559297, 10.6019781], [-66.9559297, 10.5997706]]]}, "properties": {"cellId": "pilot_r038_c073", "coveredByAois": ["external-msft-catia-la-mar-east-predicted-damage"], "stackStatus": "before_after", "firstVisibleAcquisitionUtc": "2026-06-26T15:09:50.723001Z", "hoursAfterEvent": 41.09, "timeWindow": "24_48h", "evidenceTier": "cross_model_positive_with_detector_delta", "consensus": "both_positive", "priorityScore": 200, "assetCategories": ["collection_or_staging", "emergency_or_service_vehicle", "temporary_shelter", "trucks_or_large_vehicles"], "cropPairIds": ["pair_0026_pilot_r038_c073_truck", "pair_0034_pilot_r038_c073_truck", "pair_0049_pilot_r038_c073_truck"], "publicationStatus": "ai-triage-native-review-required", "arrivalInterpretation": "This acquisition provides an earliest visible bound within the available imagery, not the actual arrival time of assistance."}}, {"type": "Feature", "id": "pilot_r039_c088", "geometry": {"type": "Polygon", "coordinates": [[[-66.9222429, 10.6019781], [-66.9199971, 10.6019781], [-66.9199971, 10.6041855], [-66.9222429, 10.6041855], [-66.9222429, 10.6019781]]]}, "properties": {"cellId": "pilot_r039_c088", "coveredByAois": ["emsr884-aoi12-caraballeda", "external-msft-la-guaira-east-predicted-damage"], "stackStatus": "before_after", "firstVisibleAcquisitionUtc": "2026-06-26T15:09:50.723001Z", "hoursAfterEvent": 41.09, "timeWindow": "24_48h", "evidenceTier": "cross_model_positive_with_detector_delta", "consensus": "both_positive", "priorityScore": 200, "assetCategories": ["collection_or_staging", "debris_clearance", "emergency_or_service_vehicle", "temporary_shelter", "trucks_or_large_vehicles"], "cropPairIds": ["pair_0020_pilot_r039_c088_digger", "pair_0055_pilot_r039_c088_truck", "pair_0066_pilot_r039_c088_truck"], "publicationStatus": "ai-triage-native-review-required", "arrivalInterpretation": "This acquisition provides an earliest visible bound within the available imagery, not the actual arrival time of assistance."}}, {"type": "Feature", "id": "pilot_r043_c110", "geometry": {"type": "Polygon", "coordinates": [[[-66.8728355, 10.6108078], [-66.8705898, 10.6108078], [-66.8705898, 10.6130152], [-66.8728355, 10.6130152], [-66.8728355, 10.6108078]]]}, "properties": {"cellId": "pilot_r043_c110", "coveredByAois": ["external-msft-caraballeda-east-predicted-damage", "external-msft-la-guaira-east-predicted-damage"], "stackStatus": "post_event_only", "firstVisibleAcquisitionUtc": "2026-06-26T15:09:50.723001Z", "hoursAfterEvent": 41.09, "timeWindow": "24_48h", "evidenceTier": "contested_positive_with_detector_delta", "consensus": "positive_negative_disagreement", "priorityScore": 200, "assetCategories": ["collection_or_staging", "heavy_machinery", "temporary_shelter", "trucks_or_large_vehicles"], "cropPairIds": ["pair_0204_pilot_r043_c110_truck", "pair_0216_pilot_r043_c110_truck", "pair_0248_pilot_r043_c110_container"], "publicationStatus": "ai-triage-native-review-required", "arrivalInterpretation": "This acquisition provides an earliest visible bound within the available imagery, not the actual arrival time of assistance."}}, {"type": "Feature", "id": "pilot_r046_c119", "geometry": {"type": "Polygon", "coordinates": [[[-66.8526235, 10.6174299], [-66.8503777, 10.6174299], [-66.8503777, 10.6196372], [-66.8526235, 10.6196372], [-66.8526235, 10.6174299]]]}, "properties": {"cellId": "pilot_r046_c119", "coveredByAois": ["emsr884-aoi12-caraballeda", "external-msft-caraballeda-east-predicted-damage"], "stackStatus": "before_after", "firstVisibleAcquisitionUtc": "2026-06-26T15:09:50.723001Z", "hoursAfterEvent": 41.09, "timeWindow": "24_48h", "evidenceTier": "cross_model_positive_with_detector_delta", "consensus": "both_positive", "priorityScore": 200, "assetCategories": ["collection_or_staging", "debris_clearance", "temporary_shelter", "trucks_or_large_vehicles"], "cropPairIds": ["pair_0031_pilot_r046_c119_truck", "pair_0032_pilot_r046_c119_truck", "pair_0061_pilot_r046_c119_truck"], "publicationStatus": "ai-triage-native-review-required", "arrivalInterpretation": "This acquisition provides an earliest visible bound within the available imagery, not the actual arrival time of assistance."}}, {"type": "Feature", "id": "pilot_r039_c081", "geometry": {"type": "Polygon", "coordinates": [[[-66.9379634, 10.6019781], [-66.9357176, 10.6019781], [-66.9357176, 10.6041855], [-66.9379634, 10.6041855], [-66.9379634, 10.6019781]]]}, "properties": {"cellId": "pilot_r039_c081", "coveredByAois": ["emsr884-aoi12-caraballeda"], "stackStatus": "before_after", "firstVisibleAcquisitionUtc": "2026-06-26T15:09:50.723001Z", "hoursAfterEvent": 41.09, "timeWindow": "24_48h", "evidenceTier": "cross_model_positive", "consensus": "both_positive", "priorityScore": 190, "assetCategories": ["collection_or_staging", "debris_clearance", "heavy_machinery", "temporary_shelter", "trucks_or_large_vehicles"], "cropPairIds": [], "publicationStatus": "ai-triage-native-review-required", "arrivalInterpretation": "This acquisition provides an earliest visible bound within the available imagery, not the actual arrival time of assistance."}}, {"type": "Feature", "id": "pilot_r046_c117", "geometry": {"type": "Polygon", "coordinates": [[[-66.857115, 10.6174299], [-66.8548692, 10.6174299], [-66.8548692, 10.6196372], [-66.857115, 10.6196372], [-66.857115, 10.6174299]]]}, "properties": {"cellId": "pilot_r046_c117", "coveredByAois": ["emsr884-aoi12-caraballeda", "external-msft-caraballeda-east-predicted-damage", "external-msft-la-guaira-east-predicted-damage"], "stackStatus": "post_event_only", "firstVisibleAcquisitionUtc": "2026-06-26T15:09:50.723001Z", "hoursAfterEvent": 41.09, "timeWindow": "24_48h", "evidenceTier": "cross_model_positive", "consensus": "both_positive", "priorityScore": 190, "assetCategories": ["collection_or_staging", "debris_clearance", "heavy_machinery", "temporary_shelter", "trucks_or_large_vehicles"], "cropPairIds": ["pair_0431_pilot_r046_c117_lightvehicle", "pair_0442_pilot_r046_c117_lightvehicle", "pair_0443_pilot_r046_c117_lightvehicle"], "publicationStatus": "ai-triage-native-review-required", "arrivalInterpretation": "This acquisition provides an earliest visible bound within the available imagery, not the actual arrival time of assistance."}}, {"type": "Feature", "id": "pilot_r036_c071", "geometry": {"type": "Polygon", "coordinates": [[[-66.9604213, 10.5953557], [-66.9581755, 10.5953557], [-66.9581755, 10.5975632], [-66.9604213, 10.5975632], [-66.9604213, 10.5953557]]]}, "properties": {"cellId": "pilot_r036_c071", "coveredByAois": ["external-msft-catia-la-mar-east-predicted-damage"], "stackStatus": "before_after", "firstVisibleAcquisitionUtc": "2026-06-26T15:09:50.723001Z", "hoursAfterEvent": 41.09, "timeWindow": "24_48h", "evidenceTier": "contested_positive_with_detector_delta", "consensus": "positive_negative_disagreement", "priorityScore": 180, "assetCategories": ["collection_or_staging", "heavy_machinery", "temporary_shelter"], "cropPairIds": ["pair_0315_pilot_r036_c071_truck", "pair_0418_pilot_r036_c071_container", "pair_0419_pilot_r036_c071_container"], "publicationStatus": "ai-triage-native-review-required", "arrivalInterpretation": "This acquisition provides an earliest visible bound within the available imagery, not the actual arrival time of assistance."}}, {"type": "Feature", "id": "pilot_r039_c079", "geometry": {"type": "Polygon", "coordinates": [[[-66.942455, 10.6019781], [-66.9402092, 10.6019781], [-66.9402092, 10.6041855], [-66.942455, 10.6041855], [-66.942455, 10.6019781]]]}, "properties": {"cellId": "pilot_r039_c079", "coveredByAois": ["emsr884-aoi12-caraballeda"], "stackStatus": "before_after", "firstVisibleAcquisitionUtc": "2026-06-26T15:09:50.723001Z", "hoursAfterEvent": 41.09, "timeWindow": "24_48h", "evidenceTier": "cross_model_positive", "consensus": "both_positive", "priorityScore": 180, "assetCategories": ["temporary_shelter"], "cropPairIds": [], "publicationStatus": "ai-triage-native-review-required", "arrivalInterpretation": "This acquisition provides an earliest visible bound within the available imagery, not the actual arrival time of assistance."}}, {"type": "Feature", "id": "pilot_r041_c110", "geometry": {"type": "Polygon", "coordinates": [[[-66.8728355, 10.606393], [-66.8705898, 10.606393], [-66.8705898, 10.6086004], [-66.8728355, 10.6086004], [-66.8728355, 10.606393]]]}, "properties": {"cellId": "pilot_r041_c110", "coveredByAois": ["external-msft-caraballeda-east-predicted-damage", "external-msft-la-guaira-east-predicted-damage"], "stackStatus": "post_event_only", "firstVisibleAcquisitionUtc": "2026-06-26T15:09:50.723001Z", "hoursAfterEvent": 41.09, "timeWindow": "24_48h", "evidenceTier": "contested_positive_with_detector_delta", "consensus": "positive_negative_disagreement", "priorityScore": 180, "assetCategories": ["debris_clearance", "heavy_machinery", "trucks_or_large_vehicles"], "cropPairIds": [], "publicationStatus": "ai-triage-native-review-required", "arrivalInterpretation": "This acquisition provides an earliest visible bound within the available imagery, not the actual arrival time of assistance."}}, {"type": "Feature", "id": "pilot_r043_c123", "geometry": {"type": "Polygon", "coordinates": [[[-66.8436403, 10.6108078], [-66.8413945, 10.6108078], [-66.8413945, 10.6130152], [-66.8436403, 10.6130152], [-66.8436403, 10.6108078]]]}, "properties": {"cellId": "pilot_r043_c123", "coveredByAois": ["emsr884-aoi12-caraballeda", "external-msft-caraballeda-east-predicted-damage"], "stackStatus": "before_after", "firstVisibleAcquisitionUtc": "2026-06-26T15:10:00Z", "hoursAfterEvent": 41.09, "timeWindow": "24_48h", "evidenceTier": "cross_model_positive_with_detector_delta", "consensus": "both_positive", "priorityScore": 180, "assetCategories": ["collection_or_staging", "debris_clearance", "temporary_shelter"], "cropPairIds": [], "publicationStatus": "ai-triage-native-review-required", "arrivalInterpretation": "This acquisition provides an earliest visible bound within the available imagery, not the actual arrival time of assistance."}}, {"type": "Feature", "id": "pilot_r038_c075", "geometry": {"type": "Polygon", "coordinates": [[[-66.9514381, 10.5997706], [-66.9491923, 10.5997706], [-66.9491923, 10.6019781], [-66.9514381, 10.6019781], [-66.9514381, 10.5997706]]]}, "properties": {"cellId": "pilot_r038_c075", "coveredByAois": ["external-msft-catia-la-mar-east-predicted-damage"], "stackStatus": "before_after", "firstVisibleAcquisitionUtc": "2026-06-26T15:09:50.723001Z", "hoursAfterEvent": 41.09, "timeWindow": "24_48h", "evidenceTier": "contested_positive_with_detector_delta", "consensus": "positive_negative_disagreement", "priorityScore": 175, "assetCategories": ["collection_or_staging", "trucks_or_large_vehicles"], "cropPairIds": ["pair_0276_pilot_r038_c075_digger", "pair_0277_pilot_r038_c075_digger", "pair_0295_pilot_r038_c075_digger"], "publicationStatus": "ai-triage-native-review-required", "arrivalInterpretation": "This acquisition provides an earliest visible bound within the available imagery, not the actual arrival time of assistance."}}, {"type": "Feature", "id": "pilot_r038_c082", "geometry": {"type": "Polygon", "coordinates": [[[-66.9357176, 10.5997706], [-66.9334718, 10.5997706], [-66.9334718, 10.6019781], [-66.9357176, 10.6019781], [-66.9357176, 10.5997706]]]}, "properties": {"cellId": "pilot_r038_c082", "coveredByAois": ["emsr884-aoi12-caraballeda"], "stackStatus": "before_after", "firstVisibleAcquisitionUtc": "2026-06-26T15:09:50.723001Z", "hoursAfterEvent": 41.09, "timeWindow": "24_48h", "evidenceTier": "contested_positive_with_detector_delta", "consensus": "positive_negative_disagreement", "priorityScore": 175, "assetCategories": ["collection_or_staging", "emergency_or_service_vehicle", "trucks_or_large_vehicles"], "cropPairIds": ["pair_0317_pilot_r038_c082_truck", "pair_0366_pilot_r038_c082_truck", "pair_0367_pilot_r038_c082_truck"], "publicationStatus": "ai-triage-native-review-required", "arrivalInterpretation": "This acquisition provides an earliest visible bound within the available imagery, not the actual arrival time of assistance."}}, {"type": "Feature", "id": "pilot_r039_c087", "geometry": {"type": "Polygon", "coordinates": [[[-66.9244887, 10.6019781], [-66.9222429, 10.6019781], [-66.9222429, 10.6041855], [-66.9244887, 10.6041855], [-66.9244887, 10.6019781]]]}, "properties": {"cellId": "pilot_r039_c087", "coveredByAois": ["emsr884-aoi12-caraballeda", "external-msft-la-guaira-east-predicted-damage"], "stackStatus": "before_after", "firstVisibleAcquisitionUtc": "2026-06-26T15:09:50.723001Z", "hoursAfterEvent": 41.09, "timeWindow": "24_48h", "evidenceTier": "contested_positive_with_detector_delta", "consensus": "positive_uncertain_disagreement", "priorityScore": 175, "assetCategories": ["temporary_shelter", "trucks_or_large_vehicles"], "cropPairIds": ["pair_0396_pilot_r039_c087_truck", "pair_0413_pilot_r039_c087_bus"], "publicationStatus": "ai-triage-native-review-required", "arrivalInterpretation": "This acquisition provides an earliest visible bound within the available imagery, not the actual arrival time of assistance."}}, {"type": "Feature", "id": "pilot_r043_c122", "geometry": {"type": "Polygon", "coordinates": [[[-66.8458861, 10.6108078], [-66.8436403, 10.6108078], [-66.8436403, 10.6130152], [-66.8458861, 10.6130152], [-66.8458861, 10.6108078]]]}, "properties": {"cellId": "pilot_r043_c122", "coveredByAois": ["emsr884-aoi12-caraballeda", "external-msft-caraballeda-east-predicted-damage"], "stackStatus": "before_after", "firstVisibleAcquisitionUtc": "2026-06-26T15:10:00Z", "hoursAfterEvent": 41.09, "timeWindow": "24_48h", "evidenceTier": "cross_model_positive", "consensus": "both_positive", "priorityScore": 170, "assetCategories": ["collection_or_staging", "debris_clearance", "heavy_machinery", "temporary_shelter"], "cropPairIds": [], "publicationStatus": "ai-triage-native-review-required", "arrivalInterpretation": "This acquisition provides an earliest visible bound within the available imagery, not the actual arrival time of assistance."}}, {"type": "Feature", "id": "pilot_r042_c120", "geometry": {"type": "Polygon", "coordinates": [[[-66.8503777, 10.6086004], [-66.8481319, 10.6086004], [-66.8481319, 10.6108078], [-66.8503777, 10.6108078], [-66.8503777, 10.6086004]]]}, "properties": {"cellId": "pilot_r042_c120", "coveredByAois": ["emsr884-aoi12-caraballeda", "external-msft-caraballeda-east-predicted-damage"], "stackStatus": "before_after", "firstVisibleAcquisitionUtc": "2026-06-26T15:09:50.723001Z", "hoursAfterEvent": 41.09, "timeWindow": "24_48h", "evidenceTier": "cross_model_positive_with_detector_delta", "consensus": "both_positive", "priorityScore": 165, "assetCategories": ["temporary_shelter"], "cropPairIds": [], "publicationStatus": "ai-triage-native-review-required", "arrivalInterpretation": "This acquisition provides an earliest visible bound within the available imagery, not the actual arrival time of assistance."}}, {"type": "Feature", "id": "pilot_r035_c082", "geometry": {"type": "Polygon", "coordinates": [[[-66.9357176, 10.5931482], [-66.9334718, 10.5931482], [-66.9334718, 10.5953557], [-66.9357176, 10.5953557], [-66.9357176, 10.5931482]]]}, "properties": {"cellId": "pilot_r035_c082", "coveredByAois": ["emsr884-aoi12-caraballeda"], "stackStatus": "before_after", "firstVisibleAcquisitionUtc": "2026-06-26T15:09:50.723001Z", "hoursAfterEvent": 41.09, "timeWindow": "24_48h", "evidenceTier": "contested_positive_with_detector_delta", "consensus": "positive_negative_disagreement", "priorityScore": 155, "assetCategories": ["collection_or_staging", "temporary_shelter"], "cropPairIds": [], "publicationStatus": "ai-triage-native-review-required", "arrivalInterpretation": "This acquisition provides an earliest visible bound within the available imagery, not the actual arrival time of assistance."}}, {"type": "Feature", "id": "pilot_r036_c070", "geometry": {"type": "Polygon", "coordinates": [[[-66.9626671, 10.5953557], [-66.9604213, 10.5953557], [-66.9604213, 10.5975632], [-66.9626671, 10.5975632], [-66.9626671, 10.5953557]]]}, "properties": {"cellId": "pilot_r036_c070", "coveredByAois": ["external-msft-catia-la-mar-east-predicted-damage"], "stackStatus": "before_after", "firstVisibleAcquisitionUtc": "2026-06-26T15:09:50.723001Z", "hoursAfterEvent": 41.09, "timeWindow": "24_48h", "evidenceTier": "contested_positive_with_detector_delta", "consensus": "positive_uncertain_disagreement", "priorityScore": 155, "assetCategories": ["collection_or_staging", "temporary_shelter"], "cropPairIds": [], "publicationStatus": "ai-triage-native-review-required", "arrivalInterpretation": "This acquisition provides an earliest visible bound within the available imagery, not the actual arrival time of assistance."}}, {"type": "Feature", "id": "pilot_r036_c075", "geometry": {"type": "Polygon", "coordinates": [[[-66.9514381, 10.5953557], [-66.9491923, 10.5953557], [-66.9491923, 10.5975632], [-66.9514381, 10.5975632], [-66.9514381, 10.5953557]]]}, "properties": {"cellId": "pilot_r036_c075", "coveredByAois": ["external-msft-catia-la-mar-east-predicted-damage"], "stackStatus": "before_after", "firstVisibleAcquisitionUtc": "2026-06-26T15:09:50.723001Z", "hoursAfterEvent": 41.09, "timeWindow": "24_48h", "evidenceTier": "contested_positive_with_detector_delta", "consensus": "positive_negative_disagreement", "priorityScore": 155, "assetCategories": ["collection_or_staging", "emergency_or_service_vehicle", "temporary_shelter"], "cropPairIds": [], "publicationStatus": "ai-triage-native-review-required", "arrivalInterpretation": "This acquisition provides an earliest visible bound within the available imagery, not the actual arrival time of assistance."}}, {"type": "Feature", "id": "pilot_r037_c070", "geometry": {"type": "Polygon", "coordinates": [[[-66.9626671, 10.5975632], [-66.9604213, 10.5975632], [-66.9604213, 10.5997706], [-66.9626671, 10.5997706], [-66.9626671, 10.5975632]]]}, "properties": {"cellId": "pilot_r037_c070", "coveredByAois": ["external-msft-catia-la-mar-east-predicted-damage"], "stackStatus": "before_after", "firstVisibleAcquisitionUtc": "2026-06-26T15:09:50.723001Z", "hoursAfterEvent": 41.09, "timeWindow": "24_48h", "evidenceTier": "contested_positive_with_detector_delta", "consensus": "positive_uncertain_disagreement", "priorityScore": 155, "assetCategories": ["collection_or_staging", "temporary_shelter"], "cropPairIds": [], "publicationStatus": "ai-triage-native-review-required", "arrivalInterpretation": "This acquisition provides an earliest visible bound within the available imagery, not the actual arrival time of assistance."}}, {"type": "Feature", "id": "pilot_r037_c075", "geometry": {"type": "Polygon", "coordinates": [[[-66.9514381, 10.5975632], [-66.9491923, 10.5975632], [-66.9491923, 10.5997706], [-66.9514381, 10.5997706], [-66.9514381, 10.5975632]]]}, "properties": {"cellId": "pilot_r037_c075", "coveredByAois": ["external-msft-catia-la-mar-east-predicted-damage"], "stackStatus": "before_after", "firstVisibleAcquisitionUtc": "2026-06-26T15:09:50.723001Z", "hoursAfterEvent": 41.09, "timeWindow": "24_48h", "evidenceTier": "contested_positive_with_detector_delta", "consensus": "positive_uncertain_disagreement", "priorityScore": 155, "assetCategories": ["trucks_or_large_vehicles"], "cropPairIds": [], "publicationStatus": "ai-triage-native-review-required", "arrivalInterpretation": "This acquisition provides an earliest visible bound within the available imagery, not the actual arrival time of assistance."}}, {"type": "Feature", "id": "pilot_r037_c079", "geometry": {"type": "Polygon", "coordinates": [[[-66.942455, 10.5975632], [-66.9402092, 10.5975632], [-66.9402092, 10.5997706], [-66.942455, 10.5997706], [-66.942455, 10.5975632]]]}, "properties": {"cellId": "pilot_r037_c079", "coveredByAois": ["emsr884-aoi12-caraballeda"], "stackStatus": "before_after", "firstVisibleAcquisitionUtc": "2026-06-26T15:09:50.723001Z", "hoursAfterEvent": 41.09, "timeWindow": "24_48h", "evidenceTier": "contested_positive_with_detector_delta", "consensus": "positive_negative_disagreement", "priorityScore": 155, "assetCategories": ["trucks_or_large_vehicles"], "cropPairIds": [], "publicationStatus": "ai-triage-native-review-required", "arrivalInterpretation": "This acquisition provides an earliest visible bound within the available imagery, not the actual arrival time of assistance."}}, {"type": "Feature", "id": "pilot_r037_c090", "geometry": {"type": "Polygon", "coordinates": [[[-66.9177513, 10.5975632], [-66.9155055, 10.5975632], [-66.9155055, 10.5997706], [-66.9177513, 10.5997706], [-66.9177513, 10.5975632]]]}, "properties": {"cellId": "pilot_r037_c090", "coveredByAois": ["emsr884-aoi12-caraballeda", "external-msft-la-guaira-east-predicted-damage"], "stackStatus": "before_after", "firstVisibleAcquisitionUtc": "2026-06-26T15:09:50.723001Z", "hoursAfterEvent": 41.09, "timeWindow": "24_48h", "evidenceTier": "contested_positive_with_detector_delta", "consensus": "positive_negative_disagreement", "priorityScore": 155, "assetCategories": ["temporary_shelter"], "cropPairIds": [], "publicationStatus": "ai-triage-native-review-required", "arrivalInterpretation": "This acquisition provides an earliest visible bound within the available imagery, not the actual arrival time of assistance."}}, {"type": "Feature", "id": "pilot_r040_c098", "geometry": {"type": "Polygon", "coordinates": [[[-66.899785, 10.6041855], [-66.8975392, 10.6041855], [-66.8975392, 10.606393], [-66.899785, 10.606393], [-66.899785, 10.6041855]]]}, "properties": {"cellId": "pilot_r040_c098", "coveredByAois": ["emsr884-aoi12-caraballeda", "external-msft-la-guaira-east-predicted-damage"], "stackStatus": "post_event_only", "firstVisibleAcquisitionUtc": "2026-06-26T15:09:50.723001Z", "hoursAfterEvent": 41.09, "timeWindow": "24_48h", "evidenceTier": "contested_positive_with_detector_delta", "consensus": "positive_negative_disagreement", "priorityScore": 155, "assetCategories": ["temporary_shelter"], "cropPairIds": [], "publicationStatus": "ai-triage-native-review-required", "arrivalInterpretation": "This acquisition provides an earliest visible bound within the available imagery, not the actual arrival time of assistance."}}, {"type": "Feature", "id": "pilot_r041_c048", "geometry": {"type": "Polygon", "coordinates": [[[-67.0120744, 10.606393], [-67.0098286, 10.606393], [-67.0098286, 10.6086004], [-67.0120744, 10.6086004], [-67.0120744, 10.606393]]]}, "properties": {"cellId": "pilot_r041_c048", "coveredByAois": ["emsr884-aoi12-caraballeda", "external-msft-catia-la-mar-predicted-damage", "external-msft-catia-la-mar-east-predicted-damage"], "stackStatus": "before_after", "firstVisibleAcquisitionUtc": "2026-06-26T15:10:00Z", "hoursAfterEvent": 41.09, "timeWindow": "24_48h", "evidenceTier": "contested_positive_with_detector_delta", "consensus": "positive_negative_disagreement", "priorityScore": 155, "assetCategories": ["collection_or_staging", "debris_clearance", "temporary_shelter"], "cropPairIds": [], "publicationStatus": "ai-triage-native-review-required", "arrivalInterpretation": "This acquisition provides an earliest visible bound within the available imagery, not the actual arrival time of assistance."}}, {"type": "Feature", "id": "pilot_r043_c119", "geometry": {"type": "Polygon", "coordinates": [[[-66.8526235, 10.6108078], [-66.8503777, 10.6108078], [-66.8503777, 10.6130152], [-66.8526235, 10.6130152], [-66.8526235, 10.6108078]]]}, "properties": {"cellId": "pilot_r043_c119", "coveredByAois": ["emsr884-aoi12-caraballeda", "external-msft-caraballeda-east-predicted-damage"], "stackStatus": "before_after", "firstVisibleAcquisitionUtc": "2026-06-26T15:09:50.723001Z", "hoursAfterEvent": 41.09, "timeWindow": "24_48h", "evidenceTier": "contested_positive_with_detector_delta", "consensus": "positive_negative_disagreement", "priorityScore": 155, "assetCategories": ["temporary_shelter"], "cropPairIds": [], "publicationStatus": "ai-triage-native-review-required", "arrivalInterpretation": "This acquisition provides an earliest visible bound within the available imagery, not the actual arrival time of assistance."}}, {"type": "Feature", "id": "pilot_r043_c120", "geometry": {"type": "Polygon", "coordinates": [[[-66.8503777, 10.6108078], [-66.8481319, 10.6108078], [-66.8481319, 10.6130152], [-66.8503777, 10.6130152], [-66.8503777, 10.6108078]]]}, "properties": {"cellId": "pilot_r043_c120", "coveredByAois": ["emsr884-aoi12-caraballeda", "external-msft-caraballeda-east-predicted-damage"], "stackStatus": "before_after", "firstVisibleAcquisitionUtc": "2026-06-26T15:09:50.723001Z", "hoursAfterEvent": 41.09, "timeWindow": "24_48h", "evidenceTier": "contested_positive_with_detector_delta", "consensus": "positive_uncertain_disagreement", "priorityScore": 155, "assetCategories": ["trucks_or_large_vehicles"], "cropPairIds": [], "publicationStatus": "ai-triage-native-review-required", "arrivalInterpretation": "This acquisition provides an earliest visible bound within the available imagery, not the actual arrival time of assistance."}}, {"type": "Feature", "id": "pilot_r036_c038", "geometry": {"type": "Polygon", "coordinates": [[[-67.0345323, 10.5953557], [-67.0322865, 10.5953557], [-67.0322865, 10.5975632], [-67.0345323, 10.5975632], [-67.0345323, 10.5953557]]]}, "properties": {"cellId": "pilot_r036_c038", "coveredByAois": ["emsr884-aoi12-caraballeda", "external-msft-catia-la-mar-predicted-damage", "external-msft-catia-la-mar-east-predicted-damage"], "stackStatus": "before_after", "firstVisibleAcquisitionUtc": "2026-06-26T15:10:00Z", "hoursAfterEvent": 41.09, "timeWindow": "24_48h", "evidenceTier": "contested_positive", "consensus": "positive_negative_disagreement", "priorityScore": 145, "assetCategories": ["collection_or_staging", "heavy_machinery"], "cropPairIds": [], "publicationStatus": "ai-triage-native-review-required", "arrivalInterpretation": "This acquisition provides an earliest visible bound within the available imagery, not the actual arrival time of assistance."}}, {"type": "Feature", "id": "pilot_r034_c074", "geometry": {"type": "Polygon", "coordinates": [[[-66.9536839, 10.5909407], [-66.9514381, 10.5909407], [-66.9514381, 10.5931482], [-66.9536839, 10.5931482], [-66.9536839, 10.5909407]]]}, "properties": {"cellId": "pilot_r034_c074", "coveredByAois": ["external-msft-catia-la-mar-east-predicted-damage"], "stackStatus": "before_after", "firstVisibleAcquisitionUtc": "2026-06-26T15:09:50.723001Z", "hoursAfterEvent": 41.09, "timeWindow": "24_48h", "evidenceTier": "contested_positive", "consensus": "positive_uncertain_disagreement", "priorityScore": 140, "assetCategories": ["collection_or_staging", "temporary_shelter"], "cropPairIds": [], "publicationStatus": "ai-triage-native-review-required", "arrivalInterpretation": "This acquisition provides an earliest visible bound within the available imagery, not the actual arrival time of assistance."}}, {"type": "Feature", "id": "pilot_r043_c130", "geometry": {"type": "Polygon", "coordinates": [[[-66.8279198, 10.6108078], [-66.825674, 10.6108078], [-66.825674, 10.6130152], [-66.8279198, 10.6130152], [-66.8279198, 10.6108078]]]}, "properties": {"cellId": "pilot_r043_c130", "coveredByAois": ["emsr884-aoi12-caraballeda", "external-msft-caraballeda-east-predicted-damage"], "stackStatus": "before_after", "firstVisibleAcquisitionUtc": "2026-06-26T15:10:00Z", "hoursAfterEvent": 41.09, "timeWindow": "24_48h", "evidenceTier": "contested_positive", "consensus": "positive_uncertain_disagreement", "priorityScore": 140, "assetCategories": ["collection_or_staging", "debris_clearance", "emergency_or_service_vehicle", "temporary_shelter", "trucks_or_large_vehicles"], "cropPairIds": [], "publicationStatus": "ai-triage-native-review-required", "arrivalInterpretation": "This acquisition provides an earliest visible bound within the available imagery, not the actual arrival time of assistance."}}, {"type": "Feature", "id": "pilot_r038_c074", "geometry": {"type": "Polygon", "coordinates": [[[-66.9536839, 10.5997706], [-66.9514381, 10.5997706], [-66.9514381, 10.6019781], [-66.9536839, 10.6019781], [-66.9536839, 10.5997706]]]}, "properties": {"cellId": "pilot_r038_c074", "coveredByAois": ["external-msft-catia-la-mar-east-predicted-damage"], "stackStatus": "before_after", "firstVisibleAcquisitionUtc": "2026-06-26T15:09:50.723001Z", "hoursAfterEvent": 41.09, "timeWindow": "24_48h", "evidenceTier": "contested_positive_with_detector_delta", "consensus": "positive_negative_disagreement", "priorityScore": 135, "assetCategories": [], "cropPairIds": [], "publicationStatus": "ai-triage-native-review-required", "arrivalInterpretation": "This acquisition provides an earliest visible bound within the available imagery, not the actual arrival time of assistance."}}, {"type": "Feature", "id": "pilot_r037_c086", "geometry": {"type": "Polygon", "coordinates": [[[-66.9267345, 10.5975632], [-66.9244887, 10.5975632], [-66.9244887, 10.5997706], [-66.9267345, 10.5997706], [-66.9267345, 10.5975632]]]}, "properties": {"cellId": "pilot_r037_c086", "coveredByAois": ["emsr884-aoi12-caraballeda", "external-msft-la-guaira-east-predicted-damage"], "stackStatus": "before_after", "firstVisibleAcquisitionUtc": "2026-06-26T15:09:50.723001Z", "hoursAfterEvent": 41.09, "timeWindow": "24_48h", "evidenceTier": "contested_positive", "consensus": "positive_negative_disagreement", "priorityScore": 125, "assetCategories": ["debris_clearance", "heavy_machinery"], "cropPairIds": [], "publicationStatus": "ai-triage-native-review-required", "arrivalInterpretation": "This acquisition provides an earliest visible bound within the available imagery, not the actual arrival time of assistance."}}, {"type": "Feature", "id": "pilot_r042_c126", "geometry": {"type": "Polygon", "coordinates": [[[-66.8369029, 10.6086004], [-66.8346571, 10.6086004], [-66.8346571, 10.6108078], [-66.8369029, 10.6108078], [-66.8369029, 10.6086004]]]}, "properties": {"cellId": "pilot_r042_c126", "coveredByAois": ["emsr884-aoi12-caraballeda", "external-msft-caraballeda-east-predicted-damage"], "stackStatus": "before_after", "firstVisibleAcquisitionUtc": "2026-06-26T15:10:00Z", "hoursAfterEvent": 41.09, "timeWindow": "24_48h", "evidenceTier": "contested_positive", "consensus": "positive_negative_disagreement", "priorityScore": 120, "assetCategories": ["collection_or_staging", "debris_clearance", "temporary_shelter"], "cropPairIds": [], "publicationStatus": "ai-triage-native-review-required", "arrivalInterpretation": "This acquisition provides an earliest visible bound within the available imagery, not the actual arrival time of assistance."}}, {"type": "Feature", "id": "pilot_r045_c120", "geometry": {"type": "Polygon", "coordinates": [[[-66.8503777, 10.6152225], [-66.8481319, 10.6152225], [-66.8481319, 10.6174299], [-66.8503777, 10.6174299], [-66.8503777, 10.6152225]]]}, "properties": {"cellId": "pilot_r045_c120", "coveredByAois": ["emsr884-aoi12-caraballeda", "external-msft-caraballeda-east-predicted-damage"], "stackStatus": "before_after", "firstVisibleAcquisitionUtc": "2026-06-26T15:09:50.723001Z", "hoursAfterEvent": 41.09, "timeWindow": "24_48h", "evidenceTier": "contested_positive_with_detector_delta", "consensus": "positive_negative_disagreement", "priorityScore": 120, "assetCategories": ["debris_clearance", "temporary_shelter"], "cropPairIds": [], "publicationStatus": "ai-triage-native-review-required", "arrivalInterpretation": "This acquisition provides an earliest visible bound within the available imagery, not the actual arrival time of assistance."}}, {"type": "Feature", "id": "pilot_r035_c083", "geometry": {"type": "Polygon", "coordinates": [[[-66.9334718, 10.5931482], [-66.931226, 10.5931482], [-66.931226, 10.5953557], [-66.9334718, 10.5953557], [-66.9334718, 10.5931482]]]}, "properties": {"cellId": "pilot_r035_c083", "coveredByAois": ["emsr884-aoi12-caraballeda"], "stackStatus": "before_after", "firstVisibleAcquisitionUtc": "2026-06-26T15:09:50.723001Z", "hoursAfterEvent": 41.09, "timeWindow": "24_48h", "evidenceTier": "contested_positive_with_detector_delta", "consensus": "positive_negative_disagreement", "priorityScore": 100, "assetCategories": [], "cropPairIds": [], "publicationStatus": "ai-triage-native-review-required", "arrivalInterpretation": "This acquisition provides an earliest visible bound within the available imagery, not the actual arrival time of assistance."}}, {"type": "Feature", "id": "pilot_r036_c091", "geometry": {"type": "Polygon", "coordinates": [[[-66.9155055, 10.5953557], [-66.9132597, 10.5953557], [-66.9132597, 10.5975632], [-66.9155055, 10.5975632], [-66.9155055, 10.5953557]]]}, "properties": {"cellId": "pilot_r036_c091", "coveredByAois": ["emsr884-aoi12-caraballeda", "external-msft-la-guaira-east-predicted-damage"], "stackStatus": "before_after", "firstVisibleAcquisitionUtc": "2026-06-26T15:09:50.723001Z", "hoursAfterEvent": 41.09, "timeWindow": "24_48h", "evidenceTier": "contested_positive", "consensus": "positive_uncertain_disagreement", "priorityScore": 100, "assetCategories": [], "cropPairIds": [], "publicationStatus": "ai-triage-native-review-required", "arrivalInterpretation": "This acquisition provides an earliest visible bound within the available imagery, not the actual arrival time of assistance."}}, {"type": "Feature", "id": "pilot_r039_c078", "geometry": {"type": "Polygon", "coordinates": [[[-66.9447008, 10.6019781], [-66.942455, 10.6019781], [-66.942455, 10.6041855], [-66.9447008, 10.6041855], [-66.9447008, 10.6019781]]]}, "properties": {"cellId": "pilot_r039_c078", "coveredByAois": ["emsr884-aoi12-caraballeda"], "stackStatus": "before_after", "firstVisibleAcquisitionUtc": "2026-06-26T15:09:50.723001Z", "hoursAfterEvent": 41.09, "timeWindow": "24_48h", "evidenceTier": "contested_positive", "consensus": "positive_uncertain_disagreement", "priorityScore": 100, "assetCategories": [], "cropPairIds": [], "publicationStatus": "ai-triage-native-review-required", "arrivalInterpretation": "This acquisition provides an earliest visible bound within the available imagery, not the actual arrival time of assistance."}}, {"type": "Feature", "id": "pilot_r041_c131", "geometry": {"type": "Polygon", "coordinates": [[[-66.825674, 10.606393], [-66.8234282, 10.606393], [-66.8234282, 10.6086004], [-66.825674, 10.6086004], [-66.825674, 10.606393]]]}, "properties": {"cellId": "pilot_r041_c131", "coveredByAois": ["emsr884-aoi12-caraballeda", "external-msft-caraballeda-east-predicted-damage"], "stackStatus": "before_after", "firstVisibleAcquisitionUtc": "2026-06-26T15:10:00Z", "hoursAfterEvent": 41.09, "timeWindow": "24_48h", "evidenceTier": "contested_positive", "consensus": "positive_uncertain_disagreement", "priorityScore": 100, "assetCategories": [], "cropPairIds": [], "publicationStatus": "ai-triage-native-review-required", "arrivalInterpretation": "This acquisition provides an earliest visible bound within the available imagery, not the actual arrival time of assistance."}}, {"type": "Feature", "id": "pilot_r047_c122", "geometry": {"type": "Polygon", "coordinates": [[[-66.8458861, 10.6196372], [-66.8436403, 10.6196372], [-66.8436403, 10.6218445], [-66.8458861, 10.6218445], [-66.8458861, 10.6196372]]]}, "properties": {"cellId": "pilot_r047_c122", "coveredByAois": ["emsr884-aoi12-caraballeda", "external-msft-caraballeda-east-predicted-damage"], "stackStatus": "before_after", "firstVisibleAcquisitionUtc": "2026-06-26T15:10:00Z", "hoursAfterEvent": 41.09, "timeWindow": "24_48h", "evidenceTier": "contested_positive", "consensus": "positive_negative_disagreement", "priorityScore": 100, "assetCategories": [], "cropPairIds": [], "publicationStatus": "ai-triage-native-review-required", "arrivalInterpretation": "This acquisition provides an earliest visible bound within the available imagery, not the actual arrival time of assistance."}}, {"type": "Feature", "id": "pilot_r044_c124", "geometry": {"type": "Polygon", "coordinates": [[[-66.8413945, 10.6130152], [-66.8391487, 10.6130152], [-66.8391487, 10.6152225], [-66.8413945, 10.6152225], [-66.8413945, 10.6130152]]]}, "properties": {"cellId": "pilot_r044_c124", "coveredByAois": ["emsr884-aoi12-caraballeda", "external-msft-caraballeda-east-predicted-damage"], "stackStatus": "before_after", "firstVisibleAcquisitionUtc": "2026-06-26T21:13:46.374593Z", "hoursAfterEvent": 47.15, "timeWindow": "24_48h", "evidenceTier": "cross_model_positive_with_detector_delta", "consensus": "both_positive", "priorityScore": 225, "assetCategories": ["collection_or_staging", "debris_clearance", "emergency_or_service_vehicle", "heavy_machinery", "temporary_shelter", "trucks_or_large_vehicles"], "cropPairIds": ["pair_0160_pilot_r044_c124_lightvehicle", "pair_0184_pilot_r044_c124_lightvehicle", "pair_0185_pilot_r044_c124_lightvehicle"], "publicationStatus": "ai-triage-native-review-required", "arrivalInterpretation": "This acquisition provides an earliest visible bound within the available imagery, not the actual arrival time of assistance."}}, {"type": "Feature", "id": "pilot_r045_c123", "geometry": {"type": "Polygon", "coordinates": [[[-66.8436403, 10.6152225], [-66.8413945, 10.6152225], [-66.8413945, 10.6174299], [-66.8436403, 10.6174299], [-66.8436403, 10.6152225]]]}, "properties": {"cellId": "pilot_r045_c123", "coveredByAois": ["emsr884-aoi12-caraballeda", "external-msft-caraballeda-east-predicted-damage"], "stackStatus": "before_after", "firstVisibleAcquisitionUtc": "2026-06-26T21:13:46.374593Z", "hoursAfterEvent": 47.15, "timeWindow": "24_48h", "evidenceTier": "cross_model_positive_with_detector_delta", "consensus": "both_positive", "priorityScore": 225, "assetCategories": ["collection_or_staging", "debris_clearance", "heavy_machinery", "temporary_shelter", "trucks_or_large_vehicles"], "cropPairIds": ["pair_0186_pilot_r045_c123_lightvehicle", "pair_0187_pilot_r045_c123_lightvehicle", "pair_0188_pilot_r045_c123_lightvehicle"], "publicationStatus": "ai-triage-native-review-required", "arrivalInterpretation": "This acquisition provides an earliest visible bound within the available imagery, not the actual arrival time of assistance."}}, {"type": "Feature", "id": "pilot_r046_c122", "geometry": {"type": "Polygon", "coordinates": [[[-66.8458861, 10.6174299], [-66.8436403, 10.6174299], [-66.8436403, 10.6196372], [-66.8458861, 10.6196372], [-66.8458861, 10.6174299]]]}, "properties": {"cellId": "pilot_r046_c122", "coveredByAois": ["emsr884-aoi12-caraballeda", "external-msft-caraballeda-east-predicted-damage"], "stackStatus": "before_after", "firstVisibleAcquisitionUtc": "2026-06-26T21:13:46.374593Z", "hoursAfterEvent": 47.15, "timeWindow": "24_48h", "evidenceTier": "cross_model_positive", "consensus": "both_positive", "priorityScore": 225, "assetCategories": ["collection_or_staging", "debris_clearance", "heavy_machinery", "temporary_shelter", "trucks_or_large_vehicles"], "cropPairIds": ["pair_0189_pilot_r046_c122_lightvehicle", "pair_0190_pilot_r046_c122_lightvehicle", "pair_0191_pilot_r046_c122_lightvehicle"], "publicationStatus": "ai-triage-native-review-required", "arrivalInterpretation": "This acquisition provides an earliest visible bound within the available imagery, not the actual arrival time of assistance."}}, {"type": "Feature", "id": "pilot_r046_c121", "geometry": {"type": "Polygon", "coordinates": [[[-66.8481319, 10.6174299], [-66.8458861, 10.6174299], [-66.8458861, 10.6196372], [-66.8481319, 10.6196372], [-66.8481319, 10.6174299]]]}, "properties": {"cellId": "pilot_r046_c121", "coveredByAois": ["emsr884-aoi12-caraballeda", "external-msft-caraballeda-east-predicted-damage"], "stackStatus": "before_after", "firstVisibleAcquisitionUtc": "2026-06-26T21:13:46.374593Z", "hoursAfterEvent": 47.15, "timeWindow": "24_48h", "evidenceTier": "cross_model_positive_with_detector_delta", "consensus": "both_positive", "priorityScore": 210, "assetCategories": ["collection_or_staging", "debris_clearance", "emergency_or_service_vehicle", "heavy_machinery", "temporary_shelter", "trucks_or_large_vehicles"], "cropPairIds": ["pair_0021_pilot_r046_c121_truck", "pair_0258_pilot_r046_c121_lightvehicle", "pair_0263_pilot_r046_c121_lightvehicle"], "publicationStatus": "ai-triage-native-review-required", "arrivalInterpretation": "This acquisition provides an earliest visible bound within the available imagery, not the actual arrival time of assistance."}}, {"type": "Feature", "id": "pilot_r038_c044", "geometry": {"type": "Polygon", "coordinates": [[[-67.0210576, 10.5997706], [-67.0188118, 10.5997706], [-67.0188118, 10.6019781], [-67.0210576, 10.6019781], [-67.0210576, 10.5997706]]]}, "properties": {"cellId": "pilot_r038_c044", "coveredByAois": ["emsr884-aoi12-caraballeda", "external-msft-catia-la-mar-predicted-damage", "external-msft-catia-la-mar-east-predicted-damage"], "stackStatus": "before_after", "firstVisibleAcquisitionUtc": "2026-06-26T21:13:46.374593Z", "hoursAfterEvent": 47.15, "timeWindow": "24_48h", "evidenceTier": "cross_model_positive_with_detector_delta", "consensus": "both_positive", "priorityScore": 200, "assetCategories": ["collection_or_staging", "debris_clearance", "emergency_or_service_vehicle", "temporary_shelter", "trucks_or_large_vehicles"], "cropPairIds": ["pair_0095_pilot_r038_c044_container", "pair_0109_pilot_r038_c044_container", "pair_0113_pilot_r038_c044_container"], "publicationStatus": "ai-triage-native-review-required", "arrivalInterpretation": "This acquisition provides an earliest visible bound within the available imagery, not the actual arrival time of assistance."}}, {"type": "Feature", "id": "pilot_r039_c040", "geometry": {"type": "Polygon", "coordinates": [[[-67.0300407, 10.6019781], [-67.0277949, 10.6019781], [-67.0277949, 10.6041855], [-67.0300407, 10.6041855], [-67.0300407, 10.6019781]]]}, "properties": {"cellId": "pilot_r039_c040", "coveredByAois": ["emsr884-aoi12-caraballeda", "external-msft-catia-la-mar-predicted-damage", "external-msft-catia-la-mar-east-predicted-damage"], "stackStatus": "before_after", "firstVisibleAcquisitionUtc": "2026-06-26T21:13:46.374593Z", "hoursAfterEvent": 47.15, "timeWindow": "24_48h", "evidenceTier": "cross_model_positive", "consensus": "both_positive", "priorityScore": 200, "assetCategories": ["collection_or_staging", "debris_clearance", "temporary_shelter", "trucks_or_large_vehicles"], "cropPairIds": ["pair_0354_pilot_r039_c040_lightvehicle", "pair_0355_pilot_r039_c040_lightvehicle", "pair_0368_pilot_r039_c040_lightvehicle"], "publicationStatus": "ai-triage-native-review-required", "arrivalInterpretation": "This acquisition provides an earliest visible bound within the available imagery, not the actual arrival time of assistance."}}, {"type": "Feature", "id": "pilot_r044_c123", "geometry": {"type": "Polygon", "coordinates": [[[-66.8436403, 10.6130152], [-66.8413945, 10.6130152], [-66.8413945, 10.6152225], [-66.8436403, 10.6152225], [-66.8436403, 10.6130152]]]}, "properties": {"cellId": "pilot_r044_c123", "coveredByAois": ["emsr884-aoi12-caraballeda", "external-msft-caraballeda-east-predicted-damage"], "stackStatus": "before_after", "firstVisibleAcquisitionUtc": "2026-06-26T21:13:46.374593Z", "hoursAfterEvent": 47.15, "timeWindow": "24_48h", "evidenceTier": "cross_model_positive", "consensus": "both_positive", "priorityScore": 200, "assetCategories": ["collection_or_staging", "debris_clearance", "emergency_or_service_vehicle", "temporary_shelter", "trucks_or_large_vehicles"], "cropPairIds": ["pair_0332_pilot_r044_c123_lightvehicle", "pair_0371_pilot_r044_c123_lightvehicle", "pair_0372_pilot_r044_c123_lightvehicle"], "publicationStatus": "ai-triage-native-review-required", "arrivalInterpretation": "This acquisition provides an earliest visible bound within the available imagery, not the actual arrival time of assistance."}}, {"type": "Feature", "id": "pilot_r043_c124", "geometry": {"type": "Polygon", "coordinates": [[[-66.8413945, 10.6108078], [-66.8391487, 10.6108078], [-66.8391487, 10.6130152], [-66.8413945, 10.6130152], [-66.8413945, 10.6108078]]]}, "properties": {"cellId": "pilot_r043_c124", "coveredByAois": ["emsr884-aoi12-caraballeda", "external-msft-caraballeda-east-predicted-damage"], "stackStatus": "before_after", "firstVisibleAcquisitionUtc": "2026-06-26T21:13:46.374593Z", "hoursAfterEvent": 47.15, "timeWindow": "24_48h", "evidenceTier": "cross_model_positive", "consensus": "both_positive", "priorityScore": 190, "assetCategories": ["collection_or_staging", "debris_clearance", "emergency_or_service_vehicle", "heavy_machinery", "temporary_shelter", "trucks_or_large_vehicles"], "cropPairIds": ["pair_0454_pilot_r043_c124_lightvehicle", "pair_0482_pilot_r043_c124_lightvehicle", "pair_0496_pilot_r043_c124_lightvehicle"], "publicationStatus": "ai-triage-native-review-required", "arrivalInterpretation": "This acquisition provides an earliest visible bound within the available imagery, not the actual arrival time of assistance."}}, {"type": "Feature", "id": "pilot_r042_c048", "geometry": {"type": "Polygon", "coordinates": [[[-67.0120744, 10.6086004], [-67.0098286, 10.6086004], [-67.0098286, 10.6108078], [-67.0120744, 10.6108078], [-67.0120744, 10.6086004]]]}, "properties": {"cellId": "pilot_r042_c048", "coveredByAois": ["emsr884-aoi12-caraballeda", "external-msft-catia-la-mar-predicted-damage", "external-msft-catia-la-mar-east-predicted-damage"], "stackStatus": "before_after", "firstVisibleAcquisitionUtc": "2026-06-26T21:13:46.374593Z", "hoursAfterEvent": 47.15, "timeWindow": "24_48h", "evidenceTier": "contested_positive", "consensus": "positive_negative_disagreement", "priorityScore": 185, "assetCategories": ["collection_or_staging", "debris_clearance", "heavy_machinery", "temporary_shelter", "trucks_or_large_vehicles"], "cropPairIds": [], "publicationStatus": "ai-triage-native-review-required", "arrivalInterpretation": "This acquisition provides an earliest visible bound within the available imagery, not the actual arrival time of assistance."}}, {"type": "Feature", "id": "pilot_r044_c121", "geometry": {"type": "Polygon", "coordinates": [[[-66.8481319, 10.6130152], [-66.8458861, 10.6130152], [-66.8458861, 10.6152225], [-66.8481319, 10.6152225], [-66.8481319, 10.6130152]]]}, "properties": {"cellId": "pilot_r044_c121", "coveredByAois": ["emsr884-aoi12-caraballeda", "external-msft-caraballeda-east-predicted-damage"], "stackStatus": "before_after", "firstVisibleAcquisitionUtc": "2026-06-26T21:13:46.374593Z", "hoursAfterEvent": 47.15, "timeWindow": "24_48h", "evidenceTier": "cross_model_positive", "consensus": "both_positive", "priorityScore": 185, "assetCategories": ["collection_or_staging", "debris_clearance", "temporary_shelter", "trucks_or_large_vehicles"], "cropPairIds": ["pair_0497_pilot_r044_c121_lightvehicle"], "publicationStatus": "ai-triage-native-review-required", "arrivalInterpretation": "This acquisition provides an earliest visible bound within the available imagery, not the actual arrival time of assistance."}}, {"type": "Feature", "id": "pilot_r040_c039", "geometry": {"type": "Polygon", "coordinates": [[[-67.0322865, 10.6041855], [-67.0300407, 10.6041855], [-67.0300407, 10.606393], [-67.0322865, 10.606393], [-67.0322865, 10.6041855]]]}, "properties": {"cellId": "pilot_r040_c039", "coveredByAois": ["emsr884-aoi12-caraballeda", "external-msft-catia-la-mar-predicted-damage", "external-msft-catia-la-mar-east-predicted-damage"], "stackStatus": "before_after", "firstVisibleAcquisitionUtc": "2026-06-26T21:13:46.374593Z", "hoursAfterEvent": 47.15, "timeWindow": "24_48h", "evidenceTier": "cross_model_positive_with_detector_delta", "consensus": "both_positive", "priorityScore": 180, "assetCategories": ["debris_clearance", "temporary_shelter"], "cropPairIds": ["pair_0082_pilot_r040_c039_digger", "pair_0129_pilot_r040_c039_truck", "pair_0210_pilot_r040_c039_container"], "publicationStatus": "ai-triage-native-review-required", "arrivalInterpretation": "This acquisition provides an earliest visible bound within the available imagery, not the actual arrival time of assistance."}}, {"type": "Feature", "id": "pilot_r043_c127", "geometry": {"type": "Polygon", "coordinates": [[[-66.8346571, 10.6108078], [-66.8324114, 10.6108078], [-66.8324114, 10.6130152], [-66.8346571, 10.6130152], [-66.8346571, 10.6108078]]]}, "properties": {"cellId": "pilot_r043_c127", "coveredByAois": ["emsr884-aoi12-caraballeda", "external-msft-caraballeda-east-predicted-damage"], "stackStatus": "before_after", "firstVisibleAcquisitionUtc": "2026-06-26T21:13:46.374593Z", "hoursAfterEvent": 47.15, "timeWindow": "24_48h", "evidenceTier": "cross_model_positive_with_detector_delta", "consensus": "both_positive", "priorityScore": 180, "assetCategories": ["debris_clearance", "temporary_shelter"], "cropPairIds": ["pair_0099_pilot_r043_c127_truck"], "publicationStatus": "ai-triage-native-review-required", "arrivalInterpretation": "This acquisition provides an earliest visible bound within the available imagery, not the actual arrival time of assistance."}}, {"type": "Feature", "id": "pilot_r037_c040", "geometry": {"type": "Polygon", "coordinates": [[[-67.0300407, 10.5975632], [-67.0277949, 10.5975632], [-67.0277949, 10.5997706], [-67.0300407, 10.5997706], [-67.0300407, 10.5975632]]]}, "properties": {"cellId": "pilot_r037_c040", "coveredByAois": ["emsr884-aoi12-caraballeda", "external-msft-catia-la-mar-predicted-damage", "external-msft-catia-la-mar-east-predicted-damage"], "stackStatus": "before_after", "firstVisibleAcquisitionUtc": "2026-06-26T21:13:46.374593Z", "hoursAfterEvent": 47.15, "timeWindow": "24_48h", "evidenceTier": "contested_positive_with_detector_delta", "consensus": "positive_uncertain_disagreement", "priorityScore": 175, "assetCategories": ["collection_or_staging", "temporary_shelter", "trucks_or_large_vehicles"], "cropPairIds": [], "publicationStatus": "ai-triage-native-review-required", "arrivalInterpretation": "This acquisition provides an earliest visible bound within the available imagery, not the actual arrival time of assistance."}}, {"type": "Feature", "id": "pilot_r043_c132", "geometry": {"type": "Polygon", "coordinates": [[[-66.8234282, 10.6108078], [-66.8211824, 10.6108078], [-66.8211824, 10.6130152], [-66.8234282, 10.6130152], [-66.8234282, 10.6108078]]]}, "properties": {"cellId": "pilot_r043_c132", "coveredByAois": ["emsr884-aoi12-caraballeda", "external-msft-caraballeda-east-predicted-damage"], "stackStatus": "before_after", "firstVisibleAcquisitionUtc": "2026-06-26T21:13:46.374593Z", "hoursAfterEvent": 47.15, "timeWindow": "24_48h", "evidenceTier": "contested_positive_with_detector_delta", "consensus": "positive_negative_disagreement", "priorityScore": 175, "assetCategories": ["collection_or_staging", "debris_clearance", "emergency_or_service_vehicle", "temporary_shelter", "trucks_or_large_vehicles"], "cropPairIds": ["pair_0236_pilot_r043_c132_digger", "pair_0401_pilot_r043_c132_truck"], "publicationStatus": "ai-triage-native-review-required", "arrivalInterpretation": "This acquisition provides an earliest visible bound within the available imagery, not the actual arrival time of assistance."}}, {"type": "Feature", "id": "pilot_r043_c121", "geometry": {"type": "Polygon", "coordinates": [[[-66.8481319, 10.6108078], [-66.8458861, 10.6108078], [-66.8458861, 10.6130152], [-66.8481319, 10.6130152], [-66.8481319, 10.6108078]]]}, "properties": {"cellId": "pilot_r043_c121", "coveredByAois": ["emsr884-aoi12-caraballeda", "external-msft-caraballeda-east-predicted-damage"], "stackStatus": "before_after", "firstVisibleAcquisitionUtc": "2026-06-26T21:13:46.374593Z", "hoursAfterEvent": 47.15, "timeWindow": "24_48h", "evidenceTier": "contested_positive_with_detector_delta", "consensus": "positive_uncertain_disagreement", "priorityScore": 155, "assetCategories": ["collection_or_staging", "debris_clearance", "temporary_shelter"], "cropPairIds": ["pair_0462_pilot_r043_c121_digger"], "publicationStatus": "ai-triage-native-review-required", "arrivalInterpretation": "This acquisition provides an earliest visible bound within the available imagery, not the actual arrival time of assistance."}}, {"type": "Feature", "id": "pilot_r043_c131", "geometry": {"type": "Polygon", "coordinates": [[[-66.825674, 10.6108078], [-66.8234282, 10.6108078], [-66.8234282, 10.6130152], [-66.825674, 10.6130152], [-66.825674, 10.6108078]]]}, "properties": {"cellId": "pilot_r043_c131", "coveredByAois": ["emsr884-aoi12-caraballeda", "external-msft-caraballeda-east-predicted-damage"], "stackStatus": "before_after", "firstVisibleAcquisitionUtc": "2026-06-26T21:13:46.374593Z", "hoursAfterEvent": 47.15, "timeWindow": "24_48h", "evidenceTier": "contested_positive_with_detector_delta", "consensus": "positive_uncertain_disagreement", "priorityScore": 155, "assetCategories": ["debris_clearance", "temporary_shelter"], "cropPairIds": ["pair_0448_pilot_r043_c131_digger"], "publicationStatus": "ai-triage-native-review-required", "arrivalInterpretation": "This acquisition provides an earliest visible bound within the available imagery, not the actual arrival time of assistance."}}, {"type": "Feature", "id": "pilot_r045_c124", "geometry": {"type": "Polygon", "coordinates": [[[-66.8413945, 10.6152225], [-66.8391487, 10.6152225], [-66.8391487, 10.6174299], [-66.8413945, 10.6174299], [-66.8413945, 10.6152225]]]}, "properties": {"cellId": "pilot_r045_c124", "coveredByAois": ["emsr884-aoi12-caraballeda", "external-msft-caraballeda-east-predicted-damage"], "stackStatus": "before_after", "firstVisibleAcquisitionUtc": "2026-06-26T21:13:46.374593Z", "hoursAfterEvent": 47.15, "timeWindow": "24_48h", "evidenceTier": "contested_positive_with_detector_delta", "consensus": "positive_negative_disagreement", "priorityScore": 155, "assetCategories": ["debris_clearance", "emergency_or_service_vehicle", "temporary_shelter"], "cropPairIds": [], "publicationStatus": "ai-triage-native-review-required", "arrivalInterpretation": "This acquisition provides an earliest visible bound within the available imagery, not the actual arrival time of assistance."}}, {"type": "Feature", "id": "pilot_r043_c045", "geometry": {"type": "Polygon", "coordinates": [[[-67.0188118, 10.6108078], [-67.016566, 10.6108078], [-67.016566, 10.6130152], [-67.0188118, 10.6130152], [-67.0188118, 10.6108078]]]}, "properties": {"cellId": "pilot_r043_c045", "coveredByAois": ["emsr884-aoi12-caraballeda", "external-msft-catia-la-mar-predicted-damage", "external-msft-catia-la-mar-east-predicted-damage"], "stackStatus": "before_after", "firstVisibleAcquisitionUtc": "2026-06-26T21:13:46.374593Z", "hoursAfterEvent": 47.15, "timeWindow": "24_48h", "evidenceTier": "cross_model_positive", "consensus": "both_positive", "priorityScore": 145, "assetCategories": ["collection_or_staging", "debris_clearance"], "cropPairIds": [], "publicationStatus": "ai-triage-native-review-required", "arrivalInterpretation": "This acquisition provides an earliest visible bound within the available imagery, not the actual arrival time of assistance."}}, {"type": "Feature", "id": "pilot_r043_c125", "geometry": {"type": "Polygon", "coordinates": [[[-66.8391487, 10.6108078], [-66.8369029, 10.6108078], [-66.8369029, 10.6130152], [-66.8391487, 10.6130152], [-66.8391487, 10.6108078]]]}, "properties": {"cellId": "pilot_r043_c125", "coveredByAois": ["emsr884-aoi12-caraballeda", "external-msft-caraballeda-east-predicted-damage"], "stackStatus": "before_after", "firstVisibleAcquisitionUtc": "2026-06-26T21:13:46.374593Z", "hoursAfterEvent": 47.15, "timeWindow": "24_48h", "evidenceTier": "cross_model_positive_with_detector_delta", "consensus": "both_positive", "priorityScore": 145, "assetCategories": ["collection_or_staging", "debris_clearance", "temporary_shelter"], "cropPairIds": [], "publicationStatus": "ai-triage-native-review-required", "arrivalInterpretation": "This acquisition provides an earliest visible bound within the available imagery, not the actual arrival time of assistance."}}, {"type": "Feature", "id": "pilot_r043_c129", "geometry": {"type": "Polygon", "coordinates": [[[-66.8301656, 10.6108078], [-66.8279198, 10.6108078], [-66.8279198, 10.6130152], [-66.8301656, 10.6130152], [-66.8301656, 10.6108078]]]}, "properties": {"cellId": "pilot_r043_c129", "coveredByAois": ["emsr884-aoi12-caraballeda", "external-msft-caraballeda-east-predicted-damage"], "stackStatus": "before_after", "firstVisibleAcquisitionUtc": "2026-06-26T21:13:46.374593Z", "hoursAfterEvent": 47.15, "timeWindow": "24_48h", "evidenceTier": "cross_model_positive", "consensus": "both_positive", "priorityScore": 145, "assetCategories": ["collection_or_staging", "debris_clearance", "temporary_shelter"], "cropPairIds": [], "publicationStatus": "ai-triage-native-review-required", "arrivalInterpretation": "This acquisition provides an earliest visible bound within the available imagery, not the actual arrival time of assistance."}}, {"type": "Feature", "id": "pilot_r044_c131", "geometry": {"type": "Polygon", "coordinates": [[[-66.825674, 10.6130152], [-66.8234282, 10.6130152], [-66.8234282, 10.6152225], [-66.825674, 10.6152225], [-66.825674, 10.6130152]]]}, "properties": {"cellId": "pilot_r044_c131", "coveredByAois": ["emsr884-aoi12-caraballeda", "external-msft-caraballeda-east-predicted-damage"], "stackStatus": "before_after", "firstVisibleAcquisitionUtc": "2026-06-26T21:13:46.374593Z", "hoursAfterEvent": 47.15, "timeWindow": "24_48h", "evidenceTier": "cross_model_positive", "consensus": "both_positive", "priorityScore": 145, "assetCategories": ["collection_or_staging", "debris_clearance", "temporary_shelter"], "cropPairIds": [], "publicationStatus": "ai-triage-native-review-required", "arrivalInterpretation": "This acquisition provides an earliest visible bound within the available imagery, not the actual arrival time of assistance."}}, {"type": "Feature", "id": "pilot_r042_c131", "geometry": {"type": "Polygon", "coordinates": [[[-66.825674, 10.6086004], [-66.8234282, 10.6086004], [-66.8234282, 10.6108078], [-66.825674, 10.6108078], [-66.825674, 10.6086004]]]}, "properties": {"cellId": "pilot_r042_c131", "coveredByAois": ["emsr884-aoi12-caraballeda", "external-msft-caraballeda-east-predicted-damage"], "stackStatus": "before_after", "firstVisibleAcquisitionUtc": "2026-06-26T21:13:46.374593Z", "hoursAfterEvent": 47.15, "timeWindow": "24_48h", "evidenceTier": "contested_positive_with_detector_delta", "consensus": "positive_uncertain_disagreement", "priorityScore": 140, "assetCategories": ["debris_clearance", "trucks_or_large_vehicles"], "cropPairIds": [], "publicationStatus": "ai-triage-native-review-required", "arrivalInterpretation": "This acquisition provides an earliest visible bound within the available imagery, not the actual arrival time of assistance."}}, {"type": "Feature", "id": "pilot_r045_c125", "geometry": {"type": "Polygon", "coordinates": [[[-66.8391487, 10.6152225], [-66.8369029, 10.6152225], [-66.8369029, 10.6174299], [-66.8391487, 10.6174299], [-66.8391487, 10.6152225]]]}, "properties": {"cellId": "pilot_r045_c125", "coveredByAois": ["emsr884-aoi12-caraballeda", "external-msft-caraballeda-east-predicted-damage"], "stackStatus": "before_after", "firstVisibleAcquisitionUtc": "2026-06-26T21:13:46.374593Z", "hoursAfterEvent": 47.15, "timeWindow": "24_48h", "evidenceTier": "contested_positive", "consensus": "positive_negative_disagreement", "priorityScore": 140, "assetCategories": ["collection_or_staging", "debris_clearance", "temporary_shelter"], "cropPairIds": [], "publicationStatus": "ai-triage-native-review-required", "arrivalInterpretation": "This acquisition provides an earliest visible bound within the available imagery, not the actual arrival time of assistance."}}, {"type": "Feature", "id": "pilot_r043_c128", "geometry": {"type": "Polygon", "coordinates": [[[-66.8324114, 10.6108078], [-66.8301656, 10.6108078], [-66.8301656, 10.6130152], [-66.8324114, 10.6130152], [-66.8324114, 10.6108078]]]}, "properties": {"cellId": "pilot_r043_c128", "coveredByAois": ["emsr884-aoi12-caraballeda", "external-msft-caraballeda-east-predicted-damage"], "stackStatus": "before_after", "firstVisibleAcquisitionUtc": "2026-06-26T21:13:46.374593Z", "hoursAfterEvent": 47.15, "timeWindow": "24_48h", "evidenceTier": "contested_positive_with_detector_delta", "consensus": "positive_uncertain_disagreement", "priorityScore": 120, "assetCategories": ["debris_clearance", "temporary_shelter"], "cropPairIds": [], "publicationStatus": "ai-triage-native-review-required", "arrivalInterpretation": "This acquisition provides an earliest visible bound within the available imagery, not the actual arrival time of assistance."}}, {"type": "Feature", "id": "pilot_r037_c071", "geometry": {"type": "Polygon", "coordinates": [[[-66.9604213, 10.5975632], [-66.9581755, 10.5975632], [-66.9581755, 10.5997706], [-66.9604213, 10.5997706], [-66.9604213, 10.5975632]]]}, "properties": {"cellId": "pilot_r037_c071", "coveredByAois": ["external-msft-catia-la-mar-east-predicted-damage"], "stackStatus": "before_after", "firstVisibleAcquisitionUtc": "2026-06-27T13:48:10.374681Z", "hoursAfterEvent": 63.73, "timeWindow": "48_72h", "evidenceTier": "cross_model_positive_with_detector_delta", "consensus": "both_positive", "priorityScore": 205, "assetCategories": ["collection_or_staging", "heavy_machinery", "temporary_shelter"], "cropPairIds": ["pair_0019_pilot_r037_c071_truck", "pair_0029_pilot_r037_c071_truck", "pair_0042_pilot_r037_c071_truck"], "publicationStatus": "ai-triage-native-review-required", "arrivalInterpretation": "This acquisition provides an earliest visible bound within the available imagery, not the actual arrival time of assistance."}}, {"type": "Feature", "id": "pilot_r036_c055", "geometry": {"type": "Polygon", "coordinates": [[[-66.9963539, 10.5953557], [-66.9941081, 10.5953557], [-66.9941081, 10.5975632], [-66.9963539, 10.5975632], [-66.9963539, 10.5953557]]]}, "properties": {"cellId": "pilot_r036_c055", "coveredByAois": ["external-msft-catia-la-mar-predicted-damage", "external-msft-catia-la-mar-east-predicted-damage"], "stackStatus": "before_after", "firstVisibleAcquisitionUtc": "2026-06-27T13:48:10.374681Z", "hoursAfterEvent": 63.73, "timeWindow": "48_72h", "evidenceTier": "cross_model_positive_with_detector_delta", "consensus": "both_positive", "priorityScore": 180, "assetCategories": ["collection_or_staging", "temporary_shelter"], "cropPairIds": ["pair_0119_pilot_r036_c055_truck"], "publicationStatus": "ai-triage-native-review-required", "arrivalInterpretation": "This acquisition provides an earliest visible bound within the available imagery, not the actual arrival time of assistance."}}, {"type": "Feature", "id": "pilot_r037_c057", "geometry": {"type": "Polygon", "coordinates": [[[-66.9918623, 10.5975632], [-66.9896165, 10.5975632], [-66.9896165, 10.5997706], [-66.9918623, 10.5997706], [-66.9918623, 10.5975632]]]}, "properties": {"cellId": "pilot_r037_c057", "coveredByAois": ["external-msft-catia-la-mar-predicted-damage", "external-msft-catia-la-mar-east-predicted-damage"], "stackStatus": "before_after", "firstVisibleAcquisitionUtc": "2026-06-27T13:48:10.374681Z", "hoursAfterEvent": 63.73, "timeWindow": "48_72h", "evidenceTier": "cross_model_positive", "consensus": "both_positive", "priorityScore": 165, "assetCategories": ["collection_or_staging", "temporary_shelter"], "cropPairIds": [], "publicationStatus": "ai-triage-native-review-required", "arrivalInterpretation": "This acquisition provides an earliest visible bound within the available imagery, not the actual arrival time of assistance."}}, {"type": "Feature", "id": "pilot_r038_c066", "geometry": {"type": "Polygon", "coordinates": [[[-66.9716502, 10.5997706], [-66.9694044, 10.5997706], [-66.9694044, 10.6019781], [-66.9716502, 10.6019781], [-66.9716502, 10.5997706]]]}, "properties": {"cellId": "pilot_r038_c066", "coveredByAois": ["external-msft-catia-la-mar-east-predicted-damage"], "stackStatus": "before_after", "firstVisibleAcquisitionUtc": "2026-06-27T13:48:10.374681Z", "hoursAfterEvent": 63.73, "timeWindow": "48_72h", "evidenceTier": "cross_model_positive_with_detector_delta", "consensus": "both_positive", "priorityScore": 165, "assetCategories": ["collection_or_staging", "temporary_shelter"], "cropPairIds": ["pair_0142_pilot_r038_c066_digger", "pair_0237_pilot_r038_c066_container", "pair_0275_pilot_r038_c066_container"], "publicationStatus": "ai-triage-native-review-required", "arrivalInterpretation": "This acquisition provides an earliest visible bound within the available imagery, not the actual arrival time of assistance."}}, {"type": "Feature", "id": "pilot_r035_c052", "geometry": {"type": "Polygon", "coordinates": [[[-67.0030913, 10.5931482], [-67.0008455, 10.5931482], [-67.0008455, 10.5953557], [-67.0030913, 10.5953557], [-67.0030913, 10.5931482]]]}, "properties": {"cellId": "pilot_r035_c052", "coveredByAois": ["external-msft-catia-la-mar-predicted-damage", "external-msft-catia-la-mar-east-predicted-damage"], "stackStatus": "before_after", "firstVisibleAcquisitionUtc": "2026-06-27T13:48:10.374681Z", "hoursAfterEvent": 63.73, "timeWindow": "48_72h", "evidenceTier": "contested_positive", "consensus": "positive_negative_disagreement", "priorityScore": 160, "assetCategories": ["temporary_shelter", "trucks_or_large_vehicles"], "cropPairIds": [], "publicationStatus": "ai-triage-native-review-required", "arrivalInterpretation": "This acquisition provides an earliest visible bound within the available imagery, not the actual arrival time of assistance."}}, {"type": "Feature", "id": "pilot_r008_c063", "geometry": {"type": "Polygon", "coordinates": [[[-66.9783876, 10.5335395], [-66.9761418, 10.5335395], [-66.9761418, 10.5357474], [-66.9783876, 10.5357474], [-66.9783876, 10.5335395]]]}, "properties": {"cellId": "pilot_r008_c063", "coveredByAois": ["external-msft-catia-la-mar-east-predicted-damage"], "stackStatus": "before_after", "firstVisibleAcquisitionUtc": "2026-06-27T13:48:10.374681Z", "hoursAfterEvent": 63.73, "timeWindow": "48_72h", "evidenceTier": "contested_positive_with_detector_delta", "consensus": "positive_negative_disagreement", "priorityScore": 155, "assetCategories": ["collection_or_staging", "temporary_shelter"], "cropPairIds": [], "publicationStatus": "ai-triage-native-review-required", "arrivalInterpretation": "This acquisition provides an earliest visible bound within the available imagery, not the actual arrival time of assistance."}}, {"type": "Feature", "id": "pilot_r012_c055", "geometry": {"type": "Polygon", "coordinates": [[[-66.9963539, 10.5423712], [-66.9941081, 10.5423712], [-66.9941081, 10.544579], [-66.9963539, 10.544579], [-66.9963539, 10.5423712]]]}, "properties": {"cellId": "pilot_r012_c055", "coveredByAois": ["external-msft-catia-la-mar-east-predicted-damage"], "stackStatus": "before_after", "firstVisibleAcquisitionUtc": "2026-06-27T13:48:10.374681Z", "hoursAfterEvent": 63.73, "timeWindow": "48_72h", "evidenceTier": "contested_positive_with_detector_delta", "consensus": "positive_negative_disagreement", "priorityScore": 155, "assetCategories": ["collection_or_staging", "temporary_shelter"], "cropPairIds": [], "publicationStatus": "ai-triage-native-review-required", "arrivalInterpretation": "This acquisition provides an earliest visible bound within the available imagery, not the actual arrival time of assistance."}}, {"type": "Feature", "id": "pilot_r031_c038", "geometry": {"type": "Polygon", "coordinates": [[[-67.0345323, 10.584318], [-67.0322865, 10.584318], [-67.0322865, 10.5865256], [-67.0345323, 10.5865256], [-67.0345323, 10.584318]]]}, "properties": {"cellId": "pilot_r031_c038", "coveredByAois": ["external-msft-catia-la-mar-predicted-damage", "external-msft-catia-la-mar-east-predicted-damage"], "stackStatus": "before_after", "firstVisibleAcquisitionUtc": "2026-06-27T13:48:10.374681Z", "hoursAfterEvent": 63.73, "timeWindow": "48_72h", "evidenceTier": "contested_positive_with_detector_delta", "consensus": "positive_negative_disagreement", "priorityScore": 155, "assetCategories": ["temporary_shelter"], "cropPairIds": [], "publicationStatus": "ai-triage-native-review-required", "arrivalInterpretation": "This acquisition provides an earliest visible bound within the available imagery, not the actual arrival time of assistance."}}, {"type": "Feature", "id": "pilot_r036_c059", "geometry": {"type": "Polygon", "coordinates": [[[-66.9873707, 10.5953557], [-66.985125, 10.5953557], [-66.985125, 10.5975632], [-66.9873707, 10.5975632], [-66.9873707, 10.5953557]]]}, "properties": {"cellId": "pilot_r036_c059", "coveredByAois": ["external-msft-catia-la-mar-east-predicted-damage"], "stackStatus": "before_after", "firstVisibleAcquisitionUtc": "2026-06-27T13:48:10.374681Z", "hoursAfterEvent": 63.73, "timeWindow": "48_72h", "evidenceTier": "contested_positive_with_detector_delta", "consensus": "positive_uncertain_disagreement", "priorityScore": 155, "assetCategories": ["trucks_or_large_vehicles"], "cropPairIds": [], "publicationStatus": "ai-triage-native-review-required", "arrivalInterpretation": "This acquisition provides an earliest visible bound within the available imagery, not the actual arrival time of assistance."}}, {"type": "Feature", "id": "pilot_r038_c072", "geometry": {"type": "Polygon", "coordinates": [[[-66.9581755, 10.5997706], [-66.9559297, 10.5997706], [-66.9559297, 10.6019781], [-66.9581755, 10.6019781], [-66.9581755, 10.5997706]]]}, "properties": {"cellId": "pilot_r038_c072", "coveredByAois": ["external-msft-catia-la-mar-east-predicted-damage"], "stackStatus": "before_after", "firstVisibleAcquisitionUtc": "2026-06-27T13:48:10.374681Z", "hoursAfterEvent": 63.73, "timeWindow": "48_72h", "evidenceTier": "contested_positive_with_detector_delta", "consensus": "positive_negative_disagreement", "priorityScore": 155, "assetCategories": ["collection_or_staging", "temporary_shelter"], "cropPairIds": [], "publicationStatus": "ai-triage-native-review-required", "arrivalInterpretation": "This acquisition provides an earliest visible bound within the available imagery, not the actual arrival time of assistance."}}, {"type": "Feature", "id": "pilot_r006_c059", "geometry": {"type": "Polygon", "coordinates": [[[-66.9873707, 10.5291236], [-66.985125, 10.5291236], [-66.985125, 10.5313316], [-66.9873707, 10.5313316], [-66.9873707, 10.5291236]]]}, "properties": {"cellId": "pilot_r006_c059", "coveredByAois": ["external-msft-catia-la-mar-east-predicted-damage"], "stackStatus": "before_after", "firstVisibleAcquisitionUtc": "2026-06-27T13:48:10.374681Z", "hoursAfterEvent": 63.73, "timeWindow": "48_72h", "evidenceTier": "contested_positive_with_detector_delta", "consensus": "positive_negative_disagreement", "priorityScore": 140, "assetCategories": ["collection_or_staging", "temporary_shelter"], "cropPairIds": [], "publicationStatus": "ai-triage-native-review-required", "arrivalInterpretation": "This acquisition provides an earliest visible bound within the available imagery, not the actual arrival time of assistance."}}, {"type": "Feature", "id": "pilot_r008_c066", "geometry": {"type": "Polygon", "coordinates": [[[-66.9716502, 10.5335395], [-66.9694044, 10.5335395], [-66.9694044, 10.5357474], [-66.9716502, 10.5357474], [-66.9716502, 10.5335395]]]}, "properties": {"cellId": "pilot_r008_c066", "coveredByAois": ["external-msft-catia-la-mar-east-predicted-damage"], "stackStatus": "before_after", "firstVisibleAcquisitionUtc": "2026-06-27T13:48:10.374681Z", "hoursAfterEvent": 63.73, "timeWindow": "48_72h", "evidenceTier": "contested_positive", "consensus": "positive_negative_disagreement", "priorityScore": 140, "assetCategories": ["collection_or_staging", "temporary_shelter"], "cropPairIds": [], "publicationStatus": "ai-triage-native-review-required", "arrivalInterpretation": "This acquisition provides an earliest visible bound within the available imagery, not the actual arrival time of assistance."}}, {"type": "Feature", "id": "pilot_r032_c063", "geometry": {"type": "Polygon", "coordinates": [[[-66.9783876, 10.5865256], [-66.9761418, 10.5865256], [-66.9761418, 10.5887331], [-66.9783876, 10.5887331], [-66.9783876, 10.5865256]]]}, "properties": {"cellId": "pilot_r032_c063", "coveredByAois": ["external-msft-catia-la-mar-east-predicted-damage"], "stackStatus": "before_after", "firstVisibleAcquisitionUtc": "2026-06-27T13:48:10.374681Z", "hoursAfterEvent": 63.73, "timeWindow": "48_72h", "evidenceTier": "cross_model_positive", "consensus": "both_positive", "priorityScore": 125, "assetCategories": [], "cropPairIds": [], "publicationStatus": "ai-triage-native-review-required", "arrivalInterpretation": "This acquisition provides an earliest visible bound within the available imagery, not the actual arrival time of assistance."}}, {"type": "Feature", "id": "pilot_r015_c057", "geometry": {"type": "Polygon", "coordinates": [[[-66.9918623, 10.5489947], [-66.9896165, 10.5489947], [-66.9896165, 10.5512025], [-66.9918623, 10.5512025], [-66.9918623, 10.5489947]]]}, "properties": {"cellId": "pilot_r015_c057", "coveredByAois": ["external-msft-catia-la-mar-east-predicted-damage"], "stackStatus": "before_after", "firstVisibleAcquisitionUtc": "2026-06-27T13:48:10.374681Z", "hoursAfterEvent": 63.73, "timeWindow": "48_72h", "evidenceTier": "contested_positive", "consensus": "positive_negative_disagreement", "priorityScore": 120, "assetCategories": ["temporary_shelter"], "cropPairIds": [], "publicationStatus": "ai-triage-native-review-required", "arrivalInterpretation": "This acquisition provides an earliest visible bound within the available imagery, not the actual arrival time of assistance."}}, {"type": "Feature", "id": "pilot_r029_c045", "geometry": {"type": "Polygon", "coordinates": [[[-67.0188118, 10.5799028], [-67.016566, 10.5799028], [-67.016566, 10.5821104], [-67.0188118, 10.5821104], [-67.0188118, 10.5799028]]]}, "properties": {"cellId": "pilot_r029_c045", "coveredByAois": ["external-msft-catia-la-mar-predicted-damage", "external-msft-catia-la-mar-east-predicted-damage"], "stackStatus": "before_after", "firstVisibleAcquisitionUtc": "2026-06-27T13:48:10.374681Z", "hoursAfterEvent": 63.73, "timeWindow": "48_72h", "evidenceTier": "contested_positive", "consensus": "positive_uncertain_disagreement", "priorityScore": 120, "assetCategories": ["temporary_shelter"], "cropPairIds": [], "publicationStatus": "ai-triage-native-review-required", "arrivalInterpretation": "This acquisition provides an earliest visible bound within the available imagery, not the actual arrival time of assistance."}}, {"type": "Feature", "id": "pilot_r014_c057", "geometry": {"type": "Polygon", "coordinates": [[[-66.9918623, 10.5467869], [-66.9896165, 10.5467869], [-66.9896165, 10.5489947], [-66.9918623, 10.5489947], [-66.9918623, 10.5467869]]]}, "properties": {"cellId": "pilot_r014_c057", "coveredByAois": ["external-msft-catia-la-mar-east-predicted-damage"], "stackStatus": "before_after", "firstVisibleAcquisitionUtc": "2026-06-27T13:48:10.374681Z", "hoursAfterEvent": 63.73, "timeWindow": "48_72h", "evidenceTier": "contested_positive", "consensus": "positive_negative_disagreement", "priorityScore": 100, "assetCategories": [], "cropPairIds": [], "publicationStatus": "ai-triage-native-review-required", "arrivalInterpretation": "This acquisition provides an earliest visible bound within the available imagery, not the actual arrival time of assistance."}}, {"type": "Feature", "id": "pilot_r029_c043", "geometry": {"type": "Polygon", "coordinates": [[[-67.0233034, 10.5799028], [-67.0210576, 10.5799028], [-67.0210576, 10.5821104], [-67.0233034, 10.5821104], [-67.0233034, 10.5799028]]]}, "properties": {"cellId": "pilot_r029_c043", "coveredByAois": ["external-msft-catia-la-mar-predicted-damage", "external-msft-catia-la-mar-east-predicted-damage"], "stackStatus": "before_after", "firstVisibleAcquisitionUtc": "2026-06-27T13:48:10.374681Z", "hoursAfterEvent": 63.73, "timeWindow": "48_72h", "evidenceTier": "contested_positive", "consensus": "positive_negative_disagreement", "priorityScore": 100, "assetCategories": [], "cropPairIds": [], "publicationStatus": "ai-triage-native-review-required", "arrivalInterpretation": "This acquisition provides an earliest visible bound within the available imagery, not the actual arrival time of assistance."}}, {"type": "Feature", "id": "pilot_r029_c063", "geometry": {"type": "Polygon", "coordinates": [[[-66.9783876, 10.5799028], [-66.9761418, 10.5799028], [-66.9761418, 10.5821104], [-66.9783876, 10.5821104], [-66.9783876, 10.5799028]]]}, "properties": {"cellId": "pilot_r029_c063", "coveredByAois": ["external-msft-catia-la-mar-east-predicted-damage"], "stackStatus": "before_after", "firstVisibleAcquisitionUtc": "2026-06-27T13:48:10.374681Z", "hoursAfterEvent": 63.73, "timeWindow": "48_72h", "evidenceTier": "contested_positive", "consensus": "positive_negative_disagreement", "priorityScore": 100, "assetCategories": [], "cropPairIds": [], "publicationStatus": "ai-triage-native-review-required", "arrivalInterpretation": "This acquisition provides an earliest visible bound within the available imagery, not the actual arrival time of assistance."}}, {"type": "Feature", "id": "pilot_r032_c057", "geometry": {"type": "Polygon", "coordinates": [[[-66.9918623, 10.5865256], [-66.9896165, 10.5865256], [-66.9896165, 10.5887331], [-66.9918623, 10.5887331], [-66.9918623, 10.5865256]]]}, "properties": {"cellId": "pilot_r032_c057", "coveredByAois": ["external-msft-catia-la-mar-predicted-damage", "external-msft-catia-la-mar-east-predicted-damage"], "stackStatus": "before_after", "firstVisibleAcquisitionUtc": "2026-06-27T13:48:10.374681Z", "hoursAfterEvent": 63.73, "timeWindow": "48_72h", "evidenceTier": "contested_positive", "consensus": "positive_uncertain_disagreement", "priorityScore": 100, "assetCategories": [], "cropPairIds": [], "publicationStatus": "ai-triage-native-review-required", "arrivalInterpretation": "This acquisition provides an earliest visible bound within the available imagery, not the actual arrival time of assistance."}}, {"type": "Feature", "id": "pilot_r041_c066", "geometry": {"type": "Polygon", "coordinates": [[[-66.9716502, 10.606393], [-66.9694044, 10.606393], [-66.9694044, 10.6086004], [-66.9716502, 10.6086004], [-66.9716502, 10.606393]]]}, "properties": {"cellId": "pilot_r041_c066", "coveredByAois": ["external-msft-catia-la-mar-east-predicted-damage"], "stackStatus": "before_after", "firstVisibleAcquisitionUtc": "2026-06-27T13:48:10.374681Z", "hoursAfterEvent": 63.73, "timeWindow": "48_72h", "evidenceTier": "contested_positive", "consensus": "positive_negative_disagreement", "priorityScore": 100, "assetCategories": [], "cropPairIds": [], "publicationStatus": "ai-triage-native-review-required", "arrivalInterpretation": "This acquisition provides an earliest visible bound within the available imagery, not the actual arrival time of assistance."}}, {"type": "Feature", "id": "pilot_r037_c048", "geometry": {"type": "Polygon", "coordinates": [[[-67.0120744, 10.5975632], [-67.0098286, 10.5975632], [-67.0098286, 10.5997706], [-67.0120744, 10.5997706], [-67.0120744, 10.5975632]]]}, "properties": {"cellId": "pilot_r037_c048", "coveredByAois": ["emsr884-aoi12-caraballeda", "external-msft-catia-la-mar-predicted-damage", "external-msft-catia-la-mar-east-predicted-damage"], "stackStatus": "before_after", "firstVisibleAcquisitionUtc": "2026-06-27T15:15:06.41416Z", "hoursAfterEvent": 65.18, "timeWindow": "48_72h", "evidenceTier": "cross_model_positive", "consensus": "both_positive", "priorityScore": 180, "assetCategories": ["collection_or_staging", "temporary_shelter"], "cropPairIds": [], "publicationStatus": "ai-triage-native-review-required", "arrivalInterpretation": "This acquisition provides an earliest visible bound within the available imagery, not the actual arrival time of assistance."}}, {"type": "Feature", "id": "pilot_r040_c047", "geometry": {"type": "Polygon", "coordinates": [[[-67.0143202, 10.6041855], [-67.0120744, 10.6041855], [-67.0120744, 10.606393], [-67.0143202, 10.606393], [-67.0143202, 10.6041855]]]}, "properties": {"cellId": "pilot_r040_c047", "coveredByAois": ["emsr884-aoi12-caraballeda", "external-msft-catia-la-mar-predicted-damage", "external-msft-catia-la-mar-east-predicted-damage"], "stackStatus": "before_after", "firstVisibleAcquisitionUtc": "2026-06-27T15:15:06.41416Z", "hoursAfterEvent": 65.18, "timeWindow": "48_72h", "evidenceTier": "contested_positive", "consensus": "positive_negative_disagreement", "priorityScore": 135, "assetCategories": [], "cropPairIds": [], "publicationStatus": "ai-triage-native-review-required", "arrivalInterpretation": "This acquisition provides an earliest visible bound within the available imagery, not the actual arrival time of assistance."}}, {"type": "Feature", "id": "pilot_r044_c125", "geometry": {"type": "Polygon", "coordinates": [[[-66.8391487, 10.6130152], [-66.8369029, 10.6130152], [-66.8369029, 10.6152225], [-66.8391487, 10.6152225], [-66.8391487, 10.6130152]]]}, "properties": {"cellId": "pilot_r044_c125", "coveredByAois": ["emsr884-aoi12-caraballeda", "external-msft-caraballeda-east-predicted-damage"], "stackStatus": "before_after", "firstVisibleAcquisitionUtc": "2026-06-29T14:09:32Z", "hoursAfterEvent": 112.08, "timeWindow": "72h_7d", "evidenceTier": "cross_model_positive_with_detector_delta", "consensus": "both_positive", "priorityScore": 200, "assetCategories": ["collection_or_staging", "debris_clearance", "emergency_or_service_vehicle", "heavy_machinery", "temporary_shelter", "trucks_or_large_vehicles"], "cropPairIds": ["pair_0122_pilot_r044_c125_digger", "pair_0499_pilot_r044_c125_person"], "publicationStatus": "ai-triage-native-review-required", "arrivalInterpretation": "This acquisition provides an earliest visible bound within the available imagery, not the actual arrival time of assistance."}}, {"type": "Feature", "id": "pilot_r045_c122", "geometry": {"type": "Polygon", "coordinates": [[[-66.8458861, 10.6152225], [-66.8436403, 10.6152225], [-66.8436403, 10.6174299], [-66.8458861, 10.6174299], [-66.8458861, 10.6152225]]]}, "properties": {"cellId": "pilot_r045_c122", "coveredByAois": ["emsr884-aoi12-caraballeda", "external-msft-caraballeda-east-predicted-damage"], "stackStatus": "before_after", "firstVisibleAcquisitionUtc": "2026-06-29T14:09:32Z", "hoursAfterEvent": 112.08, "timeWindow": "72h_7d", "evidenceTier": "cross_model_positive_with_detector_delta", "consensus": "both_positive", "priorityScore": 200, "assetCategories": ["collection_or_staging", "debris_clearance", "emergency_or_service_vehicle", "heavy_machinery", "temporary_shelter", "trucks_or_large_vehicles"], "cropPairIds": ["pair_0145_pilot_r045_c122_truck"], "publicationStatus": "ai-triage-native-review-required", "arrivalInterpretation": "This acquisition provides an earliest visible bound within the available imagery, not the actual arrival time of assistance."}}, {"type": "Feature", "id": "pilot_r046_c124", "geometry": {"type": "Polygon", "coordinates": [[[-66.8413945, 10.6174299], [-66.8391487, 10.6174299], [-66.8391487, 10.6196372], [-66.8413945, 10.6196372], [-66.8413945, 10.6174299]]]}, "properties": {"cellId": "pilot_r046_c124", "coveredByAois": ["emsr884-aoi12-caraballeda", "external-msft-caraballeda-east-predicted-damage"], "stackStatus": "before_after", "firstVisibleAcquisitionUtc": "2026-06-29T14:09:32Z", "hoursAfterEvent": 112.08, "timeWindow": "72h_7d", "evidenceTier": "cross_model_positive_with_detector_delta", "consensus": "both_positive", "priorityScore": 200, "assetCategories": ["collection_or_staging", "debris_clearance", "heavy_machinery", "temporary_shelter", "trucks_or_large_vehicles"], "cropPairIds": ["pair_0117_pilot_r046_c124_digger"], "publicationStatus": "ai-triage-native-review-required", "arrivalInterpretation": "This acquisition provides an earliest visible bound within the available imagery, not the actual arrival time of assistance."}}, {"type": "Feature", "id": "pilot_r040_c131", "geometry": {"type": "Polygon", "coordinates": [[[-66.825674, 10.6041855], [-66.8234282, 10.6041855], [-66.8234282, 10.606393], [-66.825674, 10.606393], [-66.825674, 10.6041855]]]}, "properties": {"cellId": "pilot_r040_c131", "coveredByAois": ["emsr884-aoi12-caraballeda", "external-msft-caraballeda-east-predicted-damage"], "stackStatus": "before_after", "firstVisibleAcquisitionUtc": "2026-06-29T14:09:32Z", "hoursAfterEvent": 112.08, "timeWindow": "72h_7d", "evidenceTier": "contested_positive_with_detector_delta", "consensus": "positive_negative_disagreement", "priorityScore": 175, "assetCategories": ["collection_or_staging", "heavy_machinery", "temporary_shelter", "trucks_or_large_vehicles"], "cropPairIds": [], "publicationStatus": "ai-triage-native-review-required", "arrivalInterpretation": "This acquisition provides an earliest visible bound within the available imagery, not the actual arrival time of assistance."}}, {"type": "Feature", "id": "pilot_r039_c132", "geometry": {"type": "Polygon", "coordinates": [[[-66.8234282, 10.6019781], [-66.8211824, 10.6019781], [-66.8211824, 10.6041855], [-66.8234282, 10.6041855], [-66.8234282, 10.6019781]]]}, "properties": {"cellId": "pilot_r039_c132", "coveredByAois": ["emsr884-aoi12-caraballeda", "external-msft-caraballeda-east-predicted-damage"], "stackStatus": "before_after", "firstVisibleAcquisitionUtc": "2026-06-29T14:09:32Z", "hoursAfterEvent": 112.08, "timeWindow": "72h_7d", "evidenceTier": "contested_positive_with_detector_delta", "consensus": "positive_uncertain_disagreement", "priorityScore": 155, "assetCategories": ["collection_or_staging", "heavy_machinery", "temporary_shelter"], "cropPairIds": [], "publicationStatus": "ai-triage-native-review-required", "arrivalInterpretation": "This acquisition provides an earliest visible bound within the available imagery, not the actual arrival time of assistance."}}, {"type": "Feature", "id": "pilot_r040_c132", "geometry": {"type": "Polygon", "coordinates": [[[-66.8234282, 10.6041855], [-66.8211824, 10.6041855], [-66.8211824, 10.606393], [-66.8234282, 10.606393], [-66.8234282, 10.6041855]]]}, "properties": {"cellId": "pilot_r040_c132", "coveredByAois": ["emsr884-aoi12-caraballeda", "external-msft-caraballeda-east-predicted-damage"], "stackStatus": "before_after", "firstVisibleAcquisitionUtc": "2026-06-29T14:09:32Z", "hoursAfterEvent": 112.08, "timeWindow": "72h_7d", "evidenceTier": "contested_positive_with_detector_delta", "consensus": "positive_negative_disagreement", "priorityScore": 155, "assetCategories": ["collection_or_staging", "heavy_machinery", "temporary_shelter"], "cropPairIds": [], "publicationStatus": "ai-triage-native-review-required", "arrivalInterpretation": "This acquisition provides an earliest visible bound within the available imagery, not the actual arrival time of assistance."}}, {"type": "Feature", "id": "pilot_r042_c123", "geometry": {"type": "Polygon", "coordinates": [[[-66.8436403, 10.6086004], [-66.8413945, 10.6086004], [-66.8413945, 10.6108078], [-66.8436403, 10.6108078], [-66.8436403, 10.6086004]]]}, "properties": {"cellId": "pilot_r042_c123", "coveredByAois": ["emsr884-aoi12-caraballeda", "external-msft-caraballeda-east-predicted-damage"], "stackStatus": "before_after", "firstVisibleAcquisitionUtc": "2026-06-29T14:09:32Z", "hoursAfterEvent": 112.08, "timeWindow": "72h_7d", "evidenceTier": "contested_positive_with_detector_delta", "consensus": "positive_negative_disagreement", "priorityScore": 155, "assetCategories": ["collection_or_staging", "heavy_machinery"], "cropPairIds": [], "publicationStatus": "ai-triage-native-review-required", "arrivalInterpretation": "This acquisition provides an earliest visible bound within the available imagery, not the actual arrival time of assistance."}}, {"type": "Feature", "id": "pilot_r037_c134", "geometry": {"type": "Polygon", "coordinates": [[[-66.8189366, 10.5975632], [-66.8166908, 10.5975632], [-66.8166908, 10.5997706], [-66.8189366, 10.5997706], [-66.8189366, 10.5975632]]]}, "properties": {"cellId": "pilot_r037_c134", "coveredByAois": ["external-msft-caraballeda-east-predicted-damage"], "stackStatus": "before_after", "firstVisibleAcquisitionUtc": "2026-06-29T14:09:32.624709Z", "hoursAfterEvent": 112.08, "timeWindow": "72h_7d", "evidenceTier": "cross_model_positive", "consensus": "both_positive", "priorityScore": 120, "assetCategories": ["collection_or_staging", "debris_clearance"], "cropPairIds": [], "publicationStatus": "ai-triage-native-review-required", "arrivalInterpretation": "This acquisition provides an earliest visible bound within the available imagery, not the actual arrival time of assistance."}}, {"type": "Feature", "id": "pilot_r040_c120", "geometry": {"type": "Polygon", "coordinates": [[[-66.8503777, 10.6041855], [-66.8481319, 10.6041855], [-66.8481319, 10.606393], [-66.8503777, 10.606393], [-66.8503777, 10.6041855]]]}, "properties": {"cellId": "pilot_r040_c120", "coveredByAois": ["emsr884-aoi12-caraballeda", "external-msft-caraballeda-east-predicted-damage"], "stackStatus": "before_after", "firstVisibleAcquisitionUtc": "2026-06-29T14:09:32Z", "hoursAfterEvent": 112.08, "timeWindow": "72h_7d", "evidenceTier": "contested_positive_with_detector_delta", "consensus": "positive_uncertain_disagreement", "priorityScore": 115, "assetCategories": ["temporary_shelter"], "cropPairIds": [], "publicationStatus": "ai-triage-native-review-required", "arrivalInterpretation": "This acquisition provides an earliest visible bound within the available imagery, not the actual arrival time of assistance."}}, {"type": "Feature", "id": "pilot_r038_c132", "geometry": {"type": "Polygon", "coordinates": [[[-66.8234282, 10.5997706], [-66.8211824, 10.5997706], [-66.8211824, 10.6019781], [-66.8234282, 10.6019781], [-66.8234282, 10.5997706]]]}, "properties": {"cellId": "pilot_r038_c132", "coveredByAois": ["emsr884-aoi12-caraballeda", "external-msft-caraballeda-east-predicted-damage"], "stackStatus": "before_after", "firstVisibleAcquisitionUtc": "2026-06-29T14:09:32Z", "hoursAfterEvent": 112.08, "timeWindow": "72h_7d", "evidenceTier": "contested_positive", "consensus": "positive_negative_disagreement", "priorityScore": 95, "assetCategories": ["debris_clearance", "temporary_shelter"], "cropPairIds": [], "publicationStatus": "ai-triage-native-review-required", "arrivalInterpretation": "This acquisition provides an earliest visible bound within the available imagery, not the actual arrival time of assistance."}}, {"type": "Feature", "id": "pilot_r040_c126", "geometry": {"type": "Polygon", "coordinates": [[[-66.8369029, 10.6041855], [-66.8346571, 10.6041855], [-66.8346571, 10.606393], [-66.8369029, 10.606393], [-66.8369029, 10.6041855]]]}, "properties": {"cellId": "pilot_r040_c126", "coveredByAois": ["emsr884-aoi12-caraballeda", "external-msft-caraballeda-east-predicted-damage"], "stackStatus": "before_after", "firstVisibleAcquisitionUtc": "2026-06-29T14:09:32Z", "hoursAfterEvent": 112.08, "timeWindow": "72h_7d", "evidenceTier": "contested_positive_with_detector_delta", "consensus": "positive_negative_disagreement", "priorityScore": 95, "assetCategories": ["collection_or_staging", "temporary_shelter"], "cropPairIds": [], "publicationStatus": "ai-triage-native-review-required", "arrivalInterpretation": "This acquisition provides an earliest visible bound within the available imagery, not the actual arrival time of assistance."}}, {"type": "Feature", "id": "pilot_r041_c130", "geometry": {"type": "Polygon", "coordinates": [[[-66.8279198, 10.606393], [-66.825674, 10.606393], [-66.825674, 10.6086004], [-66.8279198, 10.6086004], [-66.8279198, 10.606393]]]}, "properties": {"cellId": "pilot_r041_c130", "coveredByAois": ["emsr884-aoi12-caraballeda", "external-msft-caraballeda-east-predicted-damage"], "stackStatus": "before_after", "firstVisibleAcquisitionUtc": "2026-06-29T14:09:32Z", "hoursAfterEvent": 112.08, "timeWindow": "72h_7d", "evidenceTier": "contested_positive", "consensus": "positive_negative_disagreement", "priorityScore": 95, "assetCategories": ["debris_clearance", "temporary_shelter"], "cropPairIds": [], "publicationStatus": "ai-triage-native-review-required", "arrivalInterpretation": "This acquisition provides an earliest visible bound within the available imagery, not the actual arrival time of assistance."}}, {"type": "Feature", "id": "pilot_r044_c129", "geometry": {"type": "Polygon", "coordinates": [[[-66.8301656, 10.6130152], [-66.8279198, 10.6130152], [-66.8279198, 10.6152225], [-66.8301656, 10.6152225], [-66.8301656, 10.6130152]]]}, "properties": {"cellId": "pilot_r044_c129", "coveredByAois": ["emsr884-aoi12-caraballeda", "external-msft-caraballeda-east-predicted-damage"], "stackStatus": "before_after", "firstVisibleAcquisitionUtc": "2026-06-29T14:09:32Z", "hoursAfterEvent": 112.08, "timeWindow": "72h_7d", "evidenceTier": "contested_positive", "consensus": "positive_uncertain_disagreement", "priorityScore": 95, "assetCategories": ["temporary_shelter"], "cropPairIds": [], "publicationStatus": "ai-triage-native-review-required", "arrivalInterpretation": "This acquisition provides an earliest visible bound within the available imagery, not the actual arrival time of assistance."}}, {"type": "Feature", "id": "pilot_r040_c097", "geometry": {"type": "Polygon", "coordinates": [[[-66.9020308, 10.6041855], [-66.899785, 10.6041855], [-66.899785, 10.606393], [-66.9020308, 10.606393], [-66.9020308, 10.6041855]]]}, "properties": {"cellId": "pilot_r040_c097", "coveredByAois": ["emsr884-aoi12-caraballeda", "external-msft-la-guaira-east-predicted-damage"], "stackStatus": "post_event_only", "firstVisibleAcquisitionUtc": "2026-06-29T14:09:55Z", "hoursAfterEvent": 112.09, "timeWindow": "72h_7d", "evidenceTier": "cross_model_positive", "consensus": "both_positive", "priorityScore": 200, "assetCategories": ["collection_or_staging", "debris_clearance", "emergency_or_service_vehicle", "heavy_machinery", "temporary_shelter", "trucks_or_large_vehicles"], "cropPairIds": [], "publicationStatus": "ai-triage-native-review-required", "arrivalInterpretation": "This acquisition provides an earliest visible bound within the available imagery, not the actual arrival time of assistance."}}, {"type": "Feature", "id": "pilot_r042_c110", "geometry": {"type": "Polygon", "coordinates": [[[-66.8728355, 10.6086004], [-66.8705898, 10.6086004], [-66.8705898, 10.6108078], [-66.8728355, 10.6108078], [-66.8728355, 10.6086004]]]}, "properties": {"cellId": "pilot_r042_c110", "coveredByAois": ["external-msft-caraballeda-east-predicted-damage", "external-msft-la-guaira-east-predicted-damage"], "stackStatus": "post_event_only", "firstVisibleAcquisitionUtc": "2026-06-29T14:09:55.124782Z", "hoursAfterEvent": 112.09, "timeWindow": "72h_7d", "evidenceTier": "cross_model_positive_with_detector_delta", "consensus": "both_positive", "priorityScore": 180, "assetCategories": ["collection_or_staging", "debris_clearance", "heavy_machinery", "temporary_shelter"], "cropPairIds": [], "publicationStatus": "ai-triage-native-review-required", "arrivalInterpretation": "This acquisition provides an earliest visible bound within the available imagery, not the actual arrival time of assistance."}}, {"type": "Feature", "id": "pilot_r045_c115", "geometry": {"type": "Polygon", "coordinates": [[[-66.8616066, 10.6152225], [-66.8593608, 10.6152225], [-66.8593608, 10.6174299], [-66.8616066, 10.6174299], [-66.8616066, 10.6152225]]]}, "properties": {"cellId": "pilot_r045_c115", "coveredByAois": ["emsr884-aoi12-caraballeda", "external-msft-caraballeda-east-predicted-damage", "external-msft-la-guaira-east-predicted-damage"], "stackStatus": "post_event_only", "firstVisibleAcquisitionUtc": "2026-06-29T14:09:55Z", "hoursAfterEvent": 112.09, "timeWindow": "72h_7d", "evidenceTier": "cross_model_positive_with_detector_delta", "consensus": "both_positive", "priorityScore": 180, "assetCategories": ["collection_or_staging", "emergency_or_service_vehicle", "heavy_machinery", "temporary_shelter"], "cropPairIds": ["pair_0200_pilot_r045_c115_digger", "pair_0201_pilot_r045_c115_digger", "pair_0205_pilot_r045_c115_digger"], "publicationStatus": "ai-triage-native-review-required", "arrivalInterpretation": "This acquisition provides an earliest visible bound within the available imagery, not the actual arrival time of assistance."}}, {"type": "Feature", "id": "pilot_r046_c118", "geometry": {"type": "Polygon", "coordinates": [[[-66.8548692, 10.6174299], [-66.8526235, 10.6174299], [-66.8526235, 10.6196372], [-66.8548692, 10.6196372], [-66.8548692, 10.6174299]]]}, "properties": {"cellId": "pilot_r046_c118", "coveredByAois": ["emsr884-aoi12-caraballeda", "external-msft-caraballeda-east-predicted-damage"], "stackStatus": "post_event_only", "firstVisibleAcquisitionUtc": "2026-06-29T14:09:55Z", "hoursAfterEvent": 112.09, "timeWindow": "72h_7d", "evidenceTier": "cross_model_positive_with_detector_delta", "consensus": "both_positive", "priorityScore": 180, "assetCategories": ["collection_or_staging", "debris_clearance", "emergency_or_service_vehicle", "heavy_machinery", "temporary_shelter"], "cropPairIds": ["pair_0217_pilot_r046_c118_truck", "pair_0240_pilot_r046_c118_truck", "pair_0286_pilot_r046_c118_bus"], "publicationStatus": "ai-triage-native-review-required", "arrivalInterpretation": "This acquisition provides an earliest visible bound within the available imagery, not the actual arrival time of assistance."}}, {"type": "Feature", "id": "pilot_r039_c082", "geometry": {"type": "Polygon", "coordinates": [[[-66.9357176, 10.6019781], [-66.9334718, 10.6019781], [-66.9334718, 10.6041855], [-66.9357176, 10.6041855], [-66.9357176, 10.6019781]]]}, "properties": {"cellId": "pilot_r039_c082", "coveredByAois": ["emsr884-aoi12-caraballeda"], "stackStatus": "before_after", "firstVisibleAcquisitionUtc": "2026-06-29T14:09:55Z", "hoursAfterEvent": 112.09, "timeWindow": "72h_7d", "evidenceTier": "cross_model_positive_with_detector_delta", "consensus": "both_positive", "priorityScore": 175, "assetCategories": ["collection_or_staging", "debris_clearance", "temporary_shelter", "trucks_or_large_vehicles"], "cropPairIds": ["pair_0224_pilot_r039_c082_digger", "pair_0451_pilot_r039_c082_container", "pair_0472_pilot_r039_c082_container"], "publicationStatus": "ai-triage-native-review-required", "arrivalInterpretation": "This acquisition provides an earliest visible bound within the available imagery, not the actual arrival time of assistance."}}, {"type": "Feature", "id": "pilot_r039_c095", "geometry": {"type": "Polygon", "coordinates": [[[-66.9065224, 10.6019781], [-66.9042766, 10.6019781], [-66.9042766, 10.6041855], [-66.9065224, 10.6041855], [-66.9065224, 10.6019781]]]}, "properties": {"cellId": "pilot_r039_c095", "coveredByAois": ["emsr884-aoi12-caraballeda", "external-msft-la-guaira-east-predicted-damage"], "stackStatus": "post_event_only", "firstVisibleAcquisitionUtc": "2026-06-29T14:09:55Z", "hoursAfterEvent": 112.09, "timeWindow": "72h_7d", "evidenceTier": "cross_model_positive_with_detector_delta", "consensus": "both_positive", "priorityScore": 175, "assetCategories": ["collection_or_staging", "emergency_or_service_vehicle", "temporary_shelter", "trucks_or_large_vehicles"], "cropPairIds": ["pair_0209_pilot_r039_c095_digger", "pair_0473_pilot_r039_c095_container"], "publicationStatus": "ai-triage-native-review-required", "arrivalInterpretation": "This acquisition provides an earliest visible bound within the available imagery, not the actual arrival time of assistance."}}, {"type": "Feature", "id": "pilot_r040_c096", "geometry": {"type": "Polygon", "coordinates": [[[-66.9042766, 10.6041855], [-66.9020308, 10.6041855], [-66.9020308, 10.606393], [-66.9042766, 10.606393], [-66.9042766, 10.6041855]]]}, "properties": {"cellId": "pilot_r040_c096", "coveredByAois": ["emsr884-aoi12-caraballeda", "external-msft-la-guaira-east-predicted-damage"], "stackStatus": "post_event_only", "firstVisibleAcquisitionUtc": "2026-06-29T14:09:55Z", "hoursAfterEvent": 112.09, "timeWindow": "72h_7d", "evidenceTier": "cross_model_positive_with_detector_delta", "consensus": "both_positive", "priorityScore": 175, "assetCategories": ["collection_or_staging", "temporary_shelter", "trucks_or_large_vehicles"], "cropPairIds": ["pair_0476_pilot_r040_c096_container", "pair_0477_pilot_r040_c096_container"], "publicationStatus": "ai-triage-native-review-required", "arrivalInterpretation": "This acquisition provides an earliest visible bound within the available imagery, not the actual arrival time of assistance."}}, {"type": "Feature", "id": "pilot_r045_c116", "geometry": {"type": "Polygon", "coordinates": [[[-66.8593608, 10.6152225], [-66.857115, 10.6152225], [-66.857115, 10.6174299], [-66.8593608, 10.6174299], [-66.8593608, 10.6152225]]]}, "properties": {"cellId": "pilot_r045_c116", "coveredByAois": ["emsr884-aoi12-caraballeda", "external-msft-caraballeda-east-predicted-damage", "external-msft-la-guaira-east-predicted-damage"], "stackStatus": "post_event_only", "firstVisibleAcquisitionUtc": "2026-06-29T14:09:55Z", "hoursAfterEvent": 112.09, "timeWindow": "72h_7d", "evidenceTier": "contested_positive_with_detector_delta", "consensus": "positive_uncertain_disagreement", "priorityScore": 175, "assetCategories": ["collection_or_staging", "debris_clearance", "heavy_machinery", "temporary_shelter", "trucks_or_large_vehicles"], "cropPairIds": [], "publicationStatus": "ai-triage-native-review-required", "arrivalInterpretation": "This acquisition provides an earliest visible bound within the available imagery, not the actual arrival time of assistance."}}, {"type": "Feature", "id": "pilot_r047_c118", "geometry": {"type": "Polygon", "coordinates": [[[-66.8548692, 10.6196372], [-66.8526235, 10.6196372], [-66.8526235, 10.6218445], [-66.8548692, 10.6218445], [-66.8548692, 10.6196372]]]}, "properties": {"cellId": "pilot_r047_c118", "coveredByAois": ["emsr884-aoi12-caraballeda", "external-msft-caraballeda-east-predicted-damage"], "stackStatus": "post_event_only", "firstVisibleAcquisitionUtc": "2026-06-29T14:09:55Z", "hoursAfterEvent": 112.09, "timeWindow": "72h_7d", "evidenceTier": "cross_model_positive", "consensus": "both_positive", "priorityScore": 165, "assetCategories": ["collection_or_staging", "debris_clearance", "heavy_machinery", "temporary_shelter", "trucks_or_large_vehicles"], "cropPairIds": [], "publicationStatus": "ai-triage-native-review-required", "arrivalInterpretation": "This acquisition provides an earliest visible bound within the available imagery, not the actual arrival time of assistance."}}, {"type": "Feature", "id": "pilot_r040_c105", "geometry": {"type": "Polygon", "coordinates": [[[-66.8840645, 10.6041855], [-66.8818187, 10.6041855], [-66.8818187, 10.606393], [-66.8840645, 10.606393], [-66.8840645, 10.6041855]]]}, "properties": {"cellId": "pilot_r040_c105", "coveredByAois": ["emsr884-aoi12-caraballeda", "external-msft-la-guaira-east-predicted-damage"], "stackStatus": "post_event_only", "firstVisibleAcquisitionUtc": "2026-06-29T14:09:55Z", "hoursAfterEvent": 112.09, "timeWindow": "72h_7d", "evidenceTier": "contested_positive_with_detector_delta", "consensus": "positive_negative_disagreement", "priorityScore": 155, "assetCategories": ["heavy_machinery", "temporary_shelter"], "cropPairIds": [], "publicationStatus": "ai-triage-native-review-required", "arrivalInterpretation": "This acquisition provides an earliest visible bound within the available imagery, not the actual arrival time of assistance."}}, {"type": "Feature", "id": "pilot_r043_c118", "geometry": {"type": "Polygon", "coordinates": [[[-66.8548692, 10.6108078], [-66.8526235, 10.6108078], [-66.8526235, 10.6130152], [-66.8548692, 10.6130152], [-66.8548692, 10.6108078]]]}, "properties": {"cellId": "pilot_r043_c118", "coveredByAois": ["emsr884-aoi12-caraballeda", "external-msft-caraballeda-east-predicted-damage"], "stackStatus": "post_event_only", "firstVisibleAcquisitionUtc": "2026-06-29T14:09:55Z", "hoursAfterEvent": 112.09, "timeWindow": "72h_7d", "evidenceTier": "contested_positive", "consensus": "positive_negative_disagreement", "priorityScore": 155, "assetCategories": ["collection_or_staging", "debris_clearance", "heavy_machinery", "temporary_shelter"], "cropPairIds": [], "publicationStatus": "ai-triage-native-review-required", "arrivalInterpretation": "This acquisition provides an earliest visible bound within the available imagery, not the actual arrival time of assistance."}}, {"type": "Feature", "id": "pilot_r042_c118", "geometry": {"type": "Polygon", "coordinates": [[[-66.8548692, 10.6086004], [-66.8526235, 10.6086004], [-66.8526235, 10.6108078], [-66.8548692, 10.6108078], [-66.8548692, 10.6086004]]]}, "properties": {"cellId": "pilot_r042_c118", "coveredByAois": ["emsr884-aoi12-caraballeda", "external-msft-caraballeda-east-predicted-damage"], "stackStatus": "post_event_only", "firstVisibleAcquisitionUtc": "2026-06-29T14:09:55Z", "hoursAfterEvent": 112.09, "timeWindow": "72h_7d", "evidenceTier": "contested_positive_with_detector_delta", "consensus": "positive_uncertain_disagreement", "priorityScore": 150, "assetCategories": ["collection_or_staging", "temporary_shelter", "trucks_or_large_vehicles"], "cropPairIds": [], "publicationStatus": "ai-triage-native-review-required", "arrivalInterpretation": "This acquisition provides an earliest visible bound within the available imagery, not the actual arrival time of assistance."}}, {"type": "Feature", "id": "pilot_r041_c108", "geometry": {"type": "Polygon", "coordinates": [[[-66.8773271, 10.606393], [-66.8750813, 10.606393], [-66.8750813, 10.6086004], [-66.8773271, 10.6086004], [-66.8773271, 10.606393]]]}, "properties": {"cellId": "pilot_r041_c108", "coveredByAois": ["emsr884-aoi12-caraballeda", "external-msft-la-guaira-east-predicted-damage"], "stackStatus": "post_event_only", "firstVisibleAcquisitionUtc": "2026-06-29T14:09:55Z", "hoursAfterEvent": 112.09, "timeWindow": "72h_7d", "evidenceTier": "cross_model_positive", "consensus": "both_positive", "priorityScore": 145, "assetCategories": ["heavy_machinery", "temporary_shelter"], "cropPairIds": [], "publicationStatus": "ai-triage-native-review-required", "arrivalInterpretation": "This acquisition provides an earliest visible bound within the available imagery, not the actual arrival time of assistance."}}, {"type": "Feature", "id": "pilot_r043_c109", "geometry": {"type": "Polygon", "coordinates": [[[-66.8750813, 10.6108078], [-66.8728355, 10.6108078], [-66.8728355, 10.6130152], [-66.8750813, 10.6130152], [-66.8750813, 10.6108078]]]}, "properties": {"cellId": "pilot_r043_c109", "coveredByAois": ["emsr884-aoi12-caraballeda", "external-msft-la-guaira-east-predicted-damage"], "stackStatus": "post_event_only", "firstVisibleAcquisitionUtc": "2026-06-29T14:09:55Z", "hoursAfterEvent": 112.09, "timeWindow": "72h_7d", "evidenceTier": "cross_model_positive", "consensus": "both_positive", "priorityScore": 140, "assetCategories": ["collection_or_staging", "temporary_shelter", "trucks_or_large_vehicles"], "cropPairIds": [], "publicationStatus": "ai-triage-native-review-required", "arrivalInterpretation": "This acquisition provides an earliest visible bound within the available imagery, not the actual arrival time of assistance."}}, {"type": "Feature", "id": "pilot_r044_c122", "geometry": {"type": "Polygon", "coordinates": [[[-66.8458861, 10.6130152], [-66.8436403, 10.6130152], [-66.8436403, 10.6152225], [-66.8458861, 10.6152225], [-66.8458861, 10.6130152]]]}, "properties": {"cellId": "pilot_r044_c122", "coveredByAois": ["emsr884-aoi12-caraballeda", "external-msft-caraballeda-east-predicted-damage"], "stackStatus": "before_after", "firstVisibleAcquisitionUtc": "2026-06-29T14:09:55Z", "hoursAfterEvent": 112.09, "timeWindow": "72h_7d", "evidenceTier": "cross_model_positive", "consensus": "both_positive", "priorityScore": 140, "assetCategories": ["collection_or_staging", "debris_clearance", "temporary_shelter", "trucks_or_large_vehicles"], "cropPairIds": [], "publicationStatus": "ai-triage-native-review-required", "arrivalInterpretation": "This acquisition provides an earliest visible bound within the available imagery, not the actual arrival time of assistance."}}, {"type": "Feature", "id": "pilot_r044_c115", "geometry": {"type": "Polygon", "coordinates": [[[-66.8616066, 10.6130152], [-66.8593608, 10.6130152], [-66.8593608, 10.6152225], [-66.8616066, 10.6152225], [-66.8616066, 10.6130152]]]}, "properties": {"cellId": "pilot_r044_c115", "coveredByAois": ["emsr884-aoi12-caraballeda", "external-msft-caraballeda-east-predicted-damage", "external-msft-la-guaira-east-predicted-damage"], "stackStatus": "post_event_only", "firstVisibleAcquisitionUtc": "2026-06-29T14:09:55Z", "hoursAfterEvent": 112.09, "timeWindow": "72h_7d", "evidenceTier": "contested_positive", "consensus": "positive_negative_disagreement", "priorityScore": 135, "assetCategories": ["debris_clearance", "heavy_machinery"], "cropPairIds": [], "publicationStatus": "ai-triage-native-review-required", "arrivalInterpretation": "This acquisition provides an earliest visible bound within the available imagery, not the actual arrival time of assistance."}}, {"type": "Feature", "id": "pilot_r043_c113", "geometry": {"type": "Polygon", "coordinates": [[[-66.8660982, 10.6108078], [-66.8638524, 10.6108078], [-66.8638524, 10.6130152], [-66.8660982, 10.6130152], [-66.8660982, 10.6108078]]]}, "properties": {"cellId": "pilot_r043_c113", "coveredByAois": ["emsr884-aoi12-caraballeda", "external-msft-caraballeda-east-predicted-damage", "external-msft-la-guaira-east-predicted-damage"], "stackStatus": "post_event_only", "firstVisibleAcquisitionUtc": "2026-06-29T14:09:55Z", "hoursAfterEvent": 112.09, "timeWindow": "72h_7d", "evidenceTier": "contested_positive_with_detector_delta", "consensus": "positive_uncertain_disagreement", "priorityScore": 130, "assetCategories": ["debris_clearance", "temporary_shelter"], "cropPairIds": [], "publicationStatus": "ai-triage-native-review-required", "arrivalInterpretation": "This acquisition provides an earliest visible bound within the available imagery, not the actual arrival time of assistance."}}, {"type": "Feature", "id": "pilot_r043_c117", "geometry": {"type": "Polygon", "coordinates": [[[-66.857115, 10.6108078], [-66.8548692, 10.6108078], [-66.8548692, 10.6130152], [-66.857115, 10.6130152], [-66.857115, 10.6108078]]]}, "properties": {"cellId": "pilot_r043_c117", "coveredByAois": ["emsr884-aoi12-caraballeda", "external-msft-caraballeda-east-predicted-damage", "external-msft-la-guaira-east-predicted-damage"], "stackStatus": "post_event_only", "firstVisibleAcquisitionUtc": "2026-06-29T14:09:55Z", "hoursAfterEvent": 112.09, "timeWindow": "72h_7d", "evidenceTier": "contested_positive_with_detector_delta", "consensus": "positive_uncertain_disagreement", "priorityScore": 130, "assetCategories": ["debris_clearance", "temporary_shelter"], "cropPairIds": [], "publicationStatus": "ai-triage-native-review-required", "arrivalInterpretation": "This acquisition provides an earliest visible bound within the available imagery, not the actual arrival time of assistance."}}, {"type": "Feature", "id": "pilot_r044_c114", "geometry": {"type": "Polygon", "coordinates": [[[-66.8638524, 10.6130152], [-66.8616066, 10.6130152], [-66.8616066, 10.6152225], [-66.8638524, 10.6152225], [-66.8638524, 10.6130152]]]}, "properties": {"cellId": "pilot_r044_c114", "coveredByAois": ["emsr884-aoi12-caraballeda", "external-msft-caraballeda-east-predicted-damage", "external-msft-la-guaira-east-predicted-damage"], "stackStatus": "post_event_only", "firstVisibleAcquisitionUtc": "2026-06-29T14:09:55Z", "hoursAfterEvent": 112.09, "timeWindow": "72h_7d", "evidenceTier": "contested_positive_with_detector_delta", "consensus": "positive_negative_disagreement", "priorityScore": 130, "assetCategories": ["collection_or_staging", "temporary_shelter"], "cropPairIds": [], "publicationStatus": "ai-triage-native-review-required", "arrivalInterpretation": "This acquisition provides an earliest visible bound within the available imagery, not the actual arrival time of assistance."}}, {"type": "Feature", "id": "pilot_r039_c085", "geometry": {"type": "Polygon", "coordinates": [[[-66.9289803, 10.6019781], [-66.9267345, 10.6019781], [-66.9267345, 10.6041855], [-66.9289803, 10.6041855], [-66.9289803, 10.6019781]]]}, "properties": {"cellId": "pilot_r039_c085", "coveredByAois": ["emsr884-aoi12-caraballeda"], "stackStatus": "before_after", "firstVisibleAcquisitionUtc": "2026-06-29T14:09:55Z", "hoursAfterEvent": 112.09, "timeWindow": "72h_7d", "evidenceTier": "cross_model_positive", "consensus": "both_positive", "priorityScore": 120, "assetCategories": ["collection_or_staging", "temporary_shelter"], "cropPairIds": [], "publicationStatus": "ai-triage-native-review-required", "arrivalInterpretation": "This acquisition provides an earliest visible bound within the available imagery, not the actual arrival time of assistance."}}, {"type": "Feature", "id": "pilot_r042_c117", "geometry": {"type": "Polygon", "coordinates": [[[-66.857115, 10.6086004], [-66.8548692, 10.6086004], [-66.8548692, 10.6108078], [-66.857115, 10.6108078], [-66.857115, 10.6086004]]]}, "properties": {"cellId": "pilot_r042_c117", "coveredByAois": ["emsr884-aoi12-caraballeda", "external-msft-caraballeda-east-predicted-damage", "external-msft-la-guaira-east-predicted-damage"], "stackStatus": "post_event_only", "firstVisibleAcquisitionUtc": "2026-06-29T14:09:55Z", "hoursAfterEvent": 112.09, "timeWindow": "72h_7d", "evidenceTier": "contested_positive", "consensus": "positive_negative_disagreement", "priorityScore": 120, "assetCategories": ["collection_or_staging", "debris_clearance", "heavy_machinery", "temporary_shelter"], "cropPairIds": [], "publicationStatus": "ai-triage-native-review-required", "arrivalInterpretation": "This acquisition provides an earliest visible bound within the available imagery, not the actual arrival time of assistance."}}, {"type": "Feature", "id": "pilot_r038_c078", "geometry": {"type": "Polygon", "coordinates": [[[-66.9447008, 10.5997706], [-66.942455, 10.5997706], [-66.942455, 10.6019781], [-66.9447008, 10.6019781], [-66.9447008, 10.5997706]]]}, "properties": {"cellId": "pilot_r038_c078", "coveredByAois": ["emsr884-aoi12-caraballeda"], "stackStatus": "before_after", "firstVisibleAcquisitionUtc": "2026-06-29T14:09:55Z", "hoursAfterEvent": 112.09, "timeWindow": "72h_7d", "evidenceTier": "contested_positive", "consensus": "positive_negative_disagreement", "priorityScore": 95, "assetCategories": ["collection_or_staging"], "cropPairIds": [], "publicationStatus": "ai-triage-native-review-required", "arrivalInterpretation": "This acquisition provides an earliest visible bound within the available imagery, not the actual arrival time of assistance."}}, {"type": "Feature", "id": "pilot_r041_c115", "geometry": {"type": "Polygon", "coordinates": [[[-66.8616066, 10.606393], [-66.8593608, 10.606393], [-66.8593608, 10.6086004], [-66.8616066, 10.6086004], [-66.8616066, 10.606393]]]}, "properties": {"cellId": "pilot_r041_c115", "coveredByAois": ["emsr884-aoi12-caraballeda", "external-msft-caraballeda-east-predicted-damage", "external-msft-la-guaira-east-predicted-damage"], "stackStatus": "post_event_only", "firstVisibleAcquisitionUtc": "2026-06-29T14:09:55Z", "hoursAfterEvent": 112.09, "timeWindow": "72h_7d", "evidenceTier": "contested_positive", "consensus": "positive_negative_disagreement", "priorityScore": 95, "assetCategories": ["temporary_shelter"], "cropPairIds": [], "publicationStatus": "ai-triage-native-review-required", "arrivalInterpretation": "This acquisition provides an earliest visible bound within the available imagery, not the actual arrival time of assistance."}}, {"type": "Feature", "id": "pilot_r040_c118", "geometry": {"type": "Polygon", "coordinates": [[[-66.8548692, 10.6041855], [-66.8526235, 10.6041855], [-66.8526235, 10.606393], [-66.8548692, 10.606393], [-66.8548692, 10.6041855]]]}, "properties": {"cellId": "pilot_r040_c118", "coveredByAois": ["emsr884-aoi12-caraballeda", "external-msft-caraballeda-east-predicted-damage"], "stackStatus": "post_event_only", "firstVisibleAcquisitionUtc": "2026-06-29T14:09:55Z", "hoursAfterEvent": 112.09, "timeWindow": "72h_7d", "evidenceTier": "contested_positive", "consensus": "positive_negative_disagreement", "priorityScore": 75, "assetCategories": [], "cropPairIds": [], "publicationStatus": "ai-triage-native-review-required", "arrivalInterpretation": "This acquisition provides an earliest visible bound within the available imagery, not the actual arrival time of assistance."}}, {"type": "Feature", "id": "pilot_r042_c114", "geometry": {"type": "Polygon", "coordinates": [[[-66.8638524, 10.6086004], [-66.8616066, 10.6086004], [-66.8616066, 10.6108078], [-66.8638524, 10.6108078], [-66.8638524, 10.6086004]]]}, "properties": {"cellId": "pilot_r042_c114", "coveredByAois": ["emsr884-aoi12-caraballeda", "external-msft-caraballeda-east-predicted-damage", "external-msft-la-guaira-east-predicted-damage"], "stackStatus": "post_event_only", "firstVisibleAcquisitionUtc": "2026-06-29T14:09:55Z", "hoursAfterEvent": 112.09, "timeWindow": "72h_7d", "evidenceTier": "contested_positive", "consensus": "positive_negative_disagreement", "priorityScore": 75, "assetCategories": ["debris_clearance"], "cropPairIds": [], "publicationStatus": "ai-triage-native-review-required", "arrivalInterpretation": "This acquisition provides an earliest visible bound within the available imagery, not the actual arrival time of assistance."}}, {"type": "Feature", "id": "pilot_r028_c018", "geometry": {"type": "Polygon", "coordinates": [[[-67.0794481, 10.5776952], [-67.0772023, 10.5776952], [-67.0772023, 10.5799028], [-67.0794481, 10.5799028], [-67.0794481, 10.5776952]]]}, "properties": {"cellId": "pilot_r028_c018", "coveredByAois": ["emsr884-aoi12-caraballeda", "external-msft-catia-la-mar-predicted-damage"], "stackStatus": "post_event_only", "firstVisibleAcquisitionUtc": "2026-06-29T14:10:16.249659Z", "hoursAfterEvent": 112.1, "timeWindow": "72h_7d", "evidenceTier": "contested_positive", "consensus": "positive_uncertain_disagreement", "priorityScore": 150, "assetCategories": ["debris_clearance", "temporary_shelter", "trucks_or_large_vehicles"], "cropPairIds": [], "publicationStatus": "ai-triage-native-review-required", "arrivalInterpretation": "This acquisition provides an earliest visible bound within the available imagery, not the actual arrival time of assistance."}}, {"type": "Feature", "id": "pilot_r037_c050", "geometry": {"type": "Polygon", "coordinates": [[[-67.0075828, 10.5975632], [-67.0053371, 10.5975632], [-67.0053371, 10.5997706], [-67.0075828, 10.5997706], [-67.0075828, 10.5975632]]]}, "properties": {"cellId": "pilot_r037_c050", "coveredByAois": ["emsr884-aoi12-caraballeda", "external-msft-catia-la-mar-predicted-damage", "external-msft-catia-la-mar-east-predicted-damage"], "stackStatus": "before_after", "firstVisibleAcquisitionUtc": "2026-06-29T14:10:16.249659Z", "hoursAfterEvent": 112.1, "timeWindow": "72h_7d", "evidenceTier": "contested_positive", "consensus": "positive_negative_disagreement", "priorityScore": 110, "assetCategories": [], "cropPairIds": [], "publicationStatus": "ai-triage-native-review-required", "arrivalInterpretation": "This acquisition provides an earliest visible bound within the available imagery, not the actual arrival time of assistance."}}, {"type": "Feature", "id": "pilot_r038_c050", "geometry": {"type": "Polygon", "coordinates": [[[-67.0075828, 10.5997706], [-67.0053371, 10.5997706], [-67.0053371, 10.6019781], [-67.0075828, 10.6019781], [-67.0075828, 10.5997706]]]}, "properties": {"cellId": "pilot_r038_c050", "coveredByAois": ["emsr884-aoi12-caraballeda", "external-msft-catia-la-mar-predicted-damage", "external-msft-catia-la-mar-east-predicted-damage"], "stackStatus": "before_after", "firstVisibleAcquisitionUtc": "2026-06-29T14:10:16.249659Z", "hoursAfterEvent": 112.1, "timeWindow": "72h_7d", "evidenceTier": "cross_model_positive_with_detector_delta", "consensus": "both_positive", "priorityScore": 100, "assetCategories": [], "cropPairIds": [], "publicationStatus": "ai-triage-native-review-required", "arrivalInterpretation": "This acquisition provides an earliest visible bound within the available imagery, not the actual arrival time of assistance."}}, {"type": "Feature", "id": "pilot_r017_c014", "geometry": {"type": "Polygon", "coordinates": [[[-67.0884312, 10.5534103], [-67.0861854, 10.5534103], [-67.0861854, 10.5556181], [-67.0884312, 10.5556181], [-67.0884312, 10.5534103]]]}, "properties": {"cellId": "pilot_r017_c014", "coveredByAois": ["external-msft-catia-la-mar-predicted-damage"], "stackStatus": "before_after", "firstVisibleAcquisitionUtc": "2026-06-29T14:10:16.249659Z", "hoursAfterEvent": 112.1, "timeWindow": "72h_7d", "evidenceTier": "contested_positive", "consensus": "positive_uncertain_disagreement", "priorityScore": 95, "assetCategories": ["collection_or_staging"], "cropPairIds": [], "publicationStatus": "ai-triage-native-review-required", "arrivalInterpretation": "This acquisition provides an earliest visible bound within the available imagery, not the actual arrival time of assistance."}}, {"type": "Feature", "id": "pilot_r031_c035", "geometry": {"type": "Polygon", "coordinates": [[[-67.0412697, 10.584318], [-67.0390239, 10.584318], [-67.0390239, 10.5865256], [-67.0412697, 10.5865256], [-67.0412697, 10.584318]]]}, "properties": {"cellId": "pilot_r031_c035", "coveredByAois": ["external-msft-catia-la-mar-predicted-damage"], "stackStatus": "before_after", "firstVisibleAcquisitionUtc": "2026-06-29T14:10:16.249659Z", "hoursAfterEvent": 112.1, "timeWindow": "72h_7d", "evidenceTier": "contested_positive", "consensus": "positive_negative_disagreement", "priorityScore": 75, "assetCategories": [], "cropPairIds": [], "publicationStatus": "ai-triage-native-review-required", "arrivalInterpretation": "This acquisition provides an earliest visible bound within the available imagery, not the actual arrival time of assistance."}}, {"type": "Feature", "id": "pilot_r037_c030", "geometry": {"type": "Polygon", "coordinates": [[[-67.0524986, 10.5975632], [-67.0502528, 10.5975632], [-67.0502528, 10.5997706], [-67.0524986, 10.5997706], [-67.0524986, 10.5975632]]]}, "properties": {"cellId": "pilot_r037_c030", "coveredByAois": ["external-msft-catia-la-mar-predicted-damage"], "stackStatus": "before_after", "firstVisibleAcquisitionUtc": "2026-06-29T14:10:16.249659Z", "hoursAfterEvent": 112.1, "timeWindow": "72h_7d", "evidenceTier": "contested_positive", "consensus": "positive_negative_disagreement", "priorityScore": 75, "assetCategories": [], "cropPairIds": [], "publicationStatus": "ai-triage-native-review-required", "arrivalInterpretation": "This acquisition provides an earliest visible bound within the available imagery, not the actual arrival time of assistance."}}, {"type": "Feature", "id": "pilot_r041_c054", "geometry": {"type": "Polygon", "coordinates": [[[-66.9985997, 10.606393], [-66.9963539, 10.606393], [-66.9963539, 10.6086004], [-66.9985997, 10.6086004], [-66.9985997, 10.606393]]]}, "properties": {"cellId": "pilot_r041_c054", "coveredByAois": ["emsr884-aoi12-caraballeda", "external-msft-catia-la-mar-predicted-damage", "external-msft-catia-la-mar-east-predicted-damage"], "stackStatus": "before_after", "firstVisibleAcquisitionUtc": "2026-06-29T14:10:16.249659Z", "hoursAfterEvent": 112.1, "timeWindow": "72h_7d", "evidenceTier": "contested_positive_with_detector_delta", "consensus": "positive_negative_disagreement", "priorityScore": 75, "assetCategories": ["debris_clearance"], "cropPairIds": [], "publicationStatus": "ai-triage-native-review-required", "arrivalInterpretation": "This acquisition provides an earliest visible bound within the available imagery, not the actual arrival time of assistance."}}, {"type": "Feature", "id": "pilot_r029_c028", "geometry": {"type": "Polygon", "coordinates": [[[-67.0569902, 10.5799028], [-67.0547444, 10.5799028], [-67.0547444, 10.5821104], [-67.0569902, 10.5821104], [-67.0569902, 10.5799028]]]}, "properties": {"cellId": "pilot_r029_c028", "coveredByAois": ["emsr884-aoi12-caraballeda", "external-msft-catia-la-mar-predicted-damage"], "stackStatus": "post_event_only", "firstVisibleAcquisitionUtc": "2026-07-05T15:05:00Z", "hoursAfterEvent": 257.01, "timeWindow": "after_7d", "evidenceTier": "contested_positive", "consensus": "positive_negative_disagreement", "priorityScore": 130, "assetCategories": ["collection_or_staging", "temporary_shelter"], "cropPairIds": [], "publicationStatus": "ai-triage-native-review-required", "arrivalInterpretation": "This acquisition provides an earliest visible bound within the available imagery, not the actual arrival time of assistance."}}, {"type": "Feature", "id": "pilot_r037_c039", "geometry": {"type": "Polygon", "coordinates": [[[-67.0322865, 10.5975632], [-67.0300407, 10.5975632], [-67.0300407, 10.5997706], [-67.0322865, 10.5997706], [-67.0322865, 10.5975632]]]}, "properties": {"cellId": "pilot_r037_c039", "coveredByAois": ["emsr884-aoi12-caraballeda", "external-msft-catia-la-mar-predicted-damage", "external-msft-catia-la-mar-east-predicted-damage"], "stackStatus": "before_after", "firstVisibleAcquisitionUtc": "2026-07-05T15:05:00Z", "hoursAfterEvent": 257.01, "timeWindow": "after_7d", "evidenceTier": "cross_model_positive", "consensus": "both_positive", "priorityScore": 120, "assetCategories": ["collection_or_staging", "temporary_shelter"], "cropPairIds": [], "publicationStatus": "ai-triage-native-review-required", "arrivalInterpretation": "This acquisition provides an earliest visible bound within the available imagery, not the actual arrival time of assistance."}}, {"type": "Feature", "id": "pilot_r032_c018", "geometry": {"type": "Polygon", "coordinates": [[[-67.0794481, 10.5865256], [-67.0772023, 10.5865256], [-67.0772023, 10.5887331], [-67.0794481, 10.5887331], [-67.0794481, 10.5865256]]]}, "properties": {"cellId": "pilot_r032_c018", "coveredByAois": ["emsr884-aoi12-caraballeda", "external-msft-catia-la-mar-predicted-damage"], "stackStatus": "before_after", "firstVisibleAcquisitionUtc": null, "hoursAfterEvent": null, "timeWindow": "undated", "evidenceTier": "contested_positive", "consensus": "positive_negative_disagreement", "priorityScore": 150, "assetCategories": ["temporary_shelter", "trucks_or_large_vehicles"], "cropPairIds": [], "publicationStatus": "ai-triage-native-review-required", "arrivalInterpretation": "This acquisition provides an earliest visible bound within the available imagery, not the actual arrival time of assistance."}}, {"type": "Feature", "id": "pilot_r035_c046", "geometry": {"type": "Polygon", "coordinates": [[[-67.016566, 10.5931482], [-67.0143202, 10.5931482], [-67.0143202, 10.5953557], [-67.016566, 10.5953557], [-67.016566, 10.5931482]]]}, "properties": {"cellId": "pilot_r035_c046", "coveredByAois": ["external-msft-catia-la-mar-predicted-damage", "external-msft-catia-la-mar-east-predicted-damage"], "stackStatus": "before_after", "firstVisibleAcquisitionUtc": null, "hoursAfterEvent": null, "timeWindow": "undated", "evidenceTier": "contested_positive", "consensus": "positive_negative_disagreement", "priorityScore": 150, "assetCategories": ["temporary_shelter", "trucks_or_large_vehicles"], "cropPairIds": [], "publicationStatus": "ai-triage-native-review-required", "arrivalInterpretation": "This acquisition provides an earliest visible bound within the available imagery, not the actual arrival time of assistance."}}, {"type": "Feature", "id": "pilot_r037_c063", "geometry": {"type": "Polygon", "coordinates": [[[-66.9783876, 10.5975632], [-66.9761418, 10.5975632], [-66.9761418, 10.5997706], [-66.9783876, 10.5997706], [-66.9783876, 10.5975632]]]}, "properties": {"cellId": "pilot_r037_c063", "coveredByAois": ["external-msft-catia-la-mar-east-predicted-damage"], "stackStatus": "before_after", "firstVisibleAcquisitionUtc": null, "hoursAfterEvent": null, "timeWindow": "undated", "evidenceTier": "contested_positive", "consensus": "positive_negative_disagreement", "priorityScore": 135, "assetCategories": ["collection_or_staging", "trucks_or_large_vehicles"], "cropPairIds": [], "publicationStatus": "ai-triage-native-review-required", "arrivalInterpretation": "This acquisition provides an earliest visible bound within the available imagery, not the actual arrival time of assistance."}}, {"type": "Feature", "id": "pilot_r021_c018", "geometry": {"type": "Polygon", "coordinates": [[[-67.0794481, 10.5622414], [-67.0772023, 10.5622414], [-67.0772023, 10.5644492], [-67.0794481, 10.5644492], [-67.0794481, 10.5622414]]]}, "properties": {"cellId": "pilot_r021_c018", "coveredByAois": ["external-msft-catia-la-mar-predicted-damage"], "stackStatus": "before_after", "firstVisibleAcquisitionUtc": null, "hoursAfterEvent": null, "timeWindow": "undated", "evidenceTier": "contested_positive", "consensus": "positive_uncertain_disagreement", "priorityScore": 130, "assetCategories": ["debris_clearance", "temporary_shelter"], "cropPairIds": [], "publicationStatus": "ai-triage-native-review-required", "arrivalInterpretation": "This acquisition provides an earliest visible bound within the available imagery, not the actual arrival time of assistance."}}, {"type": "Feature", "id": "pilot_r024_c043", "geometry": {"type": "Polygon", "coordinates": [[[-67.0233034, 10.5688646], [-67.0210576, 10.5688646], [-67.0210576, 10.5710722], [-67.0233034, 10.5710722], [-67.0233034, 10.5688646]]]}, "properties": {"cellId": "pilot_r024_c043", "coveredByAois": ["external-msft-catia-la-mar-predicted-damage", "external-msft-catia-la-mar-east-predicted-damage"], "stackStatus": "before_after", "firstVisibleAcquisitionUtc": null, "hoursAfterEvent": null, "timeWindow": "undated", "evidenceTier": "contested_positive", "consensus": "positive_negative_disagreement", "priorityScore": 130, "assetCategories": ["temporary_shelter"], "cropPairIds": [], "publicationStatus": "ai-triage-native-review-required", "arrivalInterpretation": "This acquisition provides an earliest visible bound within the available imagery, not the actual arrival time of assistance."}}, {"type": "Feature", "id": "pilot_r033_c034", "geometry": {"type": "Polygon", "coordinates": [[[-67.0435155, 10.5887331], [-67.0412697, 10.5887331], [-67.0412697, 10.5909407], [-67.0435155, 10.5909407], [-67.0435155, 10.5887331]]]}, "properties": {"cellId": "pilot_r033_c034", "coveredByAois": ["emsr884-aoi12-caraballeda", "external-msft-catia-la-mar-predicted-damage"], "stackStatus": "before_after", "firstVisibleAcquisitionUtc": null, "hoursAfterEvent": null, "timeWindow": "undated", "evidenceTier": "contested_positive", "consensus": "positive_negative_disagreement", "priorityScore": 130, "assetCategories": ["temporary_shelter"], "cropPairIds": [], "publicationStatus": "ai-triage-native-review-required", "arrivalInterpretation": "This acquisition provides an earliest visible bound within the available imagery, not the actual arrival time of assistance."}}, {"type": "Feature", "id": "pilot_r033_c051", "geometry": {"type": "Polygon", "coordinates": [[[-67.0053371, 10.5887331], [-67.0030913, 10.5887331], [-67.0030913, 10.5909407], [-67.0053371, 10.5909407], [-67.0053371, 10.5887331]]]}, "properties": {"cellId": "pilot_r033_c051", "coveredByAois": ["external-msft-catia-la-mar-predicted-damage", "external-msft-catia-la-mar-east-predicted-damage"], "stackStatus": "before_after", "firstVisibleAcquisitionUtc": null, "hoursAfterEvent": null, "timeWindow": "undated", "evidenceTier": "contested_positive", "consensus": "positive_negative_disagreement", "priorityScore": 130, "assetCategories": ["temporary_shelter"], "cropPairIds": [], "publicationStatus": "ai-triage-native-review-required", "arrivalInterpretation": "This acquisition provides an earliest visible bound within the available imagery, not the actual arrival time of assistance."}}, {"type": "Feature", "id": "pilot_r034_c028", "geometry": {"type": "Polygon", "coordinates": [[[-67.0569902, 10.5909407], [-67.0547444, 10.5909407], [-67.0547444, 10.5931482], [-67.0569902, 10.5931482], [-67.0569902, 10.5909407]]]}, "properties": {"cellId": "pilot_r034_c028", "coveredByAois": ["emsr884-aoi12-caraballeda", "external-msft-catia-la-mar-predicted-damage"], "stackStatus": "before_after", "firstVisibleAcquisitionUtc": null, "hoursAfterEvent": null, "timeWindow": "undated", "evidenceTier": "contested_positive", "consensus": "positive_negative_disagreement", "priorityScore": 130, "assetCategories": ["trucks_or_large_vehicles"], "cropPairIds": [], "publicationStatus": "ai-triage-native-review-required", "arrivalInterpretation": "This acquisition provides an earliest visible bound within the available imagery, not the actual arrival time of assistance."}}, {"type": "Feature", "id": "pilot_r034_c051", "geometry": {"type": "Polygon", "coordinates": [[[-67.0053371, 10.5909407], [-67.0030913, 10.5909407], [-67.0030913, 10.5931482], [-67.0053371, 10.5931482], [-67.0053371, 10.5909407]]]}, "properties": {"cellId": "pilot_r034_c051", "coveredByAois": ["external-msft-catia-la-mar-predicted-damage", "external-msft-catia-la-mar-east-predicted-damage"], "stackStatus": "before_after", "firstVisibleAcquisitionUtc": null, "hoursAfterEvent": null, "timeWindow": "undated", "evidenceTier": "contested_positive", "consensus": "positive_negative_disagreement", "priorityScore": 130, "assetCategories": ["temporary_shelter"], "cropPairIds": [], "publicationStatus": "ai-triage-native-review-required", "arrivalInterpretation": "This acquisition provides an earliest visible bound within the available imagery, not the actual arrival time of assistance."}}, {"type": "Feature", "id": "pilot_r036_c050", "geometry": {"type": "Polygon", "coordinates": [[[-67.0075828, 10.5953557], [-67.0053371, 10.5953557], [-67.0053371, 10.5975632], [-67.0075828, 10.5975632], [-67.0075828, 10.5953557]]]}, "properties": {"cellId": "pilot_r036_c050", "coveredByAois": ["external-msft-catia-la-mar-predicted-damage", "external-msft-catia-la-mar-east-predicted-damage"], "stackStatus": "before_after", "firstVisibleAcquisitionUtc": null, "hoursAfterEvent": null, "timeWindow": "undated", "evidenceTier": "contested_positive", "consensus": "positive_negative_disagreement", "priorityScore": 130, "assetCategories": ["temporary_shelter"], "cropPairIds": [], "publicationStatus": "ai-triage-native-review-required", "arrivalInterpretation": "This acquisition provides an earliest visible bound within the available imagery, not the actual arrival time of assistance."}}, {"type": "Feature", "id": "pilot_r036_c074", "geometry": {"type": "Polygon", "coordinates": [[[-66.9536839, 10.5953557], [-66.9514381, 10.5953557], [-66.9514381, 10.5975632], [-66.9536839, 10.5975632], [-66.9536839, 10.5953557]]]}, "properties": {"cellId": "pilot_r036_c074", "coveredByAois": ["external-msft-catia-la-mar-east-predicted-damage"], "stackStatus": "before_after", "firstVisibleAcquisitionUtc": null, "hoursAfterEvent": null, "timeWindow": "undated", "evidenceTier": "contested_positive", "consensus": "positive_negative_disagreement", "priorityScore": 130, "assetCategories": ["temporary_shelter"], "cropPairIds": [], "publicationStatus": "ai-triage-native-review-required", "arrivalInterpretation": "This acquisition provides an earliest visible bound within the available imagery, not the actual arrival time of assistance."}}, {"type": "Feature", "id": "pilot_r038_c069", "geometry": {"type": "Polygon", "coordinates": [[[-66.9649129, 10.5997706], [-66.9626671, 10.5997706], [-66.9626671, 10.6019781], [-66.9649129, 10.6019781], [-66.9649129, 10.5997706]]]}, "properties": {"cellId": "pilot_r038_c069", "coveredByAois": ["external-msft-catia-la-mar-east-predicted-damage"], "stackStatus": "before_after", "firstVisibleAcquisitionUtc": null, "hoursAfterEvent": null, "timeWindow": "undated", "evidenceTier": "contested_positive", "consensus": "positive_negative_disagreement", "priorityScore": 130, "assetCategories": ["collection_or_staging", "debris_clearance"], "cropPairIds": [], "publicationStatus": "ai-triage-native-review-required", "arrivalInterpretation": "This acquisition provides an earliest visible bound within the available imagery, not the actual arrival time of assistance."}}, {"type": "Feature", "id": "pilot_r040_c038", "geometry": {"type": "Polygon", "coordinates": [[[-67.0345323, 10.6041855], [-67.0322865, 10.6041855], [-67.0322865, 10.606393], [-67.0345323, 10.606393], [-67.0345323, 10.6041855]]]}, "properties": {"cellId": "pilot_r040_c038", "coveredByAois": ["emsr884-aoi12-caraballeda", "external-msft-catia-la-mar-predicted-damage", "external-msft-catia-la-mar-east-predicted-damage"], "stackStatus": "before_after", "firstVisibleAcquisitionUtc": null, "hoursAfterEvent": null, "timeWindow": "undated", "evidenceTier": "contested_positive", "consensus": "positive_negative_disagreement", "priorityScore": 130, "assetCategories": ["collection_or_staging", "temporary_shelter"], "cropPairIds": [], "publicationStatus": "ai-triage-native-review-required", "arrivalInterpretation": "This acquisition provides an earliest visible bound within the available imagery, not the actual arrival time of assistance."}}, {"type": "Feature", "id": "pilot_r042_c129", "geometry": {"type": "Polygon", "coordinates": [[[-66.8301656, 10.6086004], [-66.8279198, 10.6086004], [-66.8279198, 10.6108078], [-66.8301656, 10.6108078], [-66.8301656, 10.6086004]]]}, "properties": {"cellId": "pilot_r042_c129", "coveredByAois": ["emsr884-aoi12-caraballeda", "external-msft-caraballeda-east-predicted-damage"], "stackStatus": "before_after", "firstVisibleAcquisitionUtc": null, "hoursAfterEvent": null, "timeWindow": "undated", "evidenceTier": "contested_positive", "consensus": "positive_negative_disagreement", "priorityScore": 130, "assetCategories": ["temporary_shelter"], "cropPairIds": [], "publicationStatus": "ai-triage-native-review-required", "arrivalInterpretation": "This acquisition provides an earliest visible bound within the available imagery, not the actual arrival time of assistance."}}, {"type": "Feature", "id": "pilot_r043_c050", "geometry": {"type": "Polygon", "coordinates": [[[-67.0075828, 10.6108078], [-67.0053371, 10.6108078], [-67.0053371, 10.6130152], [-67.0075828, 10.6130152], [-67.0075828, 10.6108078]]]}, "properties": {"cellId": "pilot_r043_c050", "coveredByAois": ["emsr884-aoi12-caraballeda", "external-msft-catia-la-mar-predicted-damage", "external-msft-catia-la-mar-east-predicted-damage"], "stackStatus": "before_after", "firstVisibleAcquisitionUtc": null, "hoursAfterEvent": null, "timeWindow": "undated", "evidenceTier": "contested_positive", "consensus": "positive_negative_disagreement", "priorityScore": 130, "assetCategories": ["trucks_or_large_vehicles"], "cropPairIds": [], "publicationStatus": "ai-triage-native-review-required", "arrivalInterpretation": "This acquisition provides an earliest visible bound within the available imagery, not the actual arrival time of assistance."}}, {"type": "Feature", "id": "pilot_r030_c044", "geometry": {"type": "Polygon", "coordinates": [[[-67.0210576, 10.5821104], [-67.0188118, 10.5821104], [-67.0188118, 10.584318], [-67.0210576, 10.584318], [-67.0210576, 10.5821104]]]}, "properties": {"cellId": "pilot_r030_c044", "coveredByAois": ["external-msft-catia-la-mar-predicted-damage", "external-msft-catia-la-mar-east-predicted-damage"], "stackStatus": "before_after", "firstVisibleAcquisitionUtc": null, "hoursAfterEvent": null, "timeWindow": "undated", "evidenceTier": "contested_positive", "consensus": "positive_negative_disagreement", "priorityScore": 115, "assetCategories": ["temporary_shelter"], "cropPairIds": [], "publicationStatus": "ai-triage-native-review-required", "arrivalInterpretation": "This acquisition provides an earliest visible bound within the available imagery, not the actual arrival time of assistance."}}, {"type": "Feature", "id": "pilot_r035_c066", "geometry": {"type": "Polygon", "coordinates": [[[-66.9716502, 10.5931482], [-66.9694044, 10.5931482], [-66.9694044, 10.5953557], [-66.9716502, 10.5953557], [-66.9716502, 10.5931482]]]}, "properties": {"cellId": "pilot_r035_c066", "coveredByAois": ["external-msft-catia-la-mar-east-predicted-damage"], "stackStatus": "before_after", "firstVisibleAcquisitionUtc": null, "hoursAfterEvent": null, "timeWindow": "undated", "evidenceTier": "contested_positive", "consensus": "positive_negative_disagreement", "priorityScore": 115, "assetCategories": ["collection_or_staging"], "cropPairIds": [], "publicationStatus": "ai-triage-native-review-required", "arrivalInterpretation": "This acquisition provides an earliest visible bound within the available imagery, not the actual arrival time of assistance."}}, {"type": "Feature", "id": "pilot_r037_c035", "geometry": {"type": "Polygon", "coordinates": [[[-67.0412697, 10.5975632], [-67.0390239, 10.5975632], [-67.0390239, 10.5997706], [-67.0412697, 10.5997706], [-67.0412697, 10.5975632]]]}, "properties": {"cellId": "pilot_r037_c035", "coveredByAois": ["emsr884-aoi12-caraballeda", "external-msft-catia-la-mar-predicted-damage"], "stackStatus": "before_after", "firstVisibleAcquisitionUtc": null, "hoursAfterEvent": null, "timeWindow": "undated", "evidenceTier": "contested_positive", "consensus": "positive_negative_disagreement", "priorityScore": 115, "assetCategories": ["temporary_shelter"], "cropPairIds": [], "publicationStatus": "ai-triage-native-review-required", "arrivalInterpretation": "This acquisition provides an earliest visible bound within the available imagery, not the actual arrival time of assistance."}}, {"type": "Feature", "id": "pilot_r039_c043", "geometry": {"type": "Polygon", "coordinates": [[[-67.0233034, 10.6019781], [-67.0210576, 10.6019781], [-67.0210576, 10.6041855], [-67.0233034, 10.6041855], [-67.0233034, 10.6019781]]]}, "properties": {"cellId": "pilot_r039_c043", "coveredByAois": ["emsr884-aoi12-caraballeda", "external-msft-catia-la-mar-predicted-damage", "external-msft-catia-la-mar-east-predicted-damage"], "stackStatus": "before_after", "firstVisibleAcquisitionUtc": null, "hoursAfterEvent": null, "timeWindow": "undated", "evidenceTier": "contested_positive", "consensus": "positive_negative_disagreement", "priorityScore": 115, "assetCategories": ["temporary_shelter"], "cropPairIds": [], "publicationStatus": "ai-triage-native-review-required", "arrivalInterpretation": "This acquisition provides an earliest visible bound within the available imagery, not the actual arrival time of assistance."}}, {"type": "Feature", "id": "pilot_r039_c120", "geometry": {"type": "Polygon", "coordinates": [[[-66.8503777, 10.6019781], [-66.8481319, 10.6019781], [-66.8481319, 10.6041855], [-66.8503777, 10.6041855], [-66.8503777, 10.6019781]]]}, "properties": {"cellId": "pilot_r039_c120", "coveredByAois": ["emsr884-aoi12-caraballeda", "external-msft-caraballeda-east-predicted-damage"], "stackStatus": "before_after", "firstVisibleAcquisitionUtc": null, "hoursAfterEvent": null, "timeWindow": "undated", "evidenceTier": "contested_positive", "consensus": "positive_uncertain_disagreement", "priorityScore": 115, "assetCategories": ["temporary_shelter"], "cropPairIds": [], "publicationStatus": "ai-triage-native-review-required", "arrivalInterpretation": "This acquisition provides an earliest visible bound within the available imagery, not the actual arrival time of assistance."}}, {"type": "Feature", "id": "pilot_r040_c095", "geometry": {"type": "Polygon", "coordinates": [[[-66.9065224, 10.6041855], [-66.9042766, 10.6041855], [-66.9042766, 10.606393], [-66.9065224, 10.606393], [-66.9065224, 10.6041855]]]}, "properties": {"cellId": "pilot_r040_c095", "coveredByAois": ["emsr884-aoi12-caraballeda", "external-msft-la-guaira-east-predicted-damage"], "stackStatus": "post_event_only", "firstVisibleAcquisitionUtc": null, "hoursAfterEvent": null, "timeWindow": "undated", "evidenceTier": "contested_positive", "consensus": "positive_negative_disagreement", "priorityScore": 115, "assetCategories": ["temporary_shelter", "trucks_or_large_vehicles"], "cropPairIds": [], "publicationStatus": "ai-triage-native-review-required", "arrivalInterpretation": "This acquisition provides an earliest visible bound within the available imagery, not the actual arrival time of assistance."}}, {"type": "Feature", "id": "pilot_r041_c122", "geometry": {"type": "Polygon", "coordinates": [[[-66.8458861, 10.606393], [-66.8436403, 10.606393], [-66.8436403, 10.6086004], [-66.8458861, 10.6086004], [-66.8458861, 10.606393]]]}, "properties": {"cellId": "pilot_r041_c122", "coveredByAois": ["emsr884-aoi12-caraballeda", "external-msft-caraballeda-east-predicted-damage"], "stackStatus": "before_after", "firstVisibleAcquisitionUtc": null, "hoursAfterEvent": null, "timeWindow": "undated", "evidenceTier": "contested_positive", "consensus": "positive_negative_disagreement", "priorityScore": 115, "assetCategories": ["temporary_shelter"], "cropPairIds": [], "publicationStatus": "ai-triage-native-review-required", "arrivalInterpretation": "This acquisition provides an earliest visible bound within the available imagery, not the actual arrival time of assistance."}}, {"type": "Feature", "id": "pilot_r041_c125", "geometry": {"type": "Polygon", "coordinates": [[[-66.8391487, 10.606393], [-66.8369029, 10.606393], [-66.8369029, 10.6086004], [-66.8391487, 10.6086004], [-66.8391487, 10.606393]]]}, "properties": {"cellId": "pilot_r041_c125", "coveredByAois": ["emsr884-aoi12-caraballeda", "external-msft-caraballeda-east-predicted-damage"], "stackStatus": "before_after", "firstVisibleAcquisitionUtc": null, "hoursAfterEvent": null, "timeWindow": "undated", "evidenceTier": "contested_positive", "consensus": "positive_negative_disagreement", "priorityScore": 115, "assetCategories": ["collection_or_staging", "debris_clearance", "temporary_shelter"], "cropPairIds": [], "publicationStatus": "ai-triage-native-review-required", "arrivalInterpretation": "This acquisition provides an earliest visible bound within the available imagery, not the actual arrival time of assistance."}}, {"type": "Feature", "id": "pilot_r030_c019", "geometry": {"type": "Polygon", "coordinates": [[[-67.0772023, 10.5821104], [-67.0749565, 10.5821104], [-67.0749565, 10.584318], [-67.0772023, 10.584318], [-67.0772023, 10.5821104]]]}, "properties": {"cellId": "pilot_r030_c019", "coveredByAois": ["emsr884-aoi12-caraballeda", "external-msft-catia-la-mar-predicted-damage"], "stackStatus": "before_after", "firstVisibleAcquisitionUtc": null, "hoursAfterEvent": null, "timeWindow": "undated", "evidenceTier": "contested_positive", "consensus": "positive_uncertain_disagreement", "priorityScore": 110, "assetCategories": [], "cropPairIds": [], "publicationStatus": "ai-triage-native-review-required", "arrivalInterpretation": "This acquisition provides an earliest visible bound within the available imagery, not the actual arrival time of assistance."}}, {"type": "Feature", "id": "pilot_r037_c042", "geometry": {"type": "Polygon", "coordinates": [[[-67.0255491, 10.5975632], [-67.0233034, 10.5975632], [-67.0233034, 10.5997706], [-67.0255491, 10.5997706], [-67.0255491, 10.5975632]]]}, "properties": {"cellId": "pilot_r037_c042", "coveredByAois": ["emsr884-aoi12-caraballeda", "external-msft-catia-la-mar-predicted-damage", "external-msft-catia-la-mar-east-predicted-damage"], "stackStatus": "before_after", "firstVisibleAcquisitionUtc": null, "hoursAfterEvent": null, "timeWindow": "undated", "evidenceTier": "contested_positive", "consensus": "positive_negative_disagreement", "priorityScore": 110, "assetCategories": [], "cropPairIds": [], "publicationStatus": "ai-triage-native-review-required", "arrivalInterpretation": "This acquisition provides an earliest visible bound within the available imagery, not the actual arrival time of assistance."}}, {"type": "Feature", "id": "pilot_r039_c047", "geometry": {"type": "Polygon", "coordinates": [[[-67.0143202, 10.6019781], [-67.0120744, 10.6019781], [-67.0120744, 10.6041855], [-67.0143202, 10.6041855], [-67.0143202, 10.6019781]]]}, "properties": {"cellId": "pilot_r039_c047", "coveredByAois": ["emsr884-aoi12-caraballeda", "external-msft-catia-la-mar-predicted-damage", "external-msft-catia-la-mar-east-predicted-damage"], "stackStatus": "before_after", "firstVisibleAcquisitionUtc": null, "hoursAfterEvent": null, "timeWindow": "undated", "evidenceTier": "contested_positive", "consensus": "positive_negative_disagreement", "priorityScore": 110, "assetCategories": [], "cropPairIds": [], "publicationStatus": "ai-triage-native-review-required", "arrivalInterpretation": "This acquisition provides an earliest visible bound within the available imagery, not the actual arrival time of assistance."}}, {"type": "Feature", "id": "pilot_r040_c067", "geometry": {"type": "Polygon", "coordinates": [[[-66.9694044, 10.6041855], [-66.9671587, 10.6041855], [-66.9671587, 10.606393], [-66.9694044, 10.606393], [-66.9694044, 10.6041855]]]}, "properties": {"cellId": "pilot_r040_c067", "coveredByAois": ["external-msft-catia-la-mar-east-predicted-damage"], "stackStatus": "before_after", "firstVisibleAcquisitionUtc": null, "hoursAfterEvent": null, "timeWindow": "undated", "evidenceTier": "contested_positive", "consensus": "positive_negative_disagreement", "priorityScore": 110, "assetCategories": [], "cropPairIds": [], "publicationStatus": "ai-triage-native-review-required", "arrivalInterpretation": "This acquisition provides an earliest visible bound within the available imagery, not the actual arrival time of assistance."}}, {"type": "Feature", "id": "pilot_r012_c050", "geometry": {"type": "Polygon", "coordinates": [[[-67.0075828, 10.5423712], [-67.0053371, 10.5423712], [-67.0053371, 10.544579], [-67.0075828, 10.544579], [-67.0075828, 10.5423712]]]}, "properties": {"cellId": "pilot_r012_c050", "coveredByAois": ["external-msft-catia-la-mar-east-predicted-damage"], "stackStatus": "before_after", "firstVisibleAcquisitionUtc": null, "hoursAfterEvent": null, "timeWindow": "undated", "evidenceTier": "contested_positive", "consensus": "positive_negative_disagreement", "priorityScore": 95, "assetCategories": ["temporary_shelter"], "cropPairIds": [], "publicationStatus": "ai-triage-native-review-required", "arrivalInterpretation": "This acquisition provides an earliest visible bound within the available imagery, not the actual arrival time of assistance."}}, {"type": "Feature", "id": "pilot_r023_c020", "geometry": {"type": "Polygon", "coordinates": [[[-67.0749565, 10.5666569], [-67.0727107, 10.5666569], [-67.0727107, 10.5688646], [-67.0749565, 10.5688646], [-67.0749565, 10.5666569]]]}, "properties": {"cellId": "pilot_r023_c020", "coveredByAois": ["external-msft-catia-la-mar-predicted-damage"], "stackStatus": "before_after", "firstVisibleAcquisitionUtc": null, "hoursAfterEvent": null, "timeWindow": "undated", "evidenceTier": "contested_positive", "consensus": "positive_uncertain_disagreement", "priorityScore": 95, "assetCategories": ["temporary_shelter"], "cropPairIds": [], "publicationStatus": "ai-triage-native-review-required", "arrivalInterpretation": "This acquisition provides an earliest visible bound within the available imagery, not the actual arrival time of assistance."}}, {"type": "Feature", "id": "pilot_r025_c002", "geometry": {"type": "Polygon", "coordinates": [[[-67.1153807, 10.5710722], [-67.1131349, 10.5710722], [-67.1131349, 10.5732799], [-67.1153807, 10.5732799], [-67.1153807, 10.5710722]]]}, "properties": {"cellId": "pilot_r025_c002", "coveredByAois": ["external-msft-catia-la-mar-predicted-damage"], "stackStatus": "before_after", "firstVisibleAcquisitionUtc": null, "hoursAfterEvent": null, "timeWindow": "undated", "evidenceTier": "contested_positive", "consensus": "positive_uncertain_disagreement", "priorityScore": 95, "assetCategories": ["temporary_shelter"], "cropPairIds": [], "publicationStatus": "ai-triage-native-review-required", "arrivalInterpretation": "This acquisition provides an earliest visible bound within the available imagery, not the actual arrival time of assistance."}}, {"type": "Feature", "id": "pilot_r025_c018", "geometry": {"type": "Polygon", "coordinates": [[[-67.0794481, 10.5710722], [-67.0772023, 10.5710722], [-67.0772023, 10.5732799], [-67.0794481, 10.5732799], [-67.0794481, 10.5710722]]]}, "properties": {"cellId": "pilot_r025_c018", "coveredByAois": ["external-msft-catia-la-mar-predicted-damage"], "stackStatus": "before_after", "firstVisibleAcquisitionUtc": null, "hoursAfterEvent": null, "timeWindow": "undated", "evidenceTier": "contested_positive", "consensus": "positive_uncertain_disagreement", "priorityScore": 95, "assetCategories": ["temporary_shelter"], "cropPairIds": [], "publicationStatus": "ai-triage-native-review-required", "arrivalInterpretation": "This acquisition provides an earliest visible bound within the available imagery, not the actual arrival time of assistance."}}, {"type": "Feature", "id": "pilot_r032_c044", "geometry": {"type": "Polygon", "coordinates": [[[-67.0210576, 10.5865256], [-67.0188118, 10.5865256], [-67.0188118, 10.5887331], [-67.0210576, 10.5887331], [-67.0210576, 10.5865256]]]}, "properties": {"cellId": "pilot_r032_c044", "coveredByAois": ["external-msft-catia-la-mar-predicted-damage", "external-msft-catia-la-mar-east-predicted-damage"], "stackStatus": "before_after", "firstVisibleAcquisitionUtc": null, "hoursAfterEvent": null, "timeWindow": "undated", "evidenceTier": "contested_positive", "consensus": "positive_negative_disagreement", "priorityScore": 95, "assetCategories": ["debris_clearance", "temporary_shelter"], "cropPairIds": [], "publicationStatus": "ai-triage-native-review-required", "arrivalInterpretation": "This acquisition provides an earliest visible bound within the available imagery, not the actual arrival time of assistance."}}, {"type": "Feature", "id": "pilot_r035_c032", "geometry": {"type": "Polygon", "coordinates": [[[-67.048007, 10.5931482], [-67.0457612, 10.5931482], [-67.0457612, 10.5953557], [-67.048007, 10.5953557], [-67.048007, 10.5931482]]]}, "properties": {"cellId": "pilot_r035_c032", "coveredByAois": ["emsr884-aoi12-caraballeda", "external-msft-catia-la-mar-predicted-damage"], "stackStatus": "before_after", "firstVisibleAcquisitionUtc": null, "hoursAfterEvent": null, "timeWindow": "undated", "evidenceTier": "contested_positive", "consensus": "positive_negative_disagreement", "priorityScore": 95, "assetCategories": [], "cropPairIds": [], "publicationStatus": "ai-triage-native-review-required", "arrivalInterpretation": "This acquisition provides an earliest visible bound within the available imagery, not the actual arrival time of assistance."}}, {"type": "Feature", "id": "pilot_r035_c081", "geometry": {"type": "Polygon", "coordinates": [[[-66.9379634, 10.5931482], [-66.9357176, 10.5931482], [-66.9357176, 10.5953557], [-66.9379634, 10.5953557], [-66.9379634, 10.5931482]]]}, "properties": {"cellId": "pilot_r035_c081", "coveredByAois": ["emsr884-aoi12-caraballeda"], "stackStatus": "before_after", "firstVisibleAcquisitionUtc": null, "hoursAfterEvent": null, "timeWindow": "undated", "evidenceTier": "contested_positive", "consensus": "positive_negative_disagreement", "priorityScore": 95, "assetCategories": ["debris_clearance", "temporary_shelter"], "cropPairIds": [], "publicationStatus": "ai-triage-native-review-required", "arrivalInterpretation": "This acquisition provides an earliest visible bound within the available imagery, not the actual arrival time of assistance."}}, {"type": "Feature", "id": "pilot_r038_c084", "geometry": {"type": "Polygon", "coordinates": [[[-66.931226, 10.5997706], [-66.9289803, 10.5997706], [-66.9289803, 10.6019781], [-66.931226, 10.6019781], [-66.931226, 10.5997706]]]}, "properties": {"cellId": "pilot_r038_c084", "coveredByAois": ["emsr884-aoi12-caraballeda"], "stackStatus": "before_after", "firstVisibleAcquisitionUtc": null, "hoursAfterEvent": null, "timeWindow": "undated", "evidenceTier": "contested_positive", "consensus": "positive_negative_disagreement", "priorityScore": 95, "assetCategories": [], "cropPairIds": [], "publicationStatus": "ai-triage-native-review-required", "arrivalInterpretation": "This acquisition provides an earliest visible bound within the available imagery, not the actual arrival time of assistance."}}, {"type": "Feature", "id": "pilot_r039_c119", "geometry": {"type": "Polygon", "coordinates": [[[-66.8526235, 10.6019781], [-66.8503777, 10.6019781], [-66.8503777, 10.6041855], [-66.8526235, 10.6041855], [-66.8526235, 10.6019781]]]}, "properties": {"cellId": "pilot_r039_c119", "coveredByAois": ["emsr884-aoi12-caraballeda", "external-msft-caraballeda-east-predicted-damage"], "stackStatus": "before_after", "firstVisibleAcquisitionUtc": null, "hoursAfterEvent": null, "timeWindow": "undated", "evidenceTier": "contested_positive", "consensus": "positive_negative_disagreement", "priorityScore": 95, "assetCategories": ["temporary_shelter"], "cropPairIds": [], "publicationStatus": "ai-triage-native-review-required", "arrivalInterpretation": "This acquisition provides an earliest visible bound within the available imagery, not the actual arrival time of assistance."}}, {"type": "Feature", "id": "pilot_r039_c126", "geometry": {"type": "Polygon", "coordinates": [[[-66.8369029, 10.6019781], [-66.8346571, 10.6019781], [-66.8346571, 10.6041855], [-66.8369029, 10.6041855], [-66.8369029, 10.6019781]]]}, "properties": {"cellId": "pilot_r039_c126", "coveredByAois": ["emsr884-aoi12-caraballeda", "external-msft-caraballeda-east-predicted-damage"], "stackStatus": "before_after", "firstVisibleAcquisitionUtc": null, "hoursAfterEvent": null, "timeWindow": "undated", "evidenceTier": "contested_positive", "consensus": "positive_negative_disagreement", "priorityScore": 95, "assetCategories": ["collection_or_staging", "temporary_shelter"], "cropPairIds": [], "publicationStatus": "ai-triage-native-review-required", "arrivalInterpretation": "This acquisition provides an earliest visible bound within the available imagery, not the actual arrival time of assistance."}}, {"type": "Feature", "id": "pilot_r041_c039", "geometry": {"type": "Polygon", "coordinates": [[[-67.0322865, 10.606393], [-67.0300407, 10.606393], [-67.0300407, 10.6086004], [-67.0322865, 10.6086004], [-67.0322865, 10.606393]]]}, "properties": {"cellId": "pilot_r041_c039", "coveredByAois": ["emsr884-aoi12-caraballeda", "external-msft-catia-la-mar-predicted-damage", "external-msft-catia-la-mar-east-predicted-damage"], "stackStatus": "before_after", "firstVisibleAcquisitionUtc": null, "hoursAfterEvent": null, "timeWindow": "undated", "evidenceTier": "contested_positive", "consensus": "positive_negative_disagreement", "priorityScore": 95, "assetCategories": ["collection_or_staging", "temporary_shelter"], "cropPairIds": [], "publicationStatus": "ai-triage-native-review-required", "arrivalInterpretation": "This acquisition provides an earliest visible bound within the available imagery, not the actual arrival time of assistance."}}, {"type": "Feature", "id": "pilot_r041_c124", "geometry": {"type": "Polygon", "coordinates": [[[-66.8413945, 10.606393], [-66.8391487, 10.606393], [-66.8391487, 10.6086004], [-66.8413945, 10.6086004], [-66.8413945, 10.606393]]]}, "properties": {"cellId": "pilot_r041_c124", "coveredByAois": ["emsr884-aoi12-caraballeda", "external-msft-caraballeda-east-predicted-damage"], "stackStatus": "before_after", "firstVisibleAcquisitionUtc": null, "hoursAfterEvent": null, "timeWindow": "undated", "evidenceTier": "contested_positive", "consensus": "positive_negative_disagreement", "priorityScore": 95, "assetCategories": ["collection_or_staging", "temporary_shelter"], "cropPairIds": [], "publicationStatus": "ai-triage-native-review-required", "arrivalInterpretation": "This acquisition provides an earliest visible bound within the available imagery, not the actual arrival time of assistance."}}, {"type": "Feature", "id": "pilot_r042_c130", "geometry": {"type": "Polygon", "coordinates": [[[-66.8279198, 10.6086004], [-66.825674, 10.6086004], [-66.825674, 10.6108078], [-66.8279198, 10.6108078], [-66.8279198, 10.6086004]]]}, "properties": {"cellId": "pilot_r042_c130", "coveredByAois": ["emsr884-aoi12-caraballeda", "external-msft-caraballeda-east-predicted-damage"], "stackStatus": "before_after", "firstVisibleAcquisitionUtc": null, "hoursAfterEvent": null, "timeWindow": "undated", "evidenceTier": "contested_positive", "consensus": "positive_negative_disagreement", "priorityScore": 95, "assetCategories": ["collection_or_staging", "temporary_shelter"], "cropPairIds": [], "publicationStatus": "ai-triage-native-review-required", "arrivalInterpretation": "This acquisition provides an earliest visible bound within the available imagery, not the actual arrival time of assistance."}}, {"type": "Feature", "id": "pilot_r047_c121", "geometry": {"type": "Polygon", "coordinates": [[[-66.8481319, 10.6196372], [-66.8458861, 10.6196372], [-66.8458861, 10.6218445], [-66.8481319, 10.6218445], [-66.8481319, 10.6196372]]]}, "properties": {"cellId": "pilot_r047_c121", "coveredByAois": ["emsr884-aoi12-caraballeda", "external-msft-caraballeda-east-predicted-damage"], "stackStatus": "before_after", "firstVisibleAcquisitionUtc": null, "hoursAfterEvent": null, "timeWindow": "undated", "evidenceTier": "contested_positive", "consensus": "positive_negative_disagreement", "priorityScore": 95, "assetCategories": ["temporary_shelter"], "cropPairIds": [], "publicationStatus": "ai-triage-native-review-required", "arrivalInterpretation": "This acquisition provides an earliest visible bound within the available imagery, not the actual arrival time of assistance."}}]}