{
  "type": "FeatureCollection",
  "metadata": {
    "status": "public-aggregate-not-official-damage",
    "generatedAt": "2026-07-18T23:19:13Z",
    "geometryMethod": "evidence_impact_envelopes",
    "impactOverlapPolicy": "source_precedence_non_overlapping",
    "impactEnvelopeBufferDegrees": 0.0035,
    "impactEnvelopeInsetDegrees": 0.0012,
    "impactEnvelopeSimplifyDegrees": 0.00035,
    "impactEnvelopeMinAreaDegrees": 2e-06,
    "sectorAssignment": {
      "droppedOutsideSectors": 1285,
      "dropped:community": 1285,
      "assigned": 10889,
      "assigned:community": 1377,
      "assigned:ems_official": 309,
      "assigned:ems_monitor": 1306,
      "assigned:external_gap": 7897
    },
    "minCommunityReports": 8,
    "minDistinctSubmissionMinutes": 5,
    "minExternalGapCandidates": 20,
    "warning": "Operational signals are triage guidance only. EMS remains the official source of damage counts."
  },
  "features": [
    {
      "type": "Feature",
      "properties": {
        "id": "ops-zone-001",
        "sectorId": "emsr884-aoi12-caraballeda-impact-01",
        "sectorLabel": "Caraballeda / La Guaira · Zona de impacto 1",
        "sectorRow": null,
        "sectorCol": null,
        "priority": "high",
        "score": 145,
        "communityReports": 241,
        "communityReportsSuppressed": false,
        "communityEvents": {
          "structural_damage": 57,
          "other": 176,
          "aid_collection_first_aid": 1,
          "access": 5,
          "water": 2
        },
        "latestSubmissionDate": "2026-07-02",
        "emsOfficialDestroyedDamaged": 53,
        "emsOfficialPossible": 4,
        "emsMonitorDestroyedDamaged": 511,
        "emsMonitorPossible": 165,
        "externalGapCandidates": 1011,
        "externalGapSuppressed": false,
        "aoiIds": [
          "emsr884-aoi12-caraballeda",
          "emsr884-aoi12-caraballeda-monitor01",
          "external-msft-catia-la-mar-east-predicted-damage",
          "external-msft-catia-la-mar-predicted-damage"
        ],
        "aoiLabels": [
          "AOI12 Caraballeda / La Guaira",
          "AOI12 Caraballeda / La Guaira - Puntos EMSR884 MONIT01",
          "Catia La Mar - Daño predicho Microsoft AI4G"
        ],
        "reasons": [
          "241 aggregated community reports",
          "57 structural-damage reports",
          "53 official EMS destroyed/damaged features",
          "511 MONIT01 destroyed/damaged points, kept separate from GRA"
        ],
        "geometryMethod": "official_ems_impact_envelope",
        "geometrySource": "official-ems",
        "overlapPolicy": "source_precedence_non_overlapping",
        "isOfficialDamageBoundary": false,
        "impactEnvelopeBufferDegrees": 0.0035,
        "publicNote": "Operational impact envelope derived from official EMS damaged/possibly damaged feature geometry. Counts remain EMS source-of-record; community, MONIT01, VLM, and external signals are triage only. No names, phones, links, photos, text, exact report points, or addresses are published."
      },
      "geometry": {
        "type": "Polygon",
        "coordinates": [
          [
            [
              -67.038743,
              10.608103
            ],
            [
              -67.036789,
              10.609891
            ],
            [
              -67.03218,
              10.612253
            ],
            [
              -67.027918,
              10.612069
            ],
            [
              -67.025819,
              10.61491
            ],
            [
              -67.022567,
              10.61591
            ],
            [
              -67.019499,
              10.615786
            ],
            [
              -67.015871,
              10.613989
            ],
            [
              -67.006725,
              10.613754
            ],
            [
              -67.001976,
              10.61179
            ],
            [
              -66.999414,
              10.61247
            ],
            [
              -66.995972,
              10.612513
            ],
            [
              -66.994784,
              10.611861
            ],
            [
              -66.994143,
              10.610425
            ],
            [
              -66.994682,
              10.606951
            ],
            [
              -66.99741,
              10.605077
            ],
            [
              -67.000597,
              10.604858
            ],
            [
              -67.003874,
              10.605962
            ],
            [
              -67.00698,
              10.604074
            ],
            [
              -67.01321,
              10.605437
            ],
            [
              -67.014976,
              10.604859
            ],
            [
              -67.015561,
              10.603776
            ],
            [
              -67.014957,
              10.599758
            ],
            [
              -67.015676,
              10.598644
            ],
            [
              -67.016891,
              10.598113
            ],
            [
              -67.01929,
              10.598652
            ],
            [
              -67.021308,
              10.600892
            ],
            [
              -67.023886,
              10.599501
            ],
            [
              -67.027526,
              10.600377
            ],
            [
              -67.032607,
              10.599299
            ],
            [
              -67.034644,
              10.601121
            ],
            [
              -67.036602,
              10.601127
            ],
            [
              -67.037796,
              10.601751
            ],
            [
              -67.039093,
              10.605288
            ],
            [
              -67.038743,
              10.608103
            ]
          ]
        ]
      }
    },
    {
      "type": "Feature",
      "properties": {
        "id": "ops-zone-002",
        "sectorId": "emsr884-aoi12-caraballeda-impact-02",
        "sectorLabel": "Caraballeda / La Guaira · Zona de impacto 2",
        "sectorRow": null,
        "sectorCol": null,
        "priority": "high",
        "score": 118,
        "communityReports": 704,
        "communityReportsSuppressed": false,
        "communityEvents": {
          "structural_damage": 65,
          "other": 638,
          "access": 1
        },
        "latestSubmissionDate": "2026-07-07",
        "emsOfficialDestroyedDamaged": 29,
        "emsOfficialPossible": 2,
        "emsMonitorDestroyedDamaged": 192,
        "emsMonitorPossible": 44,
        "externalGapCandidates": 65,
        "externalGapSuppressed": false,
        "aoiIds": [
          "emsr884-aoi12-caraballeda",
          "emsr884-aoi12-caraballeda-monitor01",
          "external-msft-caraballeda-east-predicted-damage"
        ],
        "aoiLabels": [
          "AOI12 Caraballeda / La Guaira",
          "AOI12 Caraballeda / La Guaira - Puntos EMSR884 MONIT01",
          "Caraballeda Este - Candidatos triage Microsoft AI4G"
        ],
        "reasons": [
          "704 aggregated community reports",
          "65 structural-damage reports",
          "29 official EMS destroyed/damaged features",
          "192 MONIT01 destroyed/damaged points, kept separate from GRA"
        ],
        "geometryMethod": "official_ems_impact_envelope",
        "geometrySource": "official-ems",
        "overlapPolicy": "source_precedence_non_overlapping",
        "isOfficialDamageBoundary": false,
        "impactEnvelopeBufferDegrees": 0.0035,
        "publicNote": "Operational impact envelope derived from official EMS damaged/possibly damaged feature geometry. Counts remain EMS source-of-record; community, MONIT01, VLM, and external signals are triage only. No names, phones, links, photos, text, exact report points, or addresses are published."
      },
      "geometry": {
        "type": "Polygon",
        "coordinates": [
          [
            [
              -66.861887,
              10.617414
            ],
            [
              -66.857914,
              10.620276
            ],
            [
              -66.855345,
              10.620623
            ],
            [
              -66.853148,
              10.62205
            ],
            [
              -66.850868,
              10.622585
            ],
            [
              -66.843676,
              10.622906
            ],
            [
              -66.842457,
              10.622479
            ],
            [
              -66.839548,
              10.619808
            ],
            [
              -66.832989,
              10.616005
            ],
            [
              -66.828325,
              10.615247
            ],
            [
              -66.822616,
              10.615667
            ],
            [
              -66.816673,
              10.613854
            ],
            [
              -66.815114,
              10.612547
            ],
            [
              -66.814741,
              10.611184
            ],
            [
              -66.815187,
              10.60992
            ],
            [
              -66.816542,
              10.60895
            ],
            [
              -66.818796,
              10.608146
            ],
            [
              -66.822344,
              10.608111
            ],
            [
              -66.825667,
              10.606885
            ],
            [
              -66.83018,
              10.608909
            ],
            [
              -66.837143,
              10.607986
            ],
            [
              -66.839146,
              10.606681
            ],
            [
              -66.840499,
              10.604271
            ],
            [
              -66.84318,
              10.603473
            ],
            [
              -66.846328,
              10.604515
            ],
            [
              -66.848921,
              10.607927
            ],
            [
              -66.85018,
              10.614976
            ],
            [
              -66.850735,
              10.615699
            ],
            [
              -66.855711,
              10.615017
            ],
            [
              -66.858426,
              10.612631
            ],
            [
              -66.859693,
              10.612166
            ],
            [
              -66.862319,
              10.613333
            ],
            [
              -66.863081,
              10.615114
            ],
            [
              -66.861887,
              10.617414
            ]
          ]
        ]
      }
    },
    {
      "type": "Feature",
      "properties": {
        "id": "ops-zone-003",
        "sectorId": "external-hot-mapswipe-ems-gap-visual-impact-01",
        "sectorLabel": "Brechas visuales HOT/MapSwipe fuera de EMS · Zona triage externo 1",
        "sectorRow": null,
        "sectorCol": null,
        "priority": "high",
        "score": 103,
        "communityReports": 21,
        "communityReportsSuppressed": false,
        "communityEvents": {
          "structural_damage": 13,
          "other": 8
        },
        "latestSubmissionDate": "2026-06-28",
        "emsOfficialDestroyedDamaged": 0,
        "emsOfficialPossible": 0,
        "emsMonitorDestroyedDamaged": 0,
        "emsMonitorPossible": 0,
        "externalGapCandidates": 21,
        "externalGapSuppressed": false,
        "aoiIds": [
          "external-hot-mapswipe-ems-gap-visual",
          "external-msft-caraballeda-east-predicted-damage",
          "external-msft-la-guaira-east-predicted-damage"
        ],
        "aoiLabels": [
          "Brechas visuales HOT/MapSwipe fuera de EMS",
          "Caraballeda Este - Candidatos triage Microsoft AI4G",
          "La Guaira Este - Candidatos triage Microsoft AI4G"
        ],
        "reasons": [
          "21 aggregated community reports",
          "13 structural-damage reports",
          "21 external candidates outside GRA",
          "gap: community structural reports without GRA damage in this zone"
        ],
        "geometryMethod": "external_gap_impact_envelope",
        "geometrySource": "external-gap",
        "overlapPolicy": "source_precedence_non_overlapping",
        "isOfficialDamageBoundary": false,
        "impactEnvelopeBufferDegrees": 0.0035,
        "publicNote": "Operational triage envelope derived from external visual gap polygons outside official GRA. Not an official EMS damage area. No names, phones, links, photos, text, exact report points, or addresses are published."
      },
      "geometry": {
        "type": "MultiPolygon",
        "coordinates": [
          [
            [
              [
                -66.823674,
                10.603558
              ],
              [
                -66.825541,
                10.60419
              ],
              [
                -66.827594,
                10.606245
              ],
              [
                -66.828619,
                10.60814
              ],
              [
                -66.831225,
                10.60877
              ],
              [
                -66.83018,
                10.608909
              ],
              [
                -66.825667,
                10.606885
              ],
              [
                -66.822344,
                10.608111
              ],
              [
                -66.821538,
                10.608119
              ],
              [
                -66.821539,
                10.605055
              ],
              [
                -66.822398,
                10.603999
              ],
              [
                -66.823674,
                10.603558
              ]
            ]
          ],
          [
            [
              [
                -66.839146,
                10.606681
              ],
              [
                -66.837143,
                10.607986
              ],
              [
                -66.834062,
                10.608394
              ],
              [
                -66.835545,
                10.60623
              ],
              [
                -66.838681,
                10.605488
              ],
              [
                -66.839722,
                10.605655
              ],
              [
                -66.839146,
                10.606681
              ]
            ]
          ],
          [
            [
              [
                -66.871546,
                10.604555
              ],
              [
                -66.870186,
                10.605671
              ],
              [
                -66.870014,
                10.607422
              ],
              [
                -66.871219,
                10.610758
              ],
              [
                -66.872162,
                10.611702
              ],
              [
                -66.873134,
                10.611846
              ],
              [
                -66.871804,
                10.612887
              ],
              [
                -66.870028,
                10.61268
              ],
              [
                -66.868358,
                10.611249
              ],
              [
                -66.867254,
                10.611478
              ],
              [
                -66.866134,
                10.613541
              ],
              [
                -66.86286,
                10.615946
              ],
              [
                -66.862159,
                10.618428
              ],
              [
                -66.861109,
                10.619609
              ],
              [
                -66.858019,
                10.6202
              ],
              [
                -66.861887,
                10.617414
              ],
              [
                -66.863081,
                10.615114
              ],
              [
                -66.863037,
                10.615011
              ],
              [
                -66.8634,
                10.614371
              ],
              [
                -66.863057,
                10.612645
              ],
              [
                -66.861342,
                10.611452
              ],
              [
                -66.860014,
                10.611583
              ],
              [
                -66.856811,
                10.613259
              ],
              [
                -66.854623,
                10.610754
              ],
              [
                -66.851867,
                10.610707
              ],
              [
                -66.849886,
                10.609489
              ],
              [
                -66.849212,
                10.609556
              ],
              [
                -66.85018,
                10.614976
              ],
              [
                -66.848921,
                10.607927
              ],
              [
                -66.84824,
                10.607031
              ],
              [
                -66.850146,
                10.607361
              ],
              [
                -66.851189,
                10.606529
              ],
              [
                -66.851891,
                10.604126
              ],
              [
                -66.853445,
                10.603201
              ],
              [
                -66.856387,
                10.604168
              ],
              [
                -66.858079,
                10.603431
              ],
              [
                -66.859447,
                10.603487
              ],
              [
                -66.861565,
                10.605425
              ],
              [
                -66.86348,
                10.606081
              ],
              [
                -66.866039,
                10.605816
              ],
              [
                -66.868331,
                10.60741
              ],
              [
                -66.86937,
                10.606969
              ],
              [
                -66.870531,
                10.604538
              ],
              [
                -66.872469,
                10.603987
              ],
              [
                -66.873851,
                10.604586
              ],
              [
                -66.874691,
                10.606157
              ],
              [
                -66.874583,
                10.60661
              ],
              [
                -66.874337,
                10.605875
              ],
              [
                -66.873297,
                10.604727
              ],
              [
                -66.871546,
                10.604555
              ]
            ]
          ],
          [
            [
              [
                -66.812655,
                10.613671
              ],
              [
                -66.811946,
                10.612025
              ],
              [
                -66.812517,
                10.610358
              ],
              [
                -66.814071,
                10.609433
              ],
              [
                -66.815471,
                10.609716
              ],
              [
                -66.815187,
                10.60992
              ],
              [
                -66.814741,
                10.611184
              ],
              [
                -66.815114,
                10.612547
              ],
              [
                -66.816263,
                10.61351
              ],
              [
                -66.815762,
                10.614141
              ],
              [
                -66.814002,
                10.614392
              ],
              [
                -66.812655,
                10.613671
              ]
            ]
          ],
          [
            [
              [
                -66.822991,
                10.61564
              ],
              [
                -66.828325,
                10.615247
              ],
              [
                -66.831209,
                10.615716
              ],
              [
                -66.828757,
                10.616794
              ],
              [
                -66.826089,
                10.615712
              ],
              [
                -66.823037,
                10.615674
              ],
              [
                -66.822991,
                10.61564
              ]
            ]
          ],
          [
            [
              [
                -66.837419,
                10.618573
              ],
              [
                -66.839548,
                10.619808
              ],
              [
                -66.84189,
                10.621958
              ],
              [
                -66.839842,
                10.62217
              ],
              [
                -66.838474,
                10.621153
              ],
              [
                -66.837756,
                10.618832
              ],
              [
                -66.837419,
                10.618573
              ]
            ]
          ]
        ]
      }
    },
    {
      "type": "Feature",
      "properties": {
        "id": "ops-zone-004",
        "sectorId": "emsr884-aoi12-caraballeda-impact-04",
        "sectorLabel": "Caraballeda / La Guaira · Zona de impacto 4",
        "sectorRow": null,
        "sectorCol": null,
        "priority": "high",
        "score": 94,
        "communityReports": 50,
        "communityReportsSuppressed": false,
        "communityEvents": {
          "structural_damage": 13,
          "other": 36,
          "aid_collection_first_aid": 1
        },
        "latestSubmissionDate": "2026-07-02",
        "emsOfficialDestroyedDamaged": 7,
        "emsOfficialPossible": 3,
        "emsMonitorDestroyedDamaged": 31,
        "emsMonitorPossible": 7,
        "externalGapCandidates": 35,
        "externalGapSuppressed": false,
        "aoiIds": [
          "emsr884-aoi12-caraballeda",
          "emsr884-aoi12-caraballeda-monitor01",
          "external-msft-la-guaira-east-predicted-damage"
        ],
        "aoiLabels": [
          "AOI12 Caraballeda / La Guaira",
          "AOI12 Caraballeda / La Guaira - Puntos EMSR884 MONIT01",
          "La Guaira Este - Candidatos triage Microsoft AI4G"
        ],
        "reasons": [
          "50 aggregated community reports",
          "13 structural-damage reports",
          "7 official EMS destroyed/damaged features",
          "31 MONIT01 destroyed/damaged points, kept separate from GRA"
        ],
        "geometryMethod": "official_ems_impact_envelope",
        "geometrySource": "official-ems",
        "overlapPolicy": "source_precedence_non_overlapping",
        "isOfficialDamageBoundary": false,
        "impactEnvelopeBufferDegrees": 0.0035,
        "publicNote": "Operational impact envelope derived from official EMS damaged/possibly damaged feature geometry. Counts remain EMS source-of-record; community, MONIT01, VLM, and external signals are triage only. No names, phones, links, photos, text, exact report points, or addresses are published."
      },
      "geometry": {
        "type": "Polygon",
        "coordinates": [
          [
            [
              -66.903306,
              10.606308
            ],
            [
              -66.900658,
              10.60795
            ],
            [
              -66.895154,
              10.607675
            ],
            [
              -66.890588,
              10.61244
            ],
            [
              -66.886599,
              10.614102
            ],
            [
              -66.885183,
              10.61416
            ],
            [
              -66.88094,
              10.612353
            ],
            [
              -66.879672,
              10.610837
            ],
            [
              -66.879829,
              10.60926
            ],
            [
              -66.881143,
              10.607467
            ],
            [
              -66.883722,
              10.606749
            ],
            [
              -66.886225,
              10.606802
            ],
            [
              -66.888974,
              10.604235
            ],
            [
              -66.892007,
              10.602878
            ],
            [
              -66.896048,
              10.602287
            ],
            [
              -66.899251,
              10.602554
            ],
            [
              -66.901786,
              10.601746
            ],
            [
              -66.903323,
              10.602703
            ],
            [
              -66.904032,
              10.604978
            ],
            [
              -66.903306,
              10.606308
            ]
          ]
        ]
      }
    },
    {
      "type": "Feature",
      "properties": {
        "id": "ops-zone-005",
        "sectorId": "external-msft-catia-la-mar-predicted-damage-impact-01",
        "sectorLabel": "Catia La Mar - Daño predicho Microsoft AI4G · Zona predicción externa 1",
        "sectorRow": null,
        "sectorCol": null,
        "priority": "high",
        "score": 88,
        "communityReports": 16,
        "communityReportsSuppressed": false,
        "communityEvents": {
          "structural_damage": 2,
          "other": 14
        },
        "latestSubmissionDate": "2026-06-27",
        "emsOfficialDestroyedDamaged": 0,
        "emsOfficialPossible": 0,
        "emsMonitorDestroyedDamaged": 0,
        "emsMonitorPossible": 0,
        "externalGapCandidates": 5818,
        "externalGapSuppressed": false,
        "aoiIds": [
          "external-msft-catia-la-mar-east-predicted-damage",
          "external-msft-catia-la-mar-predicted-damage"
        ],
        "aoiLabels": [
          "Catia La Mar - Daño predicho Microsoft AI4G",
          "Catia La Mar Este - Candidatos triage Microsoft AI4G"
        ],
        "reasons": [
          "16 aggregated community reports",
          "2 structural-damage reports",
          "5818 external candidates outside GRA",
          "gap: dense external candidates outside GRA"
        ],
        "geometryMethod": "external_prediction_impact_envelope",
        "geometrySource": "external-prediction",
        "overlapPolicy": "source_precedence_non_overlapping",
        "isOfficialDamageBoundary": false,
        "impactEnvelopeBufferDegrees": 0.0035,
        "publicNote": "Operational triage envelope derived from Microsoft AI4G prediction geometry outside official GRA. External predictions are not official EMS damage labels or counts. No names, phones, links, photos, text, exact report points, or addresses are published."
      },
      "geometry": {
        "type": "MultiPolygon",
        "coordinates": [
          [
            [
              [
                -67.111143,
                10.57795
              ],
              [
                -67.108432,
                10.579656
              ],
              [
                -67.105566,
                10.580302
              ],
              [
                -67.100837,
                10.583178
              ],
              [
                -67.09929,
                10.583102
              ],
              [
                -67.095404,
                10.580855
              ],
              [
                -67.091624,
                10.581866
              ],
              [
                -67.08903,
                10.581575
              ],
              [
                -67.0881,
                10.584393
              ],
              [
                -67.085214,
                10.586725
              ],
              [
                -67.084776,
                10.58922
              ],
              [
                -67.083083,
                10.590573
              ],
              [
                -67.079029,
                10.59119
              ],
              [
                -67.076137,
                10.590485
              ],
              [
                -67.073436,
                10.591167
              ],
              [
                -67.070325,
                10.590169
              ],
              [
                -67.064878,
                10.592238
              ],
              [
                -67.058337,
                10.593576
              ],
              [
                -67.054117,
                10.596218
              ],
              [
                -67.051951,
                10.59642
              ],
              [
                -67.04379,
                10.601449
              ],
              [
                -67.04234,
                10.603254
              ],
              [
                -67.039728,
                10.604382
              ],
              [
                -67.039201,
                10.606216
              ],
              [
                -67.039333,
                10.604355
              ],
              [
                -67.041639,
                10.601139
              ],
              [
                -67.04177,
                10.599811
              ],
              [
                -67.039492,
                10.597372
              ],
              [
                -67.0387,
                10.59454
              ],
              [
                -67.036626,
                10.593911
              ],
              [
                -67.035449,
                10.59454
              ],
              [
                -67.03482,
                10.595717
              ],
              [
                -67.035048,
                10.597249
              ],
              [
                -67.03662,
                10.599078
              ],
              [
                -67.03563,
                10.600458
              ],
              [
                -67.034615,
                10.600491
              ],
              [
                -67.032636,
                10.599325
              ],
              [
                -67.032607,
                10.599299
              ],
              [
                -67.032597,
                10.599302
              ],
              [
                -67.032504,
                10.599247
              ],
              [
                -67.028925,
                10.599869
              ],
              [
                -67.025044,
                10.597885
              ],
              [
                -67.022119,
                10.599186
              ],
              [
                -67.018797,
                10.59814
              ],
              [
                -67.018382,
                10.598448
              ],
              [
                -67.016891,
                10.598113
              ],
              [
                -67.015676,
                10.598644
              ],
              [
                -67.014957,
                10.599758
              ],
              [
                -67.015561,
                10.603776
              ],
              [
                -67.014976,
                10.604859
              ],
              [
                -67.01321,
                10.605437
              ],
              [
                -67.010546,
                10.604854
              ],
              [
                -67.01387,
                10.604789
              ],
              [
                -67.014542,
                10.603637
              ],
              [
                -67.014342,
                10.602631
              ],
              [
                -67.011759,
                10.600295
              ],
              [
                -67.007926,
                10.599896
              ],
              [
                -67.006942,
                10.602747
              ],
              [
                -67.007142,
                10.603753
              ],
              [
                -67.008662,
                10.604442
              ],
              [
                -67.00698,
                10.604074
              ],
              [
                -67.003874,
                10.605962
              ],
              [
                -67.000597,
                10.604858
              ],
              [
                -66.99741,
                10.605077
              ],
              [
                -66.997338,
                10.605126
              ],
              [
                -66.998207,
                10.604076
              ],
              [
                -66.99569,
                10.601418
              ],
              [
                -66.99569,
                10.600084
              ],
              [
                -66.996713,
                10.598126
              ],
              [
                -66.995471,
                10.596099
              ],
              [
                -66.995441,
                10.5943
              ],
              [
                -66.994521,
                10.592405
              ],
              [
                -66.994782,
                10.591096
              ],
              [
                -66.996578,
                10.589018
              ],
              [
                -67.001839,
                10.587339
              ],
              [
                -67.006323,
                10.587456
              ],
              [
                -67.008144,
                10.589471
              ],
              [
                -67.010018,
                10.590608
              ],
              [
                -67.012444,
                10.589705
              ],
              [
                -67.013481,
                10.588254
              ],
              [
                -67.014565,
                10.584693
              ],
              [
                -67.014425,
                10.582747
              ],
              [
                -67.012536,
                10.57785
              ],
              [
                -67.013047,
                10.576618
              ],
              [
                -67.01432,
                10.575737
              ],
              [
                -67.017304,
                10.575561
              ],
              [
                -67.019441,
                10.578159
              ],
              [
                -67.025223,
                10.579857
              ],
              [
                -67.026114,
                10.579634
              ],
              [
                -67.027989,
                10.577758
              ],
              [
                -67.030026,
                10.57772
              ],
              [
                -67.032106,
                10.57974
              ],
              [
                -67.035865,
                10.580553
              ],
              [
                -67.03803,
                10.582506
              ],
              [
                -67.040729,
                10.586614
              ],
              [
                -67.045561,
                10.586845
              ],
              [
                -67.047369,
                10.584677
              ],
              [
                -67.050357,
                10.584472
              ],
              [
                -67.051151,
                10.583401
              ],
              [
                -67.050298,
                10.581697
              ],
              [
                -67.047798,
                10.581367
              ],
              [
                -67.046554,
                10.580444
              ],
              [
                -67.045548,
                10.577412
              ],
              [
                -67.045775,
                10.57588
              ],
              [
                -67.046719,
                10.574936
              ],
              [
                -67.048802,
                10.574508
              ],
              [
                -67.049915,
                10.573615
              ],
              [
                -67.050853,
                10.572229
              ],
              [
                -67.050917,
                10.570316
              ],
              [
                -67.052447,
                10.56714
              ],
              [
                -67.055962,
                10.56513
              ],
              [
                -67.057358,
                10.563116
              ],
              [
                -67.058635,
                10.562729
              ],
              [
                -67.059912,
                10.563116
              ],
              [
                -67.060759,
                10.564148
              ],
              [
                -67.06089,
                10.565476
              ],
              [
                -67.058645,
                10.569771
              ],
              [
                -67.055611,
                10.572611
              ],
              [
                -67.05451,
                10.576879
              ],
              [
                -67.057423,
                10.581055
              ],
              [
                -67.0593,
                10.581821
              ],
              [
                -67.060087,
                10.581349
              ],
              [
                -67.061013,
                10.579368
              ],
              [
                -67.06304,
                10.57803
              ],
              [
                -67.063879,
                10.574666
              ],
              [
                -67.066307,
                10.572683
              ],
              [
                -67.068965,
                10.571873
              ],
              [
                -67.069027,
                10.569596
              ],
              [
                -67.06977,
                10.567889
              ],
              [
                -67.069478,
                10.565889
              ],
              [
                -67.071336,
                10.562163
              ],
              [
                -67.073019,
                10.561652
              ],
              [
                -67.076532,
                10.563075
              ],
              [
                -67.078793,
                10.562694
              ],
              [
                -67.0807,
                10.560008
              ],
              [
                -67.081977,
                10.559621
              ],
              [
                -67.084127,
                10.56002
              ],
              [
                -67.085658,
                10.557954
              ],
              [
                -67.087116,
                10.557432
              ],
              [
                -67.089307,
                10.558698
              ],
              [
                -67.089191,
                10.561059
              ],
              [
                -67.087728,
                10.562036
              ],
              [
                -67.084994,
                10.561856
              ],
              [
                -67.083616,
                10.564654
              ],
              [
                -67.081172,
                10.565559
              ],
              [
                -67.080294,
                10.567003
              ],
              [
                -67.081129,
                10.569921
              ],
              [
                -67.083105,
                10.571761
              ],
              [
                -67.084131,
                10.571761
              ],
              [
                -67.085567,
                10.570269
              ],
              [
                -67.086844,
                10.569881
              ],
              [
                -67.088302,
                10.570403
              ],
              [
                -67.089218,
                10.571741
              ],
              [
                -67.089036,
                10.573537
              ],
              [
                -67.087792,
                10.574781
              ],
              [
                -67.085979,
                10.574859
              ],
              [
                -67.084115,
                10.573808
              ],
              [
                -67.082971,
                10.574494
              ],
              [
                -67.082236,
                10.576926
              ],
              [
                -67.083905,
                10.578559
              ],
              [
                -67.084763,
                10.580462
              ],
              [
                -67.088454,
                10.581175
              ],
              [
                -67.08907,
                10.580495
              ],
              [
                -67.089359,
                10.578221
              ],
              [
                -67.091406,
                10.574913
              ],
              [
                -67.093706,
                10.573826
              ],
              [
                -67.096638,
                10.574838
              ],
              [
                -67.098993,
                10.571224
              ],
              [
                -67.100495,
                10.570848
              ],
              [
                -67.102617,
                10.571472
              ],
              [
                -67.105338,
                10.569494
              ],
              [
                -67.107046,
                10.569814
              ],
              [
                -67.108523,
                10.571582
              ],
              [
                -67.110123,
                10.57229
              ],
              [
                -67.111983,
                10.576173
              ],
              [
                -67.111143,
                10.57795
              ]
            ],
            [
              [
                -67.028889,
                10.587803
              ],
              [
                -67.027518,
                10.583165
              ],
              [
                -67.026012,
                10.582942
              ],
              [
                -67.023956,
                10.584948
              ],
              [
                -67.025043,
                10.588728
              ],
              [
                -67.024727,
                10.5925
              ],
              [
                -67.025815,
                10.593082
              ],
              [
                -67.028996,
                10.592285
              ],
              [
                -67.031304,
                10.594158
              ],
              [
                -67.032632,
                10.593342
              ],
              [
                -67.032514,
                10.59076
              ],
              [
                -67.028889,
                10.587803
              ]
            ],
            [
              [
                -67.080403,
                10.583105
              ],
              [
                -67.079811,
                10.584275
              ],
              [
                -67.080165,
                10.585968
              ],
              [
                -67.0816,
                10.586934
              ],
              [
                -67.084749,
                10.586792
              ],
              [
                -67.086433,
                10.585587
              ],
              [
                -67.086896,
                10.584338
              ],
              [
                -67.086604,
                10.582919
              ],
              [
                -67.084829,
                10.58137
              ],
              [
                -67.08204,
                10.581857
              ],
              [
                -67.080403,
                10.583105
              ]
            ],
            [
              [
                -67.063174,
                10.590292
              ],
              [
                -67.064858,
                10.589781
              ],
              [
                -67.065687,
                10.588229
              ],
              [
                -67.065177,
                10.586546
              ],
              [
                -67.063625,
                10.585717
              ],
              [
                -67.061942,
                10.586227
              ],
              [
                -67.061112,
                10.587779
              ],
              [
                -67.061623,
                10.589462
              ],
              [
                -67.063174,
                10.590292
              ]
            ],
            [
              [
                -67.046893,
                10.58855
              ],
              [
                -67.047362,
                10.591987
              ],
              [
                -67.048974,
                10.5935
              ],
              [
                -67.049282,
                10.593465
              ],
              [
                -67.051049,
                10.5943
              ],
              [
                -67.053086,
                10.593603
              ],
              [
                -67.053916,
                10.592052
              ],
              [
                -67.053782,
                10.59161
              ],
              [
                -67.054522,
                10.590567
              ],
              [
                -67.054558,
                10.589229
              ],
              [
                -67.053771,
                10.587493
              ],
              [
                -67.051281,
                10.584858
              ],
              [
                -67.049135,
                10.585318
              ],
              [
                -67.046893,
                10.58855
              ]
            ]
          ],
          [
            [
              [
                -67.016616,
                10.614909
              ],
              [
                -67.013401,
                10.614876
              ],
              [
                -67.012179,
                10.613895
              ],
              [
                -67.015871,
                10.613989
              ],
              [
                -67.019499,
                10.615786
              ],
              [
                -67.020009,
                10.615806
              ],
              [
                -67.018889,
                10.616253
              ],
              [
                -67.016616,
                10.614909
              ]
            ]
          ]
        ]
      }
    },
    {
      "type": "Feature",
      "properties": {
        "id": "ops-zone-006",
        "sectorId": "emsr884-aoi12-caraballeda-impact-03",
        "sectorLabel": "Caraballeda / La Guaira · Zona de impacto 3",
        "sectorRow": null,
        "sectorCol": null,
        "priority": "medium",
        "score": 57,
        "communityReports": 246,
        "communityReportsSuppressed": false,
        "communityEvents": {
          "other": 245,
          "structural_damage": 1
        },
        "latestSubmissionDate": "2026-07-14",
        "emsOfficialDestroyedDamaged": 6,
        "emsOfficialPossible": 13,
        "emsMonitorDestroyedDamaged": 6,
        "emsMonitorPossible": 6,
        "externalGapCandidates": null,
        "externalGapSuppressed": true,
        "aoiIds": [
          "emsr884-aoi12-caraballeda",
          "emsr884-aoi12-caraballeda-monitor01",
          "external-msft-la-guaira-east-predicted-damage"
        ],
        "aoiLabels": [
          "AOI12 Caraballeda / La Guaira",
          "AOI12 Caraballeda / La Guaira - Puntos EMSR884 MONIT01",
          "La Guaira Este - Candidatos triage Microsoft AI4G"
        ],
        "reasons": [
          "246 aggregated community reports",
          "1 structural-damage reports",
          "6 official EMS destroyed/damaged features",
          "6 MONIT01 destroyed/damaged points, kept separate from GRA"
        ],
        "geometryMethod": "official_ems_impact_envelope",
        "geometrySource": "official-ems",
        "overlapPolicy": "source_precedence_non_overlapping",
        "isOfficialDamageBoundary": false,
        "impactEnvelopeBufferDegrees": 0.0035,
        "publicNote": "Operational impact envelope derived from official EMS damaged/possibly damaged feature geometry. Counts remain EMS source-of-record; community, MONIT01, VLM, and external signals are triage only. No names, phones, links, photos, text, exact report points, or addresses are published."
      },
      "geometry": {
        "type": "Polygon",
        "coordinates": [
          [
            [
              -66.93571,
              10.603
            ],
            [
              -66.93342,
              10.604604
            ],
            [
              -66.931612,
              10.604784
            ],
            [
              -66.927369,
              10.603948
            ],
            [
              -66.923525,
              10.605732
            ],
            [
              -66.921092,
              10.605898
            ],
            [
              -66.916292,
              10.607755
            ],
            [
              -66.912626,
              10.606125
            ],
            [
              -66.911045,
              10.604002
            ],
            [
              -66.910289,
              10.601802
            ],
            [
              -66.910579,
              10.598631
            ],
            [
              -66.911871,
              10.59605
            ],
            [
              -66.91294,
              10.595203
            ],
            [
              -66.914271,
              10.595103
            ],
            [
              -66.915433,
              10.595759
            ],
            [
              -66.916588,
              10.59962
            ],
            [
              -66.917719,
              10.600312
            ],
            [
              -66.919535,
              10.599643
            ],
            [
              -66.920428,
              10.596713
            ],
            [
              -66.921559,
              10.595674
            ],
            [
              -66.924469,
              10.595959
            ],
            [
              -66.926402,
              10.594708
            ],
            [
              -66.929112,
              10.595223
            ],
            [
              -66.931449,
              10.594134
            ],
            [
              -66.932902,
              10.594578
            ],
            [
              -66.934243,
              10.596164
            ],
            [
              -66.93692,
              10.597077
            ],
            [
              -66.937466,
              10.598544
            ],
            [
              -66.93571,
              10.603
            ]
          ]
        ]
      }
    },
    {
      "type": "Feature",
      "properties": {
        "id": "ops-zone-007",
        "sectorId": "emsr884-aoi12-caraballeda-monitor01-impact-01",
        "sectorLabel": "Caraballeda / La Guaira - Puntos EMSR884 MONIT01 · Zona MONIT01 1",
        "sectorRow": null,
        "sectorCol": null,
        "priority": "medium",
        "score": 52,
        "communityReports": null,
        "communityReportsSuppressed": true,
        "communityEvents": {},
        "latestSubmissionDate": null,
        "emsOfficialDestroyedDamaged": 0,
        "emsOfficialPossible": 0,
        "emsMonitorDestroyedDamaged": 7,
        "emsMonitorPossible": 4,
        "externalGapCandidates": 315,
        "externalGapSuppressed": false,
        "aoiIds": [
          "emsr884-aoi12-caraballeda-monitor01",
          "external-msft-catia-la-mar-east-predicted-damage",
          "external-msft-catia-la-mar-predicted-damage"
        ],
        "aoiLabels": [
          "AOI12 Caraballeda / La Guaira - Puntos EMSR884 MONIT01",
          "Catia La Mar - Daño predicho Microsoft AI4G",
          "Catia La Mar Este - Candidatos triage Microsoft AI4G"
        ],
        "reasons": [
          "7 MONIT01 destroyed/damaged points, kept separate from GRA",
          "315 external candidates outside GRA",
          "gap: dense external candidates outside GRA"
        ],
        "geometryMethod": "monitor_triage_impact_envelope",
        "geometrySource": "monit01",
        "overlapPolicy": "source_precedence_non_overlapping",
        "isOfficialDamageBoundary": false,
        "impactEnvelopeBufferDegrees": 0.0035,
        "publicNote": "Operational impact envelope derived from MONIT01 point geometry where no matching GRA vector envelope is published. MONIT01 remains separate from official GRA counts. No names, phones, links, photos, text, exact report points, or addresses are published."
      },
      "geometry": {
        "type": "MultiPolygon",
        "coordinates": [
          [
            [
              [
                -67.022119,
                10.599186
              ],
              [
                -67.025044,
                10.597885
              ],
              [
                -67.028925,
                10.599869
              ],
              [
                -67.032504,
                10.599247
              ],
              [
                -67.032597,
                10.599302
              ],
              [
                -67.027526,
                10.600377
              ],
              [
                -67.023886,
                10.599501
              ],
              [
                -67.021308,
                10.600892
              ],
              [
                -67.01929,
                10.598652
              ],
              [
                -67.018382,
                10.598448
              ],
              [
                -67.018797,
                10.59814
              ],
              [
                -67.022119,
                10.599186
              ]
            ]
          ],
          [
            [
              [
                -67.039333,
                10.604355
              ],
              [
                -67.039139,
                10.607088
              ],
              [
                -67.038825,
                10.607447
              ],
              [
                -67.039093,
                10.605288
              ],
              [
                -67.037796,
                10.601751
              ],
              [
                -67.036602,
                10.601127
              ],
              [
                -67.034644,
                10.601121
              ],
              [
                -67.032636,
                10.599325
              ],
              [
                -67.034615,
                10.600491
              ],
              [
                -67.03563,
                10.600458
              ],
              [
                -67.03662,
                10.599078
              ],
              [
                -67.035048,
                10.597249
              ],
              [
                -67.03482,
                10.595717
              ],
              [
                -67.035449,
                10.59454
              ],
              [
                -67.036626,
                10.593911
              ],
              [
                -67.0387,
                10.59454
              ],
              [
                -67.039492,
                10.597372
              ],
              [
                -67.04177,
                10.599811
              ],
              [
                -67.041639,
                10.601139
              ],
              [
                -67.039333,
                10.604355
              ]
            ]
          ],
          [
            [
              [
                -66.988887,
                10.614206
              ],
              [
                -66.98702,
                10.612777
              ],
              [
                -66.988861,
                10.612487
              ],
              [
                -66.989873,
                10.610689
              ],
              [
                -66.989003,
                10.608598
              ],
              [
                -66.989467,
                10.608868
              ],
              [
                -66.991801,
                10.607699
              ],
              [
                -66.994421,
                10.608189
              ],
              [
                -66.994499,
                10.608128
              ],
              [
                -66.994143,
                10.610425
              ],
              [
                -66.994502,
                10.611228
              ],
              [
                -66.991619,
                10.612461
              ],
              [
                -66.990196,
                10.613946
              ],
              [
                -66.988887,
                10.614206
              ]
            ]
          ]
        ]
      }
    },
    {
      "type": "Feature",
      "properties": {
        "id": "ops-zone-008",
        "sectorId": "emsr884-aoi12-caraballeda-monitor01-impact-02",
        "sectorLabel": "Caraballeda / La Guaira - Puntos EMSR884 MONIT01 · Zona MONIT01 2",
        "sectorRow": null,
        "sectorCol": null,
        "priority": "medium",
        "score": 51,
        "communityReports": 56,
        "communityReportsSuppressed": false,
        "communityEvents": {
          "other": 53,
          "structural_damage": 3
        },
        "latestSubmissionDate": "2026-07-01",
        "emsOfficialDestroyedDamaged": 0,
        "emsOfficialPossible": 0,
        "emsMonitorDestroyedDamaged": 4,
        "emsMonitorPossible": 0,
        "externalGapCandidates": null,
        "externalGapSuppressed": true,
        "aoiIds": [
          "emsr884-aoi12-caraballeda-monitor01",
          "external-msft-caraballeda-east-predicted-damage"
        ],
        "aoiLabels": [
          "AOI12 Caraballeda / La Guaira - Puntos EMSR884 MONIT01",
          "Caraballeda Este - Candidatos triage Microsoft AI4G"
        ],
        "reasons": [
          "56 aggregated community reports",
          "3 structural-damage reports",
          "4 MONIT01 destroyed/damaged points, kept separate from GRA"
        ],
        "geometryMethod": "monitor_triage_impact_envelope",
        "geometrySource": "monit01",
        "overlapPolicy": "source_precedence_non_overlapping",
        "isOfficialDamageBoundary": false,
        "impactEnvelopeBufferDegrees": 0.0035,
        "publicNote": "Operational impact envelope derived from MONIT01 point geometry where no matching GRA vector envelope is published. MONIT01 remains separate from official GRA counts. No names, phones, links, photos, text, exact report points, or addresses are published."
      },
      "geometry": {
        "type": "Polygon",
        "coordinates": [
          [
            [
              -66.849886,
              10.609489
            ],
            [
              -66.851867,
              10.610707
            ],
            [
              -66.854623,
              10.610754
            ],
            [
              -66.856811,
              10.613259
            ],
            [
              -66.860014,
              10.611583
            ],
            [
              -66.861342,
              10.611452
            ],
            [
              -66.863057,
              10.612645
            ],
            [
              -66.8634,
              10.614371
            ],
            [
              -66.863037,
              10.615011
            ],
            [
              -66.862319,
              10.613333
            ],
            [
              -66.859693,
              10.612166
            ],
            [
              -66.858426,
              10.612631
            ],
            [
              -66.855711,
              10.615017
            ],
            [
              -66.850735,
              10.615699
            ],
            [
              -66.85018,
              10.614976
            ],
            [
              -66.849212,
              10.609556
            ],
            [
              -66.849886,
              10.609489
            ]
          ]
        ]
      }
    },
    {
      "type": "Feature",
      "properties": {
        "id": "ops-zone-009",
        "sectorId": "external-msft-catia-la-mar-east-predicted-damage-impact-01",
        "sectorLabel": "Catia La Mar Este - Candidatos triage Microsoft AI4G · Zona predicción externa 1",
        "sectorRow": null,
        "sectorCol": null,
        "priority": "medium",
        "score": 50,
        "communityReports": null,
        "communityReportsSuppressed": true,
        "communityEvents": {},
        "latestSubmissionDate": null,
        "emsOfficialDestroyedDamaged": 0,
        "emsOfficialPossible": 0,
        "emsMonitorDestroyedDamaged": 0,
        "emsMonitorPossible": 0,
        "externalGapCandidates": 260,
        "externalGapSuppressed": false,
        "aoiIds": [
          "external-msft-catia-la-mar-east-predicted-damage"
        ],
        "aoiLabels": [
          "Catia La Mar Este - Candidatos triage Microsoft AI4G"
        ],
        "reasons": [
          "260 external candidates outside GRA",
          "gap: dense external candidates outside GRA"
        ],
        "geometryMethod": "external_prediction_impact_envelope",
        "geometrySource": "external-prediction",
        "overlapPolicy": "source_precedence_non_overlapping",
        "isOfficialDamageBoundary": false,
        "impactEnvelopeBufferDegrees": 0.0035,
        "publicNote": "Operational triage envelope derived from Microsoft AI4G prediction geometry outside official GRA. External predictions are not official EMS damage labels or counts. No names, phones, links, photos, text, exact report points, or addresses are published."
      },
      "geometry": {
        "type": "MultiPolygon",
        "coordinates": [
          [
            [
              [
                -67.016871,
                10.575342
              ],
              [
                -67.017048,
                10.575576
              ],
              [
                -67.01432,
                10.575737
              ],
              [
                -67.013145,
                10.576549
              ],
              [
                -67.013788,
                10.575191
              ],
              [
                -67.015695,
                10.574713
              ],
              [
                -67.016871,
                10.575342
              ]
            ]
          ],
          [
            [
              [
                -67.026453,
                10.579295
              ],
              [
                -67.026114,
                10.579634
              ],
              [
                -67.025223,
                10.579857
              ],
              [
                -67.019488,
                10.578173
              ],
              [
                -67.021785,
                10.578726
              ],
              [
                -67.024526,
                10.577604
              ],
              [
                -67.026425,
                10.579012
              ],
              [
                -67.026453,
                10.579295
              ]
            ]
          ],
          [
            [
              [
                -67.025815,
                10.593082
              ],
              [
                -67.024727,
                10.5925
              ],
              [
                -67.025043,
                10.588728
              ],
              [
                -67.024982,
                10.588516
              ],
              [
                -67.026473,
                10.589077
              ],
              [
                -67.027396,
                10.590321
              ],
              [
                -67.027856,
                10.59257
              ],
              [
                -67.025815,
                10.593082
              ]
            ]
          ],
          [
            [
              [
                -66.972155,
                10.609387
              ],
              [
                -66.970911,
                10.608464
              ],
              [
                -66.96996,
                10.605788
              ],
              [
                -66.963374,
                10.603985
              ],
              [
                -66.961089,
                10.600403
              ],
              [
                -66.957459,
                10.598257
              ],
              [
                -66.95731,
                10.594573
              ],
              [
                -66.956467,
                10.591962
              ],
              [
                -66.957263,
                10.590634
              ],
              [
                -66.958947,
                10.590123
              ],
              [
                -66.96018,
                10.590634
              ],
              [
                -66.96168,
                10.592579
              ],
              [
                -66.96624,
                10.593083
              ],
              [
                -66.968269,
                10.591427
              ],
              [
                -66.972974,
                10.590713
              ],
              [
                -66.974566,
                10.589451
              ],
              [
                -66.976364,
                10.589246
              ],
              [
                -66.97958,
                10.587805
              ],
              [
                -66.981357,
                10.588646
              ],
              [
                -66.981926,
                10.591635
              ],
              [
                -66.984408,
                10.593547
              ],
              [
                -66.986331,
                10.59309
              ],
              [
                -66.98853,
                10.593723
              ],
              [
                -66.990941,
                10.592325
              ],
              [
                -66.993607,
                10.593018
              ],
              [
                -66.994672,
                10.591649
              ],
              [
                -66.994521,
                10.592405
              ],
              [
                -66.995441,
                10.5943
              ],
              [
                -66.995471,
                10.596099
              ],
              [
                -66.996713,
                10.598126
              ],
              [
                -66.99569,
                10.600084
              ],
              [
                -66.99569,
                10.6006
              ],
              [
                -66.994843,
                10.599251
              ],
              [
                -66.991027,
                10.599066
              ],
              [
                -66.988011,
                10.599818
              ],
              [
                -66.985863,
                10.601553
              ],
              [
                -66.981292,
                10.600552
              ],
              [
                -66.9784,
                10.60116
              ],
              [
                -66.977644,
                10.602304
              ],
              [
                -66.978438,
                10.603493
              ],
              [
                -66.980383,
                10.603689
              ],
              [
                -66.981987,
                10.604597
              ],
              [
                -66.985149,
                10.604862
              ],
              [
                -66.986934,
                10.607415
              ],
              [
                -66.985078,
                10.606659
              ],
              [
                -66.983301,
                10.606896
              ],
              [
                -66.982127,
                10.608561
              ],
              [
                -66.982704,
                10.610524
              ],
              [
                -66.979942,
                10.608798
              ],
              [
                -66.974554,
                10.609693
              ],
              [
                -66.972155,
                10.609387
              ]
            ],
            [
              [
                -66.979001,
                10.606955
              ],
              [
                -66.978774,
                10.605423
              ],
              [
                -66.977626,
                10.604383
              ],
              [
                -66.974304,
                10.604212
              ],
              [
                -66.971314,
                10.605078
              ],
              [
                -66.970485,
                10.606629
              ],
              [
                -66.970995,
                10.608313
              ],
              [
                -66.973129,
                10.609185
              ],
              [
                -66.976482,
                10.609094
              ],
              [
                -66.978205,
                10.608284
              ],
              [
                -66.979001,
                10.606955
              ]
            ]
          ],
          [
            [
              [
                -66.994682,
                10.606951
              ],
              [
                -66.994499,
                10.608128
              ],
              [
                -66.994421,
                10.608189
              ],
              [
                -66.992787,
                10.607883
              ],
              [
                -66.993285,
                10.607705
              ],
              [
                -66.995442,
                10.605785
              ],
              [
                -66.996251,
                10.605873
              ],
              [
                -66.994682,
                10.606951
              ]
            ]
          ],
          [
            [
              [
                -66.98871,
                10.614278
              ],
              [
                -66.984842,
                10.61186
              ],
              [
                -66.986703,
                10.612827
              ],
              [
                -66.98702,
                10.612777
              ],
              [
                -66.988887,
                10.614206
              ],
              [
                -66.990196,
                10.613946
              ],
              [
                -66.991619,
                10.612461
              ],
              [
                -66.994502,
                10.611228
              ],
              [
                -66.994784,
                10.611861
              ],
              [
                -66.995972,
                10.612513
              ],
              [
                -66.998395,
                10.612483
              ],
              [
                -66.997989,
                10.612766
              ],
              [
                -66.995694,
                10.612812
              ],
              [
                -66.990863,
                10.614403
              ],
              [
                -66.98871,
                10.614278
              ]
            ]
          ]
        ]
      }
    },
    {
      "type": "Feature",
      "properties": {
        "id": "ops-zone-010",
        "sectorId": "emsr884-aoi12-caraballeda-monitor01-impact-09",
        "sectorLabel": "Caraballeda / La Guaira - Puntos EMSR884 MONIT01 · Zona MONIT01 9",
        "sectorRow": null,
        "sectorCol": null,
        "priority": "medium",
        "score": 50,
        "communityReports": null,
        "communityReportsSuppressed": false,
        "communityEvents": {},
        "latestSubmissionDate": null,
        "emsOfficialDestroyedDamaged": 0,
        "emsOfficialPossible": 0,
        "emsMonitorDestroyedDamaged": 0,
        "emsMonitorPossible": 1,
        "externalGapCandidates": 234,
        "externalGapSuppressed": false,
        "aoiIds": [
          "emsr884-aoi12-caraballeda-monitor01",
          "external-msft-catia-la-mar-predicted-damage"
        ],
        "aoiLabels": [
          "AOI12 Caraballeda / La Guaira - Puntos EMSR884 MONIT01",
          "Catia La Mar - Daño predicho Microsoft AI4G"
        ],
        "reasons": [
          "234 external candidates outside GRA",
          "gap: dense external candidates outside GRA"
        ],
        "geometryMethod": "monitor_triage_impact_envelope",
        "geometrySource": "monit01",
        "overlapPolicy": "source_precedence_non_overlapping",
        "isOfficialDamageBoundary": false,
        "impactEnvelopeBufferDegrees": 0.0035,
        "publicNote": "Operational impact envelope derived from MONIT01 point geometry where no matching GRA vector envelope is published. MONIT01 remains separate from official GRA counts. No names, phones, links, photos, text, exact report points, or addresses are published."
      },
      "geometry": {
        "type": "Polygon",
        "coordinates": [
          [
            [
              -67.063625,
              10.585717
            ],
            [
              -67.065177,
              10.586546
            ],
            [
              -67.065687,
              10.588229
            ],
            [
              -67.064858,
              10.589781
            ],
            [
              -67.063174,
              10.590292
            ],
            [
              -67.061623,
              10.589462
            ],
            [
              -67.061112,
              10.587779
            ],
            [
              -67.061942,
              10.586227
            ],
            [
              -67.063625,
              10.585717
            ]
          ]
        ]
      }
    },
    {
      "type": "Feature",
      "properties": {
        "id": "ops-zone-011",
        "sectorId": "external-hot-mapswipe-ems-gap-visual-impact-12",
        "sectorLabel": "Brechas visuales HOT/MapSwipe fuera de EMS · Zona triage externo 12",
        "sectorRow": null,
        "sectorCol": null,
        "priority": "medium",
        "score": 40,
        "communityReports": 20,
        "communityReportsSuppressed": false,
        "communityEvents": {
          "other": 20
        },
        "latestSubmissionDate": "2026-06-28",
        "emsOfficialDestroyedDamaged": 0,
        "emsOfficialPossible": 0,
        "emsMonitorDestroyedDamaged": 0,
        "emsMonitorPossible": 0,
        "externalGapCandidates": null,
        "externalGapSuppressed": false,
        "aoiIds": [
          "external-hot-mapswipe-ems-gap-visual"
        ],
        "aoiLabels": [
          "Brechas visuales HOT/MapSwipe fuera de EMS"
        ],
        "reasons": [
          "20 aggregated community reports"
        ],
        "geometryMethod": "external_gap_impact_envelope",
        "geometrySource": "external-gap",
        "overlapPolicy": "source_precedence_non_overlapping",
        "isOfficialDamageBoundary": false,
        "impactEnvelopeBufferDegrees": 0.0035,
        "publicNote": "Operational triage envelope derived from external visual gap polygons outside official GRA. Not an official EMS damage area. No names, phones, links, photos, text, exact report points, or addresses are published."
      },
      "geometry": {
        "type": "Polygon",
        "coordinates": [
          [
            [
              -66.957188,
              10.512831
            ],
            [
              -66.958379,
              10.514664
            ],
            [
              -66.957933,
              10.516424
            ],
            [
              -66.955867,
              10.518035
            ],
            [
              -66.953941,
              10.517561
            ],
            [
              -66.952932,
              10.515851
            ],
            [
              -66.953233,
              10.514306
            ],
            [
              -66.955,
              10.512585
            ],
            [
              -66.957188,
              10.512831
            ]
          ]
        ]
      }
    },
    {
      "type": "Feature",
      "properties": {
        "id": "ops-zone-012",
        "sectorId": "emsr884-aoi06-moron-impact-01",
        "sectorLabel": "Moron · Zona de impacto 1",
        "sectorRow": null,
        "sectorCol": null,
        "priority": "low",
        "score": 27,
        "communityReports": null,
        "communityReportsSuppressed": true,
        "communityEvents": {},
        "latestSubmissionDate": null,
        "emsOfficialDestroyedDamaged": 36,
        "emsOfficialPossible": 92,
        "emsMonitorDestroyedDamaged": 40,
        "emsMonitorPossible": 49,
        "externalGapCandidates": null,
        "externalGapSuppressed": false,
        "aoiIds": [
          "emsr884-aoi06-moron",
          "emsr884-aoi06-moron-monitor01"
        ],
        "aoiLabels": [
          "AOI06 Moron",
          "AOI06 Moron - Puntos EMSR884 MONIT01"
        ],
        "reasons": [
          "36 official EMS destroyed/damaged features",
          "40 MONIT01 destroyed/damaged points, kept separate from GRA"
        ],
        "geometryMethod": "official_ems_impact_envelope",
        "geometrySource": "official-ems",
        "overlapPolicy": "source_precedence_non_overlapping",
        "isOfficialDamageBoundary": false,
        "impactEnvelopeBufferDegrees": 0.0035,
        "publicNote": "Operational impact envelope derived from official EMS damaged/possibly damaged feature geometry. Counts remain EMS source-of-record; community, MONIT01, VLM, and external signals are triage only. No names, phones, links, photos, text, exact report points, or addresses are published."
      },
      "geometry": {
        "type": "Polygon",
        "coordinates": [
          [
            [
              -68.245306,
              10.470846
            ],
            [
              -68.24379,
              10.472423
            ],
            [
              -68.239187,
              10.473039
            ],
            [
              -68.239054,
              10.476326
            ],
            [
              -68.237986,
              10.477733
            ],
            [
              -68.235185,
              10.478715
            ],
            [
              -68.232877,
              10.478707
            ],
            [
              -68.230706,
              10.479843
            ],
            [
              -68.228769,
              10.479561
            ],
            [
              -68.226242,
              10.477556
            ],
            [
              -68.220789,
              10.480807
            ],
            [
              -68.219267,
              10.480416
            ],
            [
              -68.217064,
              10.477998
            ],
            [
              -68.21315,
              10.479977
            ],
            [
              -68.211762,
              10.479759
            ],
            [
              -68.20981,
              10.478285
            ],
            [
              -68.206321,
              10.479589
            ],
            [
              -68.205883,
              10.48038
            ],
            [
              -68.205947,
              10.483361
            ],
            [
              -68.208068,
              10.484723
            ],
            [
              -68.210289,
              10.483856
            ],
            [
              -68.211811,
              10.484226
            ],
            [
              -68.213066,
              10.48587
            ],
            [
              -68.213064,
              10.487626
            ],
            [
              -68.205558,
              10.493718
            ],
            [
              -68.203963,
              10.493727
            ],
            [
              -68.200229,
              10.492015
            ],
            [
              -68.199087,
              10.492427
            ],
            [
              -68.198702,
              10.493608
            ],
            [
              -68.199878,
              10.495248
            ],
            [
              -68.200017,
              10.496833
            ],
            [
              -68.198239,
              10.498937
            ],
            [
              -68.197886,
              10.501608
            ],
            [
              -68.196112,
              10.503431
            ],
            [
              -68.192019,
              10.504424
            ],
            [
              -68.189155,
              10.50253
            ],
            [
              -68.187522,
              10.503761
            ],
            [
              -68.187349,
              10.506313
            ],
            [
              -68.189946,
              10.507837
            ],
            [
              -68.190901,
              10.511198
            ],
            [
              -68.192931,
              10.512306
            ],
            [
              -68.194512,
              10.514495
            ],
            [
              -68.193946,
              10.516595
            ],
            [
              -68.190642,
              10.518586
            ],
            [
              -68.188543,
              10.51848
            ],
            [
              -68.185842,
              10.515672
            ],
            [
              -68.184143,
              10.508727
            ],
            [
              -68.182052,
              10.508926
            ],
            [
              -68.180669,
              10.511617
            ],
            [
              -68.178759,
              10.513166
            ],
            [
              -68.177176,
              10.513276
            ],
            [
              -68.173209,
              10.510256
            ],
            [
              -68.172572,
              10.507157
            ],
            [
              -68.169145,
              10.505335
            ],
            [
              -68.168272,
              10.504316
            ],
            [
              -68.168117,
              10.502983
            ],
            [
              -68.169318,
              10.498344
            ],
            [
              -68.171864,
              10.495905
            ],
            [
              -68.170554,
              10.49229
            ],
            [
              -68.171844,
              10.48931
            ],
            [
              -68.173174,
              10.488646
            ],
            [
              -68.177574,
              10.48824
            ],
            [
              -68.181639,
              10.489401
            ],
            [
              -68.183276,
              10.487806
            ],
            [
              -68.18565,
              10.487187
            ],
            [
              -68.187102,
              10.484568
            ],
            [
              -68.188472,
              10.48382
            ],
            [
              -68.191238,
              10.484196
            ],
            [
              -68.193194,
              10.485428
            ],
            [
              -68.197495,
              10.484612
            ],
            [
              -68.198263,
              10.481798
            ],
            [
              -68.19751,
              10.480099
            ],
            [
              -68.197359,
              10.477618
            ],
            [
              -68.198346,
              10.475895
            ],
            [
              -68.198819,
              10.472431
            ],
            [
              -68.199984,
              10.471161
            ],
            [
              -68.203161,
              10.470874
            ],
            [
              -68.205957,
              10.471857
            ],
            [
              -68.209023,
              10.47065
            ],
            [
              -68.2128,
              10.470625
            ],
            [
              -68.214218,
              10.471668
            ],
            [
              -68.214858,
              10.473923
            ],
            [
              -68.217491,
              10.475555
            ],
            [
              -68.219443,
              10.474456
            ],
            [
              -68.22256,
              10.474072
            ],
            [
              -68.224308,
              10.472714
            ],
            [
              -68.227163,
              10.47256
            ],
            [
              -68.229016,
              10.471549
            ],
            [
              -68.235576,
              10.471309
            ],
            [
              -68.238038,
              10.472019
            ],
            [
              -68.23878,
              10.471178
            ],
            [
              -68.238505,
              10.469338
            ],
            [
              -68.238916,
              10.468105
            ],
            [
              -68.242044,
              10.466655
            ],
            [
              -68.243344,
              10.466774
            ],
            [
              -68.24437,
              10.467581
            ],
            [
              -68.245306,
              10.470846
            ]
          ]
        ]
      }
    },
    {
      "type": "Feature",
      "properties": {
        "id": "ops-zone-013",
        "sectorId": "emsr884-aoi08-san-felipe-impact-02",
        "sectorLabel": "San Felipe · Zona de impacto 2",
        "sectorRow": null,
        "sectorCol": null,
        "priority": "low",
        "score": 18,
        "communityReports": null,
        "communityReportsSuppressed": false,
        "communityEvents": {},
        "latestSubmissionDate": null,
        "emsOfficialDestroyedDamaged": 8,
        "emsOfficialPossible": 6,
        "emsMonitorDestroyedDamaged": 11,
        "emsMonitorPossible": 33,
        "externalGapCandidates": null,
        "externalGapSuppressed": false,
        "aoiIds": [
          "emsr884-aoi08-san-felipe",
          "emsr884-aoi08-san-felipe-monitor01"
        ],
        "aoiLabels": [
          "AOI08 San Felipe",
          "AOI08 San Felipe - Puntos EMSR884 MONIT01"
        ],
        "reasons": [
          "8 official EMS destroyed/damaged features",
          "11 MONIT01 destroyed/damaged points, kept separate from GRA"
        ],
        "geometryMethod": "official_ems_impact_envelope",
        "geometrySource": "official-ems",
        "overlapPolicy": "source_precedence_non_overlapping",
        "isOfficialDamageBoundary": false,
        "impactEnvelopeBufferDegrees": 0.0035,
        "publicNote": "Operational impact envelope derived from official EMS damaged/possibly damaged feature geometry. Counts remain EMS source-of-record; community, MONIT01, VLM, and external signals are triage only. No names, phones, links, photos, text, exact report points, or addresses are published."
      },
      "geometry": {
        "type": "Polygon",
        "coordinates": [
          [
            [
              -68.750719,
              10.338936
            ],
            [
              -68.748537,
              10.340999
            ],
            [
              -68.746785,
              10.341045
            ],
            [
              -68.743985,
              10.339596
            ],
            [
              -68.741148,
              10.342661
            ],
            [
              -68.738292,
              10.342201
            ],
            [
              -68.735267,
              10.342584
            ],
            [
              -68.733237,
              10.344447
            ],
            [
              -68.731957,
              10.344863
            ],
            [
              -68.730479,
              10.344357
            ],
            [
              -68.728814,
              10.342211
            ],
            [
              -68.731802,
              10.337848
            ],
            [
              -68.734271,
              10.335652
            ],
            [
              -68.735741,
              10.335221
            ],
            [
              -68.738862,
              10.335916
            ],
            [
              -68.740119,
              10.33398
            ],
            [
              -68.741839,
              10.332791
            ],
            [
              -68.74336,
              10.332941
            ],
            [
              -68.745119,
              10.334328
            ],
            [
              -68.747589,
              10.334427
            ],
            [
              -68.750208,
              10.336572
            ],
            [
              -68.750719,
              10.338936
            ]
          ]
        ]
      }
    },
    {
      "type": "Feature",
      "properties": {
        "id": "ops-zone-014",
        "sectorId": "emsr884-aoi12-caraballeda-impact-07",
        "sectorLabel": "Caraballeda / La Guaira · Zona de impacto 7",
        "sectorRow": null,
        "sectorCol": null,
        "priority": "low",
        "score": 12,
        "communityReports": null,
        "communityReportsSuppressed": false,
        "communityEvents": {},
        "latestSubmissionDate": null,
        "emsOfficialDestroyedDamaged": 0,
        "emsOfficialPossible": 1,
        "emsMonitorDestroyedDamaged": 0,
        "emsMonitorPossible": 0,
        "externalGapCandidates": 48,
        "externalGapSuppressed": false,
        "aoiIds": [
          "emsr884-aoi12-caraballeda",
          "external-msft-catia-la-mar-predicted-damage"
        ],
        "aoiLabels": [
          "AOI12 Caraballeda / La Guaira",
          "Catia La Mar - Daño predicho Microsoft AI4G"
        ],
        "reasons": [
          "48 external candidates outside GRA"
        ],
        "geometryMethod": "official_ems_impact_envelope",
        "geometrySource": "official-ems",
        "overlapPolicy": "source_precedence_non_overlapping",
        "isOfficialDamageBoundary": false,
        "impactEnvelopeBufferDegrees": 0.0035,
        "publicNote": "Operational impact envelope derived from official EMS damaged/possibly damaged feature geometry. Counts remain EMS source-of-record; community, MONIT01, VLM, and external signals are triage only. No names, phones, links, photos, text, exact report points, or addresses are published."
      },
      "geometry": {
        "type": "Polygon",
        "coordinates": [
          [
            [
              -67.084749,
              10.586792
            ],
            [
              -67.0816,
              10.586934
            ],
            [
              -67.080165,
              10.585968
            ],
            [
              -67.079811,
              10.584275
            ],
            [
              -67.080403,
              10.583105
            ],
            [
              -67.08204,
              10.581857
            ],
            [
              -67.084829,
              10.58137
            ],
            [
              -67.086604,
              10.582919
            ],
            [
              -67.086896,
              10.584338
            ],
            [
              -67.086433,
              10.585587
            ],
            [
              -67.084749,
              10.586792
            ]
          ]
        ]
      }
    },
    {
      "type": "Feature",
      "properties": {
        "id": "ops-zone-015",
        "sectorId": "emsr884-aoi12-caraballeda-impact-06",
        "sectorLabel": "Caraballeda / La Guaira · Zona de impacto 6",
        "sectorRow": null,
        "sectorCol": null,
        "priority": "low",
        "score": 12,
        "communityReports": null,
        "communityReportsSuppressed": false,
        "communityEvents": {},
        "latestSubmissionDate": null,
        "emsOfficialDestroyedDamaged": 1,
        "emsOfficialPossible": 0,
        "emsMonitorDestroyedDamaged": 6,
        "emsMonitorPossible": 5,
        "externalGapCandidates": 34,
        "externalGapSuppressed": false,
        "aoiIds": [
          "emsr884-aoi12-caraballeda",
          "emsr884-aoi12-caraballeda-monitor01",
          "external-msft-catia-la-mar-east-predicted-damage"
        ],
        "aoiLabels": [
          "AOI12 Caraballeda / La Guaira",
          "AOI12 Caraballeda / La Guaira - Puntos EMSR884 MONIT01",
          "Catia La Mar Este - Candidatos triage Microsoft AI4G"
        ],
        "reasons": [
          "1 official EMS destroyed/damaged features",
          "6 MONIT01 destroyed/damaged points, kept separate from GRA",
          "34 external candidates outside GRA"
        ],
        "geometryMethod": "official_ems_impact_envelope",
        "geometrySource": "official-ems",
        "overlapPolicy": "source_precedence_non_overlapping",
        "isOfficialDamageBoundary": false,
        "impactEnvelopeBufferDegrees": 0.0035,
        "publicNote": "Operational impact envelope derived from official EMS damaged/possibly damaged feature geometry. Counts remain EMS source-of-record; community, MONIT01, VLM, and external signals are triage only. No names, phones, links, photos, text, exact report points, or addresses are published."
      },
      "geometry": {
        "type": "Polygon",
        "coordinates": [
          [
            [
              -66.988861,
              10.612487
            ],
            [
              -66.986703,
              10.612827
            ],
            [
              -66.982782,
              10.61079
            ],
            [
              -66.982127,
              10.608561
            ],
            [
              -66.983301,
              10.606896
            ],
            [
              -66.985078,
              10.606659
            ],
            [
              -66.988832,
              10.608187
            ],
            [
              -66.989873,
              10.610689
            ],
            [
              -66.988861,
              10.612487
            ]
          ]
        ]
      }
    },
    {
      "type": "Feature",
      "properties": {
        "id": "ops-zone-016",
        "sectorId": "emsr884-aoi02-caracas-monitor01-impact-01",
        "sectorLabel": "Caracas - Puntos EMSR884 MONIT01 · Zona MONIT01 1",
        "sectorRow": null,
        "sectorCol": null,
        "priority": "low",
        "score": 2,
        "communityReports": null,
        "communityReportsSuppressed": true,
        "communityEvents": {},
        "latestSubmissionDate": null,
        "emsOfficialDestroyedDamaged": 0,
        "emsOfficialPossible": 0,
        "emsMonitorDestroyedDamaged": 3,
        "emsMonitorPossible": 16,
        "externalGapCandidates": null,
        "externalGapSuppressed": false,
        "aoiIds": [
          "emsr884-aoi02-caracas-monitor01"
        ],
        "aoiLabels": [
          "AOI02 Caracas - Puntos EMSR884 MONIT01"
        ],
        "reasons": [
          "3 MONIT01 destroyed/damaged points, kept separate from GRA"
        ],
        "geometryMethod": "monitor_triage_impact_envelope",
        "geometrySource": "monit01",
        "overlapPolicy": "source_precedence_non_overlapping",
        "isOfficialDamageBoundary": false,
        "impactEnvelopeBufferDegrees": 0.0035,
        "publicNote": "Operational impact envelope derived from MONIT01 point geometry where no matching GRA vector envelope is published. MONIT01 remains separate from official GRA counts. No names, phones, links, photos, text, exact report points, or addresses are published."
      },
      "geometry": {
        "type": "Polygon",
        "coordinates": [
          [
            [
              -66.905675,
              10.513093
            ],
            [
              -66.904879,
              10.515318
            ],
            [
              -66.903646,
              10.515829
            ],
            [
              -66.901517,
              10.515666
            ],
            [
              -66.899103,
              10.517716
            ],
            [
              -66.897754,
              10.517673
            ],
            [
              -66.896644,
              10.516932
            ],
            [
              -66.895894,
              10.514895
            ],
            [
              -66.89679,
              10.512936
            ],
            [
              -66.898228,
              10.512275
            ],
            [
              -66.900536,
              10.512624
            ],
            [
              -66.902269,
              10.511289
            ],
            [
              -66.904037,
              10.511292
            ],
            [
              -66.905675,
              10.513093
            ]
          ]
        ]
      }
    },
    {
      "type": "Feature",
      "properties": {
        "id": "ops-zone-017",
        "sectorId": "emsr884-aoi12-caraballeda-monitor01-impact-07",
        "sectorLabel": "Caraballeda / La Guaira - Puntos EMSR884 MONIT01 · Zona MONIT01 7",
        "sectorRow": null,
        "sectorCol": null,
        "priority": "low",
        "score": 2,
        "communityReports": null,
        "communityReportsSuppressed": true,
        "communityEvents": {},
        "latestSubmissionDate": null,
        "emsOfficialDestroyedDamaged": 0,
        "emsOfficialPossible": 0,
        "emsMonitorDestroyedDamaged": 1,
        "emsMonitorPossible": 1,
        "externalGapCandidates": null,
        "externalGapSuppressed": true,
        "aoiIds": [
          "emsr884-aoi12-caraballeda-monitor01",
          "external-msft-la-guaira-east-predicted-damage"
        ],
        "aoiLabels": [
          "AOI12 Caraballeda / La Guaira - Puntos EMSR884 MONIT01",
          "La Guaira Este - Candidatos triage Microsoft AI4G"
        ],
        "reasons": [
          "1 MONIT01 destroyed/damaged points, kept separate from GRA"
        ],
        "geometryMethod": "monitor_triage_impact_envelope",
        "geometrySource": "monit01",
        "overlapPolicy": "source_precedence_non_overlapping",
        "isOfficialDamageBoundary": false,
        "impactEnvelopeBufferDegrees": 0.0035,
        "publicNote": "Operational impact envelope derived from MONIT01 point geometry where no matching GRA vector envelope is published. MONIT01 remains separate from official GRA counts. No names, phones, links, photos, text, exact report points, or addresses are published."
      },
      "geometry": {
        "type": "Polygon",
        "coordinates": [
          [
            [
              -66.875533,
              10.60945
            ],
            [
              -66.875157,
              10.610952
            ],
            [
              -66.873694,
              10.611929
            ],
            [
              -66.872162,
              10.611702
            ],
            [
              -66.871219,
              10.610758
            ],
            [
              -66.870014,
              10.607422
            ],
            [
              -66.870186,
              10.605671
            ],
            [
              -66.871546,
              10.604555
            ],
            [
              -66.873297,
              10.604727
            ],
            [
              -66.874337,
              10.605875
            ],
            [
              -66.875533,
              10.60945
            ]
          ]
        ]
      }
    },
    {
      "type": "Feature",
      "properties": {
        "id": "ops-zone-018",
        "sectorId": "emsr884-aoi05-santa-cruz-impact-01",
        "sectorLabel": "Santa Cruz - Puntos oficiales EMSR884 · Zona MONIT01 1",
        "sectorRow": null,
        "sectorCol": null,
        "priority": "low",
        "score": 2,
        "communityReports": null,
        "communityReportsSuppressed": true,
        "communityEvents": {},
        "latestSubmissionDate": null,
        "emsOfficialDestroyedDamaged": 0,
        "emsOfficialPossible": 0,
        "emsMonitorDestroyedDamaged": 3,
        "emsMonitorPossible": 0,
        "externalGapCandidates": null,
        "externalGapSuppressed": false,
        "aoiIds": [
          "emsr884-aoi05-santa-cruz"
        ],
        "aoiLabels": [
          "AOI05 Santa Cruz - Puntos oficiales EMSR884"
        ],
        "reasons": [
          "3 MONIT01 destroyed/damaged points, kept separate from GRA"
        ],
        "geometryMethod": "monitor_triage_impact_envelope",
        "geometrySource": "monit01",
        "overlapPolicy": "source_precedence_non_overlapping",
        "isOfficialDamageBoundary": false,
        "impactEnvelopeBufferDegrees": 0.0035,
        "publicNote": "Operational impact envelope derived from MONIT01 point geometry where no matching GRA vector envelope is published. MONIT01 remains separate from official GRA counts. No names, phones, links, photos, text, exact report points, or addresses are published."
      },
      "geometry": {
        "type": "Polygon",
        "coordinates": [
          [
            [
              -67.483355,
              10.212002
            ],
            [
              -67.483012,
              10.213727
            ],
            [
              -67.481343,
              10.214834
            ],
            [
              -67.479617,
              10.214491
            ],
            [
              -67.47864,
              10.213028
            ],
            [
              -67.479106,
              10.211118
            ],
            [
              -67.480568,
              10.21014
            ],
            [
              -67.482374,
              10.210536
            ],
            [
              -67.483355,
              10.212002
            ]
          ]
        ]
      }
    },
    {
      "type": "Feature",
      "properties": {
        "id": "ops-zone-019",
        "sectorId": "emsr884-aoi12-caraballeda-impact-05",
        "sectorLabel": "Caraballeda / La Guaira · Zona de impacto 5",
        "sectorRow": null,
        "sectorCol": null,
        "priority": "low",
        "score": 2,
        "communityReports": null,
        "communityReportsSuppressed": false,
        "communityEvents": {},
        "latestSubmissionDate": null,
        "emsOfficialDestroyedDamaged": 0,
        "emsOfficialPossible": 1,
        "emsMonitorDestroyedDamaged": 1,
        "emsMonitorPossible": 3,
        "externalGapCandidates": null,
        "externalGapSuppressed": true,
        "aoiIds": [
          "emsr884-aoi12-caraballeda",
          "emsr884-aoi12-caraballeda-monitor01",
          "external-msft-catia-la-mar-predicted-damage"
        ],
        "aoiLabels": [
          "AOI12 Caraballeda / La Guaira",
          "AOI12 Caraballeda / La Guaira - Puntos EMSR884 MONIT01",
          "Catia La Mar - Daño predicho Microsoft AI4G"
        ],
        "reasons": [
          "1 MONIT01 destroyed/damaged points, kept separate from GRA"
        ],
        "geometryMethod": "official_ems_impact_envelope",
        "geometrySource": "official-ems",
        "overlapPolicy": "source_precedence_non_overlapping",
        "isOfficialDamageBoundary": false,
        "impactEnvelopeBufferDegrees": 0.0035,
        "publicNote": "Operational impact envelope derived from official EMS damaged/possibly damaged feature geometry. Counts remain EMS source-of-record; community, MONIT01, VLM, and external signals are triage only. No names, phones, links, photos, text, exact report points, or addresses are published."
      },
      "geometry": {
        "type": "Polygon",
        "coordinates": [
          [
            [
              -67.053747,
              10.591658
            ],
            [
              -67.050718,
              10.593298
            ],
            [
              -67.048974,
              10.5935
            ],
            [
              -67.047362,
              10.591987
            ],
            [
              -67.046893,
              10.58855
            ],
            [
              -67.049135,
              10.585318
            ],
            [
              -67.051281,
              10.584858
            ],
            [
              -67.053771,
              10.587493
            ],
            [
              -67.054558,
              10.589229
            ],
            [
              -67.054522,
              10.590567
            ],
            [
              -67.053747,
              10.591658
            ]
          ]
        ]
      }
    },
    {
      "type": "Feature",
      "properties": {
        "id": "ops-zone-020",
        "sectorId": "emsr884-aoi12-caraballeda-monitor01-impact-05",
        "sectorLabel": "Caraballeda / La Guaira - Puntos EMSR884 MONIT01 · Zona MONIT01 5",
        "sectorRow": null,
        "sectorCol": null,
        "priority": "low",
        "score": 2,
        "communityReports": null,
        "communityReportsSuppressed": false,
        "communityEvents": {},
        "latestSubmissionDate": null,
        "emsOfficialDestroyedDamaged": 0,
        "emsOfficialPossible": 0,
        "emsMonitorDestroyedDamaged": 8,
        "emsMonitorPossible": 0,
        "externalGapCandidates": null,
        "externalGapSuppressed": true,
        "aoiIds": [
          "emsr884-aoi12-caraballeda-monitor01",
          "external-msft-catia-la-mar-east-predicted-damage"
        ],
        "aoiLabels": [
          "AOI12 Caraballeda / La Guaira - Puntos EMSR884 MONIT01",
          "Catia La Mar Este - Candidatos triage Microsoft AI4G"
        ],
        "reasons": [
          "8 MONIT01 destroyed/damaged points, kept separate from GRA"
        ],
        "geometryMethod": "monitor_triage_impact_envelope",
        "geometrySource": "monit01",
        "overlapPolicy": "source_precedence_non_overlapping",
        "isOfficialDamageBoundary": false,
        "impactEnvelopeBufferDegrees": 0.0035,
        "publicNote": "Operational impact envelope derived from MONIT01 point geometry where no matching GRA vector envelope is published. MONIT01 remains separate from official GRA counts. No names, phones, links, photos, text, exact report points, or addresses are published."
      },
      "geometry": {
        "type": "Polygon",
        "coordinates": [
          [
            [
              -66.977626,
              10.604383
            ],
            [
              -66.978774,
              10.605423
            ],
            [
              -66.979001,
              10.606955
            ],
            [
              -66.978205,
              10.608284
            ],
            [
              -66.976482,
              10.609094
            ],
            [
              -66.973129,
              10.609185
            ],
            [
              -66.970995,
              10.608313
            ],
            [
              -66.970485,
              10.606629
            ],
            [
              -66.971314,
              10.605078
            ],
            [
              -66.974304,
              10.604212
            ],
            [
              -66.977626,
              10.604383
            ]
          ]
        ]
      }
    },
    {
      "type": "Feature",
      "properties": {
        "id": "ops-zone-021",
        "sectorId": "emsr884-aoi06-moron-monitor01-impact-04",
        "sectorLabel": "Moron - Puntos EMSR884 MONIT01 · Zona MONIT01 4",
        "sectorRow": null,
        "sectorCol": null,
        "priority": "low",
        "score": 2,
        "communityReports": null,
        "communityReportsSuppressed": false,
        "communityEvents": {},
        "latestSubmissionDate": null,
        "emsOfficialDestroyedDamaged": 0,
        "emsOfficialPossible": 0,
        "emsMonitorDestroyedDamaged": 7,
        "emsMonitorPossible": 0,
        "externalGapCandidates": null,
        "externalGapSuppressed": false,
        "aoiIds": [
          "emsr884-aoi06-moron-monitor01"
        ],
        "aoiLabels": [
          "AOI06 Moron - Puntos EMSR884 MONIT01"
        ],
        "reasons": [
          "7 MONIT01 destroyed/damaged points, kept separate from GRA"
        ],
        "geometryMethod": "monitor_triage_impact_envelope",
        "geometrySource": "monit01",
        "overlapPolicy": "source_precedence_non_overlapping",
        "isOfficialDamageBoundary": false,
        "impactEnvelopeBufferDegrees": 0.0035,
        "publicNote": "Operational impact envelope derived from MONIT01 point geometry where no matching GRA vector envelope is published. MONIT01 remains separate from official GRA counts. No names, phones, links, photos, text, exact report points, or addresses are published."
      },
      "geometry": {
        "type": "Polygon",
        "coordinates": [
          [
            [
              -68.249301,
              10.465242
            ],
            [
              -68.251566,
              10.465835
            ],
            [
              -68.252406,
              10.467612
            ],
            [
              -68.251729,
              10.469706
            ],
            [
              -68.249953,
              10.470547
            ],
            [
              -68.248011,
              10.469698
            ],
            [
              -68.247182,
              10.468146
            ],
            [
              -68.247616,
              10.466252
            ],
            [
              -68.249301,
              10.465242
            ]
          ]
        ]
      }
    },
    {
      "type": "Feature",
      "properties": {
        "id": "ops-zone-022",
        "sectorId": "emsr884-aoi08-san-felipe-impact-03",
        "sectorLabel": "San Felipe · Zona de impacto 3",
        "sectorRow": null,
        "sectorCol": null,
        "priority": "low",
        "score": 2,
        "communityReports": null,
        "communityReportsSuppressed": false,
        "communityEvents": {},
        "latestSubmissionDate": null,
        "emsOfficialDestroyedDamaged": 0,
        "emsOfficialPossible": 3,
        "emsMonitorDestroyedDamaged": 1,
        "emsMonitorPossible": 9,
        "externalGapCandidates": null,
        "externalGapSuppressed": false,
        "aoiIds": [
          "emsr884-aoi08-san-felipe",
          "emsr884-aoi08-san-felipe-monitor01"
        ],
        "aoiLabels": [
          "AOI08 San Felipe",
          "AOI08 San Felipe - Puntos EMSR884 MONIT01"
        ],
        "reasons": [
          "1 MONIT01 destroyed/damaged points, kept separate from GRA"
        ],
        "geometryMethod": "official_ems_impact_envelope",
        "geometrySource": "official-ems",
        "overlapPolicy": "source_precedence_non_overlapping",
        "isOfficialDamageBoundary": false,
        "impactEnvelopeBufferDegrees": 0.0035,
        "publicNote": "Operational impact envelope derived from official EMS damaged/possibly damaged feature geometry. Counts remain EMS source-of-record; community, MONIT01, VLM, and external signals are triage only. No names, phones, links, photos, text, exact report points, or addresses are published."
      },
      "geometry": {
        "type": "Polygon",
        "coordinates": [
          [
            [
              -68.795607,
              10.317931
            ],
            [
              -68.795149,
              10.319426
            ],
            [
              -68.793329,
              10.321322
            ],
            [
              -68.79138,
              10.321264
            ],
            [
              -68.786705,
              10.317553
            ],
            [
              -68.786349,
              10.315221
            ],
            [
              -68.786846,
              10.312313
            ],
            [
              -68.78852,
              10.310225
            ],
            [
              -68.79085,
              10.310232
            ],
            [
              -68.795607,
              10.317931
            ]
          ]
        ]
      }
    },
    {
      "type": "Feature",
      "properties": {
        "id": "ops-zone-023",
        "sectorId": "emsr884-aoi08-san-felipe-impact-04",
        "sectorLabel": "San Felipe · Zona de impacto 4",
        "sectorRow": null,
        "sectorCol": null,
        "priority": "low",
        "score": 2,
        "communityReports": null,
        "communityReportsSuppressed": false,
        "communityEvents": {},
        "latestSubmissionDate": null,
        "emsOfficialDestroyedDamaged": 0,
        "emsOfficialPossible": 2,
        "emsMonitorDestroyedDamaged": 2,
        "emsMonitorPossible": 17,
        "externalGapCandidates": null,
        "externalGapSuppressed": false,
        "aoiIds": [
          "emsr884-aoi08-san-felipe",
          "emsr884-aoi08-san-felipe-monitor01"
        ],
        "aoiLabels": [
          "AOI08 San Felipe",
          "AOI08 San Felipe - Puntos EMSR884 MONIT01"
        ],
        "reasons": [
          "2 MONIT01 destroyed/damaged points, kept separate from GRA"
        ],
        "geometryMethod": "official_ems_impact_envelope",
        "geometrySource": "official-ems",
        "overlapPolicy": "source_precedence_non_overlapping",
        "isOfficialDamageBoundary": false,
        "impactEnvelopeBufferDegrees": 0.0035,
        "publicNote": "Operational impact envelope derived from official EMS damaged/possibly damaged feature geometry. Counts remain EMS source-of-record; community, MONIT01, VLM, and external signals are triage only. No names, phones, links, photos, text, exact report points, or addresses are published."
      },
      "geometry": {
        "type": "Polygon",
        "coordinates": [
          [
            [
              -68.724372,
              10.345655
            ],
            [
              -68.723032,
              10.345944
            ],
            [
              -68.721765,
              10.345418
            ],
            [
              -68.72027,
              10.3434
            ],
            [
              -68.720397,
              10.340268
            ],
            [
              -68.717763,
              10.339046
            ],
            [
              -68.716394,
              10.337692
            ],
            [
              -68.716305,
              10.336134
            ],
            [
              -68.717375,
              10.33436
            ],
            [
              -68.719193,
              10.333518
            ],
            [
              -68.721036,
              10.334256
            ],
            [
              -68.721931,
              10.335558
            ],
            [
              -68.722215,
              10.339208
            ],
            [
              -68.725996,
              10.340274
            ],
            [
              -68.72754,
              10.342225
            ],
            [
              -68.724372,
              10.345655
            ]
          ]
        ]
      }
    },
    {
      "type": "Feature",
      "properties": {
        "id": "ops-zone-024",
        "sectorId": "emsr884-aoi12-caraballeda-monitor01-impact-10",
        "sectorLabel": "Caraballeda / La Guaira - Puntos EMSR884 MONIT01 · Zona MONIT01 10",
        "sectorRow": null,
        "sectorCol": null,
        "priority": "low",
        "score": 2,
        "communityReports": null,
        "communityReportsSuppressed": false,
        "communityEvents": {},
        "latestSubmissionDate": null,
        "emsOfficialDestroyedDamaged": 0,
        "emsOfficialPossible": 0,
        "emsMonitorDestroyedDamaged": 1,
        "emsMonitorPossible": 0,
        "externalGapCandidates": null,
        "externalGapSuppressed": false,
        "aoiIds": [
          "emsr884-aoi12-caraballeda-monitor01"
        ],
        "aoiLabels": [
          "AOI12 Caraballeda / La Guaira - Puntos EMSR884 MONIT01"
        ],
        "reasons": [
          "1 MONIT01 destroyed/damaged points, kept separate from GRA"
        ],
        "geometryMethod": "monitor_triage_impact_envelope",
        "geometrySource": "monit01",
        "overlapPolicy": "source_precedence_non_overlapping",
        "isOfficialDamageBoundary": false,
        "impactEnvelopeBufferDegrees": 0.0035,
        "publicNote": "Operational impact envelope derived from MONIT01 point geometry where no matching GRA vector envelope is published. MONIT01 remains separate from official GRA counts. No names, phones, links, photos, text, exact report points, or addresses are published."
      },
      "geometry": {
        "type": "Polygon",
        "coordinates": [
          [
            [
              -66.947123,
              10.592025
            ],
            [
              -66.948586,
              10.593002
            ],
            [
              -66.948929,
              10.594728
            ],
            [
              -66.947952,
              10.59619
            ],
            [
              -66.946226,
              10.596534
            ],
            [
              -66.944764,
              10.595556
            ],
            [
              -66.94442,
              10.593831
            ],
            [
              -66.945398,
              10.592368
            ],
            [
              -66.947123,
              10.592025
            ]
          ]
        ]
      }
    },
    {
      "type": "Feature",
      "properties": {
        "id": "ops-zone-025",
        "sectorId": "emsr884-aoi02-caracas-impact-01",
        "sectorLabel": "Caracas · Zona de impacto 1",
        "sectorRow": null,
        "sectorCol": null,
        "priority": "low",
        "score": 0,
        "communityReports": null,
        "communityReportsSuppressed": false,
        "communityEvents": {},
        "latestSubmissionDate": null,
        "emsOfficialDestroyedDamaged": 0,
        "emsOfficialPossible": 2,
        "emsMonitorDestroyedDamaged": 0,
        "emsMonitorPossible": 0,
        "externalGapCandidates": null,
        "externalGapSuppressed": false,
        "aoiIds": [
          "emsr884-aoi02-caracas"
        ],
        "aoiLabels": [
          "AOI02 Caracas"
        ],
        "reasons": [],
        "geometryMethod": "official_ems_impact_envelope",
        "geometrySource": "official-ems",
        "overlapPolicy": "source_precedence_non_overlapping",
        "isOfficialDamageBoundary": false,
        "impactEnvelopeBufferDegrees": 0.0035,
        "publicNote": "Operational impact envelope derived from official EMS damaged/possibly damaged feature geometry. Counts remain EMS source-of-record; community, MONIT01, VLM, and external signals are triage only. No names, phones, links, photos, text, exact report points, or addresses are published."
      },
      "geometry": {
        "type": "Polygon",
        "coordinates": [
          [
            [
              -66.879298,
              10.423335
            ],
            [
              -66.87795,
              10.424528
            ],
            [
              -66.874783,
              10.424965
            ],
            [
              -66.87277,
              10.423273
            ],
            [
              -66.872556,
              10.420814
            ],
            [
              -66.870583,
              10.41835
            ],
            [
              -66.869281,
              10.414557
            ],
            [
              -66.869789,
              10.413051
            ],
            [
              -66.87172,
              10.411539
            ],
            [
              -66.871705,
              10.408959
            ],
            [
              -66.873011,
              10.407441
            ],
            [
              -66.875803,
              10.407379
            ],
            [
              -66.877669,
              10.409028
            ],
            [
              -66.877901,
              10.41191
            ],
            [
              -66.877118,
              10.412971
            ],
            [
              -66.87538,
              10.413847
            ],
            [
              -66.875279,
              10.415667
            ],
            [
              -66.875957,
              10.416582
            ],
            [
              -66.878019,
              10.416662
            ],
            [
              -66.87954,
              10.417533
            ],
            [
              -66.88008,
              10.419014
            ],
            [
              -66.879298,
              10.423335
            ]
          ]
        ]
      }
    },
    {
      "type": "Feature",
      "properties": {
        "id": "ops-zone-026",
        "sectorId": "emsr884-aoi02-caracas-impact-02",
        "sectorLabel": "Caracas · Zona de impacto 2",
        "sectorRow": null,
        "sectorCol": null,
        "priority": "low",
        "score": 0,
        "communityReports": null,
        "communityReportsSuppressed": false,
        "communityEvents": {},
        "latestSubmissionDate": null,
        "emsOfficialDestroyedDamaged": 0,
        "emsOfficialPossible": 5,
        "emsMonitorDestroyedDamaged": 0,
        "emsMonitorPossible": 0,
        "externalGapCandidates": null,
        "externalGapSuppressed": false,
        "aoiIds": [
          "emsr884-aoi02-caracas"
        ],
        "aoiLabels": [
          "AOI02 Caracas"
        ],
        "reasons": [],
        "geometryMethod": "official_ems_impact_envelope",
        "geometrySource": "official-ems",
        "overlapPolicy": "source_precedence_non_overlapping",
        "isOfficialDamageBoundary": false,
        "impactEnvelopeBufferDegrees": 0.0035,
        "publicNote": "Operational impact envelope derived from official EMS damaged/possibly damaged feature geometry. Counts remain EMS source-of-record; community, MONIT01, VLM, and external signals are triage only. No names, phones, links, photos, text, exact report points, or addresses are published."
      },
      "geometry": {
        "type": "Polygon",
        "coordinates": [
          [
            [
              -66.9358,
              10.451148
            ],
            [
              -66.933713,
              10.452376
            ],
            [
              -66.929937,
              10.452393
            ],
            [
              -66.928201,
              10.451457
            ],
            [
              -66.926414,
              10.451256
            ],
            [
              -66.925382,
              10.450408
            ],
            [
              -66.925096,
              10.448462
            ],
            [
              -66.926935,
              10.445212
            ],
            [
              -66.926593,
              10.442763
            ],
            [
              -66.928414,
              10.440381
            ],
            [
              -66.928168,
              10.439492
            ],
            [
              -66.92606,
              10.43806
            ],
            [
              -66.925473,
              10.43688
            ],
            [
              -66.925728,
              10.435372
            ],
            [
              -66.926992,
              10.433827
            ],
            [
              -66.929148,
              10.433643
            ],
            [
              -66.931342,
              10.435478
            ],
            [
              -66.931535,
              10.437252
            ],
            [
              -66.929896,
              10.439772
            ],
            [
              -66.93209,
              10.442705
            ],
            [
              -66.931512,
              10.445883
            ],
            [
              -66.932806,
              10.447031
            ],
            [
              -66.935145,
              10.447691
            ],
            [
              -66.936044,
              10.448917
            ],
            [
              -66.9358,
              10.451148
            ]
          ]
        ]
      }
    },
    {
      "type": "Feature",
      "properties": {
        "id": "ops-zone-027",
        "sectorId": "emsr884-aoi02-caracas-impact-03",
        "sectorLabel": "Caracas · Zona de impacto 3",
        "sectorRow": null,
        "sectorCol": null,
        "priority": "low",
        "score": 0,
        "communityReports": null,
        "communityReportsSuppressed": false,
        "communityEvents": {},
        "latestSubmissionDate": null,
        "emsOfficialDestroyedDamaged": 0,
        "emsOfficialPossible": 5,
        "emsMonitorDestroyedDamaged": 0,
        "emsMonitorPossible": 0,
        "externalGapCandidates": null,
        "externalGapSuppressed": false,
        "aoiIds": [
          "emsr884-aoi02-caracas"
        ],
        "aoiLabels": [
          "AOI02 Caracas"
        ],
        "reasons": [],
        "geometryMethod": "official_ems_impact_envelope",
        "geometrySource": "official-ems",
        "overlapPolicy": "source_precedence_non_overlapping",
        "isOfficialDamageBoundary": false,
        "impactEnvelopeBufferDegrees": 0.0035,
        "publicNote": "Operational impact envelope derived from official EMS damaged/possibly damaged feature geometry. Counts remain EMS source-of-record; community, MONIT01, VLM, and external signals are triage only. No names, phones, links, photos, text, exact report points, or addresses are published."
      },
      "geometry": {
        "type": "Polygon",
        "coordinates": [
          [
            [
              -66.874195,
              10.489844
            ],
            [
              -66.873749,
              10.491681
            ],
            [
              -66.872885,
              10.492696
            ],
            [
              -66.871274,
              10.493513
            ],
            [
              -66.869476,
              10.493349
            ],
            [
              -66.86804,
              10.492273
            ],
            [
              -66.86769,
              10.489752
            ],
            [
              -66.865805,
              10.488236
            ],
            [
              -66.865449,
              10.486319
            ],
            [
              -66.867443,
              10.484188
            ],
            [
              -66.870979,
              10.48464
            ],
            [
              -66.872898,
              10.483907
            ],
            [
              -66.874799,
              10.482281
            ],
            [
              -66.876317,
              10.482041
            ],
            [
              -66.877784,
              10.482988
            ],
            [
              -66.878852,
              10.485406
            ],
            [
              -66.878271,
              10.486821
            ],
            [
              -66.874195,
              10.489844
            ]
          ]
        ]
      }
    },
    {
      "type": "Feature",
      "properties": {
        "id": "ops-zone-028",
        "sectorId": "emsr884-aoi02-caracas-impact-04",
        "sectorLabel": "Caracas · Zona de impacto 4",
        "sectorRow": null,
        "sectorCol": null,
        "priority": "low",
        "score": 0,
        "communityReports": null,
        "communityReportsSuppressed": false,
        "communityEvents": {},
        "latestSubmissionDate": null,
        "emsOfficialDestroyedDamaged": 0,
        "emsOfficialPossible": 2,
        "emsMonitorDestroyedDamaged": 0,
        "emsMonitorPossible": 0,
        "externalGapCandidates": null,
        "externalGapSuppressed": false,
        "aoiIds": [
          "emsr884-aoi02-caracas"
        ],
        "aoiLabels": [
          "AOI02 Caracas"
        ],
        "reasons": [],
        "geometryMethod": "official_ems_impact_envelope",
        "geometrySource": "official-ems",
        "overlapPolicy": "source_precedence_non_overlapping",
        "isOfficialDamageBoundary": false,
        "impactEnvelopeBufferDegrees": 0.0035,
        "publicNote": "Operational impact envelope derived from official EMS damaged/possibly damaged feature geometry. Counts remain EMS source-of-record; community, MONIT01, VLM, and external signals are triage only. No names, phones, links, photos, text, exact report points, or addresses are published."
      },
      "geometry": {
        "type": "Polygon",
        "coordinates": [
          [
            [
              -66.915312,
              10.480304
            ],
            [
              -66.918465,
              10.480921
            ],
            [
              -66.919935,
              10.483282
            ],
            [
              -66.919947,
              10.485066
            ],
            [
              -66.918651,
              10.486334
            ],
            [
              -66.917094,
              10.486542
            ],
            [
              -66.914713,
              10.48545
            ],
            [
              -66.913896,
              10.483847
            ],
            [
              -66.914057,
              10.481265
            ],
            [
              -66.91079,
              10.480007
            ],
            [
              -66.909908,
              10.478176
            ],
            [
              -66.909919,
              10.476862
            ],
            [
              -66.911014,
              10.47552
            ],
            [
              -66.91328,
              10.47519
            ],
            [
              -66.914545,
              10.476166
            ],
            [
              -66.915312,
              10.480304
            ]
          ]
        ]
      }
    },
    {
      "type": "Feature",
      "properties": {
        "id": "ops-zone-029",
        "sectorId": "emsr884-aoi02-caracas-impact-05",
        "sectorLabel": "Caracas · Zona de impacto 5",
        "sectorRow": null,
        "sectorCol": null,
        "priority": "low",
        "score": 0,
        "communityReports": null,
        "communityReportsSuppressed": false,
        "communityEvents": {},
        "latestSubmissionDate": null,
        "emsOfficialDestroyedDamaged": 0,
        "emsOfficialPossible": 1,
        "emsMonitorDestroyedDamaged": 0,
        "emsMonitorPossible": 0,
        "externalGapCandidates": null,
        "externalGapSuppressed": false,
        "aoiIds": [
          "emsr884-aoi02-caracas"
        ],
        "aoiLabels": [
          "AOI02 Caracas"
        ],
        "reasons": [],
        "geometryMethod": "official_ems_impact_envelope",
        "geometrySource": "official-ems",
        "overlapPolicy": "source_precedence_non_overlapping",
        "isOfficialDamageBoundary": false,
        "impactEnvelopeBufferDegrees": 0.0035,
        "publicNote": "Operational impact envelope derived from official EMS damaged/possibly damaged feature geometry. Counts remain EMS source-of-record; community, MONIT01, VLM, and external signals are triage only. No names, phones, links, photos, text, exact report points, or addresses are published."
      },
      "geometry": {
        "type": "Polygon",
        "coordinates": [
          [
            [
              -66.891847,
              10.432751
            ],
            [
              -66.888899,
              10.43371
            ],
            [
              -66.88703,
              10.432977
            ],
            [
              -66.886315,
              10.43134
            ],
            [
              -66.887222,
              10.428468
            ],
            [
              -66.889449,
              10.427266
            ],
            [
              -66.892529,
              10.428187
            ],
            [
              -66.893337,
              10.42949
            ],
            [
              -66.893252,
              10.43084
            ],
            [
              -66.891847,
              10.432751
            ]
          ]
        ]
      }
    },
    {
      "type": "Feature",
      "properties": {
        "id": "ops-zone-030",
        "sectorId": "emsr884-aoi02-caracas-impact-06",
        "sectorLabel": "Caracas · Zona de impacto 6",
        "sectorRow": null,
        "sectorCol": null,
        "priority": "low",
        "score": 0,
        "communityReports": null,
        "communityReportsSuppressed": false,
        "communityEvents": {},
        "latestSubmissionDate": null,
        "emsOfficialDestroyedDamaged": 0,
        "emsOfficialPossible": 1,
        "emsMonitorDestroyedDamaged": 0,
        "emsMonitorPossible": 0,
        "externalGapCandidates": null,
        "externalGapSuppressed": false,
        "aoiIds": [
          "emsr884-aoi02-caracas"
        ],
        "aoiLabels": [
          "AOI02 Caracas"
        ],
        "reasons": [],
        "geometryMethod": "official_ems_impact_envelope",
        "geometrySource": "official-ems",
        "overlapPolicy": "source_precedence_non_overlapping",
        "isOfficialDamageBoundary": false,
        "impactEnvelopeBufferDegrees": 0.0035,
        "publicNote": "Operational impact envelope derived from official EMS damaged/possibly damaged feature geometry. Counts remain EMS source-of-record; community, MONIT01, VLM, and external signals are triage only. No names, phones, links, photos, text, exact report points, or addresses are published."
      },
      "geometry": {
        "type": "Polygon",
        "coordinates": [
          [
            [
              -66.885416,
              10.461232
            ],
            [
              -66.882979,
              10.461103
            ],
            [
              -66.881516,
              10.459044
            ],
            [
              -66.881992,
              10.456653
            ],
            [
              -66.883841,
              10.455186
            ],
            [
              -66.886959,
              10.455714
            ],
            [
              -66.888233,
              10.457478
            ],
            [
              -66.887435,
              10.459543
            ],
            [
              -66.885416,
              10.461232
            ]
          ]
        ]
      }
    },
    {
      "type": "Feature",
      "properties": {
        "id": "ops-zone-031",
        "sectorId": "emsr884-aoi02-caracas-impact-07",
        "sectorLabel": "Caracas · Zona de impacto 7",
        "sectorRow": null,
        "sectorCol": null,
        "priority": "low",
        "score": 0,
        "communityReports": null,
        "communityReportsSuppressed": false,
        "communityEvents": {},
        "latestSubmissionDate": null,
        "emsOfficialDestroyedDamaged": 0,
        "emsOfficialPossible": 1,
        "emsMonitorDestroyedDamaged": 0,
        "emsMonitorPossible": 0,
        "externalGapCandidates": null,
        "externalGapSuppressed": false,
        "aoiIds": [
          "emsr884-aoi02-caracas"
        ],
        "aoiLabels": [
          "AOI02 Caracas"
        ],
        "reasons": [],
        "geometryMethod": "official_ems_impact_envelope",
        "geometrySource": "official-ems",
        "overlapPolicy": "source_precedence_non_overlapping",
        "isOfficialDamageBoundary": false,
        "impactEnvelopeBufferDegrees": 0.0035,
        "publicNote": "Operational impact envelope derived from official EMS damaged/possibly damaged feature geometry. Counts remain EMS source-of-record; community, MONIT01, VLM, and external signals are triage only. No names, phones, links, photos, text, exact report points, or addresses are published."
      },
      "geometry": {
        "type": "Polygon",
        "coordinates": [
          [
            [
              -66.937589,
              10.431956
            ],
            [
              -66.935491,
              10.432371
            ],
            [
              -66.933953,
              10.431214
            ],
            [
              -66.933514,
              10.42894
            ],
            [
              -66.935272,
              10.427099
            ],
            [
              -66.937268,
              10.426948
            ],
            [
              -66.938753,
              10.428246
            ],
            [
              -66.938783,
              10.430237
            ],
            [
              -66.937589,
              10.431956
            ]
          ]
        ]
      }
    },
    {
      "type": "Feature",
      "properties": {
        "id": "ops-zone-032",
        "sectorId": "emsr884-aoi02-caracas-monitor01-impact-02",
        "sectorLabel": "Caracas - Puntos EMSR884 MONIT01 · Zona MONIT01 2",
        "sectorRow": null,
        "sectorCol": null,
        "priority": "low",
        "score": 0,
        "communityReports": null,
        "communityReportsSuppressed": false,
        "communityEvents": {},
        "latestSubmissionDate": null,
        "emsOfficialDestroyedDamaged": 0,
        "emsOfficialPossible": 0,
        "emsMonitorDestroyedDamaged": 0,
        "emsMonitorPossible": 1,
        "externalGapCandidates": null,
        "externalGapSuppressed": false,
        "aoiIds": [
          "emsr884-aoi02-caracas-monitor01"
        ],
        "aoiLabels": [
          "AOI02 Caracas - Puntos EMSR884 MONIT01"
        ],
        "reasons": [],
        "geometryMethod": "monitor_triage_impact_envelope",
        "geometrySource": "monit01",
        "overlapPolicy": "source_precedence_non_overlapping",
        "isOfficialDamageBoundary": false,
        "impactEnvelopeBufferDegrees": 0.0035,
        "publicNote": "Operational impact envelope derived from MONIT01 point geometry where no matching GRA vector envelope is published. MONIT01 remains separate from official GRA counts. No names, phones, links, photos, text, exact report points, or addresses are published."
      },
      "geometry": {
        "type": "Polygon",
        "coordinates": [
          [
            [
              -66.924179,
              10.51211
            ],
            [
              -66.925929,
              10.512283
            ],
            [
              -66.927045,
              10.513643
            ],
            [
              -66.926873,
              10.515394
            ],
            [
              -66.925513,
              10.51651
            ],
            [
              -66.923762,
              10.516337
            ],
            [
              -66.922646,
              10.514977
            ],
            [
              -66.922819,
              10.513226
            ],
            [
              -66.924179,
              10.51211
            ]
          ]
        ]
      }
    },
    {
      "type": "Feature",
      "properties": {
        "id": "ops-zone-033",
        "sectorId": "emsr884-aoi06-moron-impact-02",
        "sectorLabel": "Moron · Zona de impacto 2",
        "sectorRow": null,
        "sectorCol": null,
        "priority": "low",
        "score": 0,
        "communityReports": null,
        "communityReportsSuppressed": false,
        "communityEvents": {},
        "latestSubmissionDate": null,
        "emsOfficialDestroyedDamaged": 0,
        "emsOfficialPossible": 1,
        "emsMonitorDestroyedDamaged": 0,
        "emsMonitorPossible": 0,
        "externalGapCandidates": null,
        "externalGapSuppressed": false,
        "aoiIds": [
          "emsr884-aoi06-moron"
        ],
        "aoiLabels": [
          "AOI06 Moron"
        ],
        "reasons": [],
        "geometryMethod": "official_ems_impact_envelope",
        "geometrySource": "official-ems",
        "overlapPolicy": "source_precedence_non_overlapping",
        "isOfficialDamageBoundary": false,
        "impactEnvelopeBufferDegrees": 0.0035,
        "publicNote": "Operational impact envelope derived from official EMS damaged/possibly damaged feature geometry. Counts remain EMS source-of-record; community, MONIT01, VLM, and external signals are triage only. No names, phones, links, photos, text, exact report points, or addresses are published."
      },
      "geometry": {
        "type": "Polygon",
        "coordinates": [
          [
            [
              -68.171468,
              10.483162
            ],
            [
              -68.170421,
              10.485977
            ],
            [
              -68.169298,
              10.486603
            ],
            [
              -68.167157,
              10.486723
            ],
            [
              -68.165326,
              10.485952
            ],
            [
              -68.164749,
              10.484296
            ],
            [
              -68.165729,
              10.481171
            ],
            [
              -68.167337,
              10.480562
            ],
            [
              -68.170422,
              10.48122
            ],
            [
              -68.171468,
              10.483162
            ]
          ]
        ]
      }
    },
    {
      "type": "Feature",
      "properties": {
        "id": "ops-zone-034",
        "sectorId": "emsr884-aoi08-san-felipe-impact-01",
        "sectorLabel": "San Felipe · Zona de impacto 1",
        "sectorRow": null,
        "sectorCol": null,
        "priority": "low",
        "score": 0,
        "communityReports": null,
        "communityReportsSuppressed": false,
        "communityEvents": {},
        "latestSubmissionDate": null,
        "emsOfficialDestroyedDamaged": 0,
        "emsOfficialPossible": 9,
        "emsMonitorDestroyedDamaged": 0,
        "emsMonitorPossible": 61,
        "externalGapCandidates": null,
        "externalGapSuppressed": false,
        "aoiIds": [
          "emsr884-aoi08-san-felipe",
          "emsr884-aoi08-san-felipe-monitor01"
        ],
        "aoiLabels": [
          "AOI08 San Felipe",
          "AOI08 San Felipe - Puntos EMSR884 MONIT01"
        ],
        "reasons": [],
        "geometryMethod": "official_ems_impact_envelope",
        "geometrySource": "official-ems",
        "overlapPolicy": "source_precedence_non_overlapping",
        "isOfficialDamageBoundary": false,
        "impactEnvelopeBufferDegrees": 0.0035,
        "publicNote": "Operational impact envelope derived from official EMS damaged/possibly damaged feature geometry. Counts remain EMS source-of-record; community, MONIT01, VLM, and external signals are triage only. No names, phones, links, photos, text, exact report points, or addresses are published."
      },
      "geometry": {
        "type": "Polygon",
        "coordinates": [
          [
            [
              -68.856902,
              10.249132
            ],
            [
              -68.854061,
              10.250815
            ],
            [
              -68.852527,
              10.250901
            ],
            [
              -68.850845,
              10.249675
            ],
            [
              -68.849702,
              10.249766
            ],
            [
              -68.847201,
              10.25167
            ],
            [
              -68.846576,
              10.253764
            ],
            [
              -68.845343,
              10.255256
            ],
            [
              -68.842994,
              10.256452
            ],
            [
              -68.84036,
              10.255951
            ],
            [
              -68.835078,
              10.253381
            ],
            [
              -68.833258,
              10.25032
            ],
            [
              -68.832798,
              10.248406
            ],
            [
              -68.833947,
              10.246288
            ],
            [
              -68.838226,
              10.24517
            ],
            [
              -68.840021,
              10.246144
            ],
            [
              -68.840902,
              10.248833
            ],
            [
              -68.842312,
              10.248957
            ],
            [
              -68.843,
              10.248096
            ],
            [
              -68.843181,
              10.245933
            ],
            [
              -68.846225,
              10.241965
            ],
            [
              -68.846751,
              10.240402
            ],
            [
              -68.848681,
              10.239352
            ],
            [
              -68.850904,
              10.239583
            ],
            [
              -68.852819,
              10.241934
            ],
            [
              -68.855624,
              10.242851
            ],
            [
              -68.857413,
              10.246921
            ],
            [
              -68.856902,
              10.249132
            ]
          ]
        ]
      }
    },
    {
      "type": "Feature",
      "properties": {
        "id": "ops-zone-035",
        "sectorId": "emsr884-aoi08-san-felipe-impact-05",
        "sectorLabel": "San Felipe · Zona de impacto 5",
        "sectorRow": null,
        "sectorCol": null,
        "priority": "low",
        "score": 0,
        "communityReports": null,
        "communityReportsSuppressed": false,
        "communityEvents": {},
        "latestSubmissionDate": null,
        "emsOfficialDestroyedDamaged": 0,
        "emsOfficialPossible": 3,
        "emsMonitorDestroyedDamaged": 0,
        "emsMonitorPossible": 0,
        "externalGapCandidates": null,
        "externalGapSuppressed": false,
        "aoiIds": [
          "emsr884-aoi08-san-felipe"
        ],
        "aoiLabels": [
          "AOI08 San Felipe"
        ],
        "reasons": [],
        "geometryMethod": "official_ems_impact_envelope",
        "geometrySource": "official-ems",
        "overlapPolicy": "source_precedence_non_overlapping",
        "isOfficialDamageBoundary": false,
        "impactEnvelopeBufferDegrees": 0.0035,
        "publicNote": "Operational impact envelope derived from official EMS damaged/possibly damaged feature geometry. Counts remain EMS source-of-record; community, MONIT01, VLM, and external signals are triage only. No names, phones, links, photos, text, exact report points, or addresses are published."
      },
      "geometry": {
        "type": "Polygon",
        "coordinates": [
          [
            [
              -68.544948,
              10.420692
            ],
            [
              -68.544445,
              10.421918
            ],
            [
              -68.543349,
              10.422663
            ],
            [
              -68.541455,
              10.422863
            ],
            [
              -68.53876,
              10.42178
            ],
            [
              -68.536798,
              10.423139
            ],
            [
              -68.535472,
              10.423335
            ],
            [
              -68.534261,
              10.422758
            ],
            [
              -68.533279,
              10.421293
            ],
            [
              -68.534085,
              10.418351
            ],
            [
              -68.535917,
              10.417044
            ],
            [
              -68.537439,
              10.417026
            ],
            [
              -68.539351,
              10.417814
            ],
            [
              -68.541878,
              10.417517
            ],
            [
              -68.543962,
              10.418365
            ],
            [
              -68.544948,
              10.420692
            ]
          ]
        ]
      }
    },
    {
      "type": "Feature",
      "properties": {
        "id": "ops-zone-036",
        "sectorId": "emsr884-aoi08-san-felipe-impact-06",
        "sectorLabel": "San Felipe · Zona de impacto 6",
        "sectorRow": null,
        "sectorCol": null,
        "priority": "low",
        "score": 0,
        "communityReports": null,
        "communityReportsSuppressed": false,
        "communityEvents": {},
        "latestSubmissionDate": null,
        "emsOfficialDestroyedDamaged": 0,
        "emsOfficialPossible": 3,
        "emsMonitorDestroyedDamaged": 0,
        "emsMonitorPossible": 7,
        "externalGapCandidates": null,
        "externalGapSuppressed": false,
        "aoiIds": [
          "emsr884-aoi08-san-felipe",
          "emsr884-aoi08-san-felipe-monitor01"
        ],
        "aoiLabels": [
          "AOI08 San Felipe",
          "AOI08 San Felipe - Puntos EMSR884 MONIT01"
        ],
        "reasons": [],
        "geometryMethod": "official_ems_impact_envelope",
        "geometrySource": "official-ems",
        "overlapPolicy": "source_precedence_non_overlapping",
        "isOfficialDamageBoundary": false,
        "impactEnvelopeBufferDegrees": 0.0035,
        "publicNote": "Operational impact envelope derived from official EMS damaged/possibly damaged feature geometry. Counts remain EMS source-of-record; community, MONIT01, VLM, and external signals are triage only. No names, phones, links, photos, text, exact report points, or addresses are published."
      },
      "geometry": {
        "type": "Polygon",
        "coordinates": [
          [
            [
              -68.779007,
              10.246719
            ],
            [
              -68.780736,
              10.248783
            ],
            [
              -68.780608,
              10.250757
            ],
            [
              -68.778763,
              10.252392
            ],
            [
              -68.7764,
              10.251911
            ],
            [
              -68.774554,
              10.248295
            ],
            [
              -68.772047,
              10.248534
            ],
            [
              -68.770114,
              10.247637
            ],
            [
              -68.76929,
              10.246576
            ],
            [
              -68.769201,
              10.245236
            ],
            [
              -68.770567,
              10.243216
            ],
            [
              -68.772539,
              10.242832
            ],
            [
              -68.77456,
              10.244191
            ],
            [
              -68.775356,
              10.2468
            ],
            [
              -68.779007,
              10.246719
            ]
          ]
        ]
      }
    },
    {
      "type": "Feature",
      "properties": {
        "id": "ops-zone-037",
        "sectorId": "emsr884-aoi08-san-felipe-impact-07",
        "sectorLabel": "San Felipe · Zona de impacto 7",
        "sectorRow": null,
        "sectorCol": null,
        "priority": "low",
        "score": 0,
        "communityReports": null,
        "communityReportsSuppressed": false,
        "communityEvents": {},
        "latestSubmissionDate": null,
        "emsOfficialDestroyedDamaged": 0,
        "emsOfficialPossible": 1,
        "emsMonitorDestroyedDamaged": 0,
        "emsMonitorPossible": 17,
        "externalGapCandidates": null,
        "externalGapSuppressed": false,
        "aoiIds": [
          "emsr884-aoi08-san-felipe",
          "emsr884-aoi08-san-felipe-monitor01"
        ],
        "aoiLabels": [
          "AOI08 San Felipe",
          "AOI08 San Felipe - Puntos EMSR884 MONIT01"
        ],
        "reasons": [],
        "geometryMethod": "official_ems_impact_envelope",
        "geometrySource": "official-ems",
        "overlapPolicy": "source_precedence_non_overlapping",
        "isOfficialDamageBoundary": false,
        "impactEnvelopeBufferDegrees": 0.0035,
        "publicNote": "Operational impact envelope derived from official EMS damaged/possibly damaged feature geometry. Counts remain EMS source-of-record; community, MONIT01, VLM, and external signals are triage only. No names, phones, links, photos, text, exact report points, or addresses are published."
      },
      "geometry": {
        "type": "Polygon",
        "coordinates": [
          [
            [
              -68.82986,
              10.255427
            ],
            [
              -68.828349,
              10.257163
            ],
            [
              -68.826315,
              10.257902
            ],
            [
              -68.822981,
              10.256191
            ],
            [
              -68.821771,
              10.253128
            ],
            [
              -68.82316,
              10.250791
            ],
            [
              -68.824903,
              10.249387
            ],
            [
              -68.826443,
              10.249057
            ],
            [
              -68.828531,
              10.250077
            ],
            [
              -68.83016,
              10.253911
            ],
            [
              -68.82986,
              10.255427
            ]
          ]
        ]
      }
    },
    {
      "type": "Feature",
      "properties": {
        "id": "ops-zone-038",
        "sectorId": "emsr884-aoi08-san-felipe-impact-08",
        "sectorLabel": "San Felipe · Zona de impacto 8",
        "sectorRow": null,
        "sectorCol": null,
        "priority": "low",
        "score": 0,
        "communityReports": null,
        "communityReportsSuppressed": false,
        "communityEvents": {},
        "latestSubmissionDate": null,
        "emsOfficialDestroyedDamaged": 0,
        "emsOfficialPossible": 1,
        "emsMonitorDestroyedDamaged": 0,
        "emsMonitorPossible": 6,
        "externalGapCandidates": null,
        "externalGapSuppressed": false,
        "aoiIds": [
          "emsr884-aoi08-san-felipe",
          "emsr884-aoi08-san-felipe-monitor01"
        ],
        "aoiLabels": [
          "AOI08 San Felipe",
          "AOI08 San Felipe - Puntos EMSR884 MONIT01"
        ],
        "reasons": [],
        "geometryMethod": "official_ems_impact_envelope",
        "geometrySource": "official-ems",
        "overlapPolicy": "source_precedence_non_overlapping",
        "isOfficialDamageBoundary": false,
        "impactEnvelopeBufferDegrees": 0.0035,
        "publicNote": "Operational impact envelope derived from official EMS damaged/possibly damaged feature geometry. Counts remain EMS source-of-record; community, MONIT01, VLM, and external signals are triage only. No names, phones, links, photos, text, exact report points, or addresses are published."
      },
      "geometry": {
        "type": "Polygon",
        "coordinates": [
          [
            [
              -68.821774,
              10.259576
            ],
            [
              -68.821946,
              10.261562
            ],
            [
              -68.821394,
              10.262748
            ],
            [
              -68.820069,
              10.263489
            ],
            [
              -68.816124,
              10.262884
            ],
            [
              -68.813702,
              10.261217
            ],
            [
              -68.813059,
              10.260007
            ],
            [
              -68.81345,
              10.258244
            ],
            [
              -68.815398,
              10.256759
            ],
            [
              -68.816753,
              10.256829
            ],
            [
              -68.818233,
              10.257886
            ],
            [
              -68.820633,
              10.258476
            ],
            [
              -68.821774,
              10.259576
            ]
          ]
        ]
      }
    },
    {
      "type": "Feature",
      "properties": {
        "id": "ops-zone-039",
        "sectorId": "emsr884-aoi08-san-felipe-impact-09",
        "sectorLabel": "San Felipe · Zona de impacto 9",
        "sectorRow": null,
        "sectorCol": null,
        "priority": "low",
        "score": 0,
        "communityReports": null,
        "communityReportsSuppressed": false,
        "communityEvents": {},
        "latestSubmissionDate": null,
        "emsOfficialDestroyedDamaged": 0,
        "emsOfficialPossible": 3,
        "emsMonitorDestroyedDamaged": 0,
        "emsMonitorPossible": 8,
        "externalGapCandidates": null,
        "externalGapSuppressed": false,
        "aoiIds": [
          "emsr884-aoi08-san-felipe",
          "emsr884-aoi08-san-felipe-monitor01"
        ],
        "aoiLabels": [
          "AOI08 San Felipe",
          "AOI08 San Felipe - Puntos EMSR884 MONIT01"
        ],
        "reasons": [],
        "geometryMethod": "official_ems_impact_envelope",
        "geometrySource": "official-ems",
        "overlapPolicy": "source_precedence_non_overlapping",
        "isOfficialDamageBoundary": false,
        "impactEnvelopeBufferDegrees": 0.0035,
        "publicNote": "Operational impact envelope derived from official EMS damaged/possibly damaged feature geometry. Counts remain EMS source-of-record; community, MONIT01, VLM, and external signals are triage only. No names, phones, links, photos, text, exact report points, or addresses are published."
      },
      "geometry": {
        "type": "Polygon",
        "coordinates": [
          [
            [
              -68.789114,
              10.243351
            ],
            [
              -68.789252,
              10.244729
            ],
            [
              -68.787244,
              10.247259
            ],
            [
              -68.784058,
              10.2472
            ],
            [
              -68.781966,
              10.245277
            ],
            [
              -68.781893,
              10.242966
            ],
            [
              -68.784226,
              10.240526
            ],
            [
              -68.786213,
              10.240402
            ],
            [
              -68.789114,
              10.243351
            ]
          ]
        ]
      }
    },
    {
      "type": "Feature",
      "properties": {
        "id": "ops-zone-040",
        "sectorId": "emsr884-aoi08-san-felipe-impact-10",
        "sectorLabel": "San Felipe · Zona de impacto 10",
        "sectorRow": null,
        "sectorCol": null,
        "priority": "low",
        "score": 0,
        "communityReports": null,
        "communityReportsSuppressed": false,
        "communityEvents": {},
        "latestSubmissionDate": null,
        "emsOfficialDestroyedDamaged": 0,
        "emsOfficialPossible": 1,
        "emsMonitorDestroyedDamaged": 0,
        "emsMonitorPossible": 2,
        "externalGapCandidates": null,
        "externalGapSuppressed": false,
        "aoiIds": [
          "emsr884-aoi08-san-felipe",
          "emsr884-aoi08-san-felipe-monitor01"
        ],
        "aoiLabels": [
          "AOI08 San Felipe",
          "AOI08 San Felipe - Puntos EMSR884 MONIT01"
        ],
        "reasons": [],
        "geometryMethod": "official_ems_impact_envelope",
        "geometrySource": "official-ems",
        "overlapPolicy": "source_precedence_non_overlapping",
        "isOfficialDamageBoundary": false,
        "impactEnvelopeBufferDegrees": 0.0035,
        "publicNote": "Operational impact envelope derived from official EMS damaged/possibly damaged feature geometry. Counts remain EMS source-of-record; community, MONIT01, VLM, and external signals are triage only. No names, phones, links, photos, text, exact report points, or addresses are published."
      },
      "geometry": {
        "type": "Polygon",
        "coordinates": [
          [
            [
              -68.801407,
              10.260922
            ],
            [
              -68.799657,
              10.261007
            ],
            [
              -68.797569,
              10.259068
            ],
            [
              -68.797373,
              10.25707
            ],
            [
              -68.799047,
              10.255397
            ],
            [
              -68.801246,
              10.255313
            ],
            [
              -68.803182,
              10.257349
            ],
            [
              -68.803232,
              10.259159
            ],
            [
              -68.801407,
              10.260922
            ]
          ]
        ]
      }
    },
    {
      "type": "Feature",
      "properties": {
        "id": "ops-zone-041",
        "sectorId": "emsr884-aoi08-san-felipe-impact-11",
        "sectorLabel": "San Felipe · Zona de impacto 11",
        "sectorRow": null,
        "sectorCol": null,
        "priority": "low",
        "score": 0,
        "communityReports": null,
        "communityReportsSuppressed": false,
        "communityEvents": {},
        "latestSubmissionDate": null,
        "emsOfficialDestroyedDamaged": 0,
        "emsOfficialPossible": 1,
        "emsMonitorDestroyedDamaged": 0,
        "emsMonitorPossible": 3,
        "externalGapCandidates": null,
        "externalGapSuppressed": false,
        "aoiIds": [
          "emsr884-aoi08-san-felipe",
          "emsr884-aoi08-san-felipe-monitor01"
        ],
        "aoiLabels": [
          "AOI08 San Felipe",
          "AOI08 San Felipe - Puntos EMSR884 MONIT01"
        ],
        "reasons": [],
        "geometryMethod": "official_ems_impact_envelope",
        "geometrySource": "official-ems",
        "overlapPolicy": "source_precedence_non_overlapping",
        "isOfficialDamageBoundary": false,
        "impactEnvelopeBufferDegrees": 0.0035,
        "publicNote": "Operational impact envelope derived from official EMS damaged/possibly damaged feature geometry. Counts remain EMS source-of-record; community, MONIT01, VLM, and external signals are triage only. No names, phones, links, photos, text, exact report points, or addresses are published."
      },
      "geometry": {
        "type": "Polygon",
        "coordinates": [
          [
            [
              -68.763513,
              10.3254
            ],
            [
              -68.762026,
              10.327814
            ],
            [
              -68.760114,
              10.32844
            ],
            [
              -68.758393,
              10.327462
            ],
            [
              -68.757857,
              10.325389
            ],
            [
              -68.759298,
              10.323155
            ],
            [
              -68.761006,
              10.322544
            ],
            [
              -68.762854,
              10.323291
            ],
            [
              -68.763513,
              10.3254
            ]
          ]
        ]
      }
    },
    {
      "type": "Feature",
      "properties": {
        "id": "ops-zone-042",
        "sectorId": "emsr884-aoi08-san-felipe-impact-12",
        "sectorLabel": "San Felipe · Zona de impacto 12",
        "sectorRow": null,
        "sectorCol": null,
        "priority": "low",
        "score": 0,
        "communityReports": null,
        "communityReportsSuppressed": false,
        "communityEvents": {},
        "latestSubmissionDate": null,
        "emsOfficialDestroyedDamaged": 0,
        "emsOfficialPossible": 1,
        "emsMonitorDestroyedDamaged": 0,
        "emsMonitorPossible": 6,
        "externalGapCandidates": null,
        "externalGapSuppressed": false,
        "aoiIds": [
          "emsr884-aoi08-san-felipe",
          "emsr884-aoi08-san-felipe-monitor01"
        ],
        "aoiLabels": [
          "AOI08 San Felipe",
          "AOI08 San Felipe - Puntos EMSR884 MONIT01"
        ],
        "reasons": [],
        "geometryMethod": "official_ems_impact_envelope",
        "geometrySource": "official-ems",
        "overlapPolicy": "source_precedence_non_overlapping",
        "isOfficialDamageBoundary": false,
        "impactEnvelopeBufferDegrees": 0.0035,
        "publicNote": "Operational impact envelope derived from official EMS damaged/possibly damaged feature geometry. Counts remain EMS source-of-record; community, MONIT01, VLM, and external signals are triage only. No names, phones, links, photos, text, exact report points, or addresses are published."
      },
      "geometry": {
        "type": "Polygon",
        "coordinates": [
          [
            [
              -68.750773,
              10.327535
            ],
            [
              -68.748935,
              10.329372
            ],
            [
              -68.747155,
              10.329239
            ],
            [
              -68.745355,
              10.32738
            ],
            [
              -68.745477,
              10.325649
            ],
            [
              -68.747292,
              10.323838
            ],
            [
              -68.749052,
              10.323952
            ],
            [
              -68.750798,
              10.325578
            ],
            [
              -68.750773,
              10.327535
            ]
          ]
        ]
      }
    },
    {
      "type": "Feature",
      "properties": {
        "id": "ops-zone-043",
        "sectorId": "emsr884-aoi08-san-felipe-impact-13",
        "sectorLabel": "San Felipe · Zona de impacto 13",
        "sectorRow": null,
        "sectorCol": null,
        "priority": "low",
        "score": 0,
        "communityReports": null,
        "communityReportsSuppressed": false,
        "communityEvents": {},
        "latestSubmissionDate": null,
        "emsOfficialDestroyedDamaged": 0,
        "emsOfficialPossible": 1,
        "emsMonitorDestroyedDamaged": 0,
        "emsMonitorPossible": 0,
        "externalGapCandidates": null,
        "externalGapSuppressed": false,
        "aoiIds": [
          "emsr884-aoi08-san-felipe"
        ],
        "aoiLabels": [
          "AOI08 San Felipe"
        ],
        "reasons": [],
        "geometryMethod": "official_ems_impact_envelope",
        "geometrySource": "official-ems",
        "overlapPolicy": "source_precedence_non_overlapping",
        "isOfficialDamageBoundary": false,
        "impactEnvelopeBufferDegrees": 0.0035,
        "publicNote": "Operational impact envelope derived from official EMS damaged/possibly damaged feature geometry. Counts remain EMS source-of-record; community, MONIT01, VLM, and external signals are triage only. No names, phones, links, photos, text, exact report points, or addresses are published."
      },
      "geometry": {
        "type": "Polygon",
        "coordinates": [
          [
            [
              -68.770104,
              10.257959
            ],
            [
              -68.768269,
              10.258546
            ],
            [
              -68.765943,
              10.256993
            ],
            [
              -68.765411,
              10.255152
            ],
            [
              -68.766751,
              10.253308
            ],
            [
              -68.768637,
              10.25286
            ],
            [
              -68.770712,
              10.25442
            ],
            [
              -68.77116,
              10.256113
            ],
            [
              -68.770104,
              10.257959
            ]
          ]
        ]
      }
    }
  ]
}
